exp_id,timestep,steps_per_second_actor,episode_length_mean_actor,episode_length_std_actor,episode_length_min_actor,episode_length_max_actor,episode_return_mean_actor,episode_return_std_actor,episode_return_min_actor,episode_return_max_actor,steps_per_second_eval,episode_length_mean_eval,episode_length_std_eval,episode_length_min_eval,episode_length_max_eval,episode_return_mean_eval,episode_return_std_eval,episode_return_min_eval,episode_return_max_eval,adaptive_temperature_trainer,alpha_mean_trainer,alpha_stddev_trainer,kl_mean_trainer,kl_stddev_trainer,kl_nonparametric_trainer,kl_nonparametric_relative_trainer,loss_alpha_mean_trainer,loss_alpha_stddev_trainer,loss_kl_mean_trainer,loss_kl_stddev_trainer,loss_policy_mean_trainer,loss_policy_stddev_trainer,loss_temperature_trainer,steps_per_second_trainer,value_loss_trainer,value_pred_mean_trainer,value_pred_std_trainer,entropy_depth,ess_fraction_depth,mean_td_weights_depth,particles_alive_depth,resample_depth
10,147456,801.295,1000.000,0.000,1000,1000,470.806,96.544,80.684,640.074,889.244,1000.000,0.000,1000.000,1000.000,576.072,97.396,335.111,801.126,12.232,7.698,497.749,0.000,0.000,0.367,1.833,2.309,1.493,0.001,0.000,3.885,3.885,10.942,25.040,14.576,30.091,6.535,"[5.067, 5.059, 5.053, 5.046, 5.04, 5.033, 5.025, 5.016, 5.007, 4.997, 4.987, 4.976, 4.967, 4.959, 4.954, 4.953, 4.956, 4.961, 4.969, 4.976, 4.983, 4.986, 4.987, 4.984, 4.981, 4.976, 4.972, 4.969, 4.967, 4.967, 4.967, 4.968]","[0.983, 0.969, 0.956, 0.944, 0.932, 0.919, 0.904, 0.889, 0.872, 0.855, 0.837, 0.82, 0.805, 0.793, 0.786, 0.786, 0.791, 0.801, 0.814, 0.826, 0.836, 0.841, 0.841, 0.837, 0.83, 0.823, 0.816, 0.811, 0.809, 0.808, 0.809, 0.811]","[0.461, 0.811, 1.113, 1.395, 1.658, 1.896, 2.104, 2.29, 2.459, 2.609, 2.735, 2.827, 2.866, 2.838, 2.713, 2.495, 2.195, 1.83, 1.445, 1.109, 0.844, 0.67, 0.581, 0.554, 0.566, 0.586, 0.599, 0.607, 0.6, 0.583, 0.563, 0.538]","[1.0, 0.999, 0.998, 0.997, 0.997, 0.996, 0.995, 0.994, 0.993, 0.992, 0.991, 0.99, 0.99, 0.989, 0.988, 0.987, 0.986, 0.985, 0.984, 0.984, 0.983, 0.982, 0.981, 0.98, 0.979, 0.978, 0.977, 0.977, 0.976, 0.975, 0.974, 0.973]","[0.0, 0.0, 0.0, 0.0, 0.001, 0.001, 0.001, 0.002, 0.003, 0.006, 0.012, 0.022, 0.036, 0.058, 0.08, 0.1, 0.117, 0.123, 0.116, 0.104, 0.085, 0.068, 0.054, 0.048, 0.048, 0.052, 0.059, 0.067, 0.075, 0.08, 0.084, 0.087]"
10,294912,1159.318,1000.000,0.000,1000,1000,693.813,102.750,406.909,976.606,1205.882,1000.000,0.000,1000.000,1000.000,1138.074,162.071,631.615,1539.759,16.283,3.214,493.249,0.000,0.000,0.306,1.530,0.963,1.480,0.001,0.000,3.846,3.847,16.985,36.229,22.162,59.902,8.195,"[5.066, 5.057, 5.049, 5.042, 5.036, 5.028, 5.021, 5.012, 5.004, 4.996, 4.988, 4.98, 4.972, 4.966, 4.962, 4.959, 4.959, 4.961, 4.966, 4.971, 4.977, 4.982, 4.984, 4.986, 4.985, 4.983, 4.979, 4.976, 4.973, 4.971, 4.969, 4.969]","[0.982, 0.965, 0.949, 0.935, 0.922, 0.908, 0.894, 0.879, 0.864, 0.849, 0.835, 0.821, 0.809, 0.8, 0.793, 0.79, 0.791, 0.796, 0.804, 0.814, 0.824, 0.831, 0.835, 0.837, 0.834, 0.83, 0.824, 0.819, 0.814, 0.81, 0.808, 0.808]","[0.701, 1.253, 1.756, 2.245, 2.717, 3.161, 3.571, 3.944, 4.285, 4.585, 4.835, 5.031, 5.145, 5.164, 5.072, 4.863, 4.519, 4.083, 3.57, 3.053, 2.581, 2.204, 1.95, 1.803, 1.758, 1.778, 1.838, 1.907, 1.96, 1.992, 1.995, 1.971]","[1.0, 0.999, 0.998, 0.997, 0.997, 0.996, 0.995, 0.994, 0.993, 0.992, 0.991, 0.99, 0.99, 0.989, 0.988, 0.987, 0.986, 0.985, 0.984, 0.984, 0.983, 0.982, 0.981, 0.98, 0.979, 0.978, 0.977, 0.977, 0.976, 0.975, 0.974, 0.973]","[0.0, 0.0, 0.0, 0.001, 0.001, 0.002, 0.004, 0.006, 0.009, 0.014, 0.019, 0.027, 0.038, 0.049, 0.064, 0.079, 0.092, 0.103, 0.105, 0.103, 0.093, 0.08, 0.068, 0.056, 0.049, 0.045, 0.046, 0.05, 0.056, 0.063, 0.07, 0.074]"
10,442368,1160.334,1000.000,0.000,1000,1000,1362.860,151.907,1046.709,1774.995,1208.219,1000.000,0.000,1000.000,1000.000,2431.259,215.488,1648.891,2938.809,21.602,0.490,488.749,0.000,0.000,0.552,2.758,0.146,1.466,0.001,0.000,3.638,3.639,37.656,36.260,57.230,123.260,13.874,"[5.059, 5.043, 5.029, 5.017, 5.005, 4.993, 4.982, 4.971, 4.962, 4.955, 4.95, 4.947, 4.945, 4.945, 4.946, 4.948, 4.948, 4.949, 4.949, 4.948, 4.948, 4.948, 4.948, 4.948, 4.948, 4.948, 4.949, 4.949, 4.949, 4.949, 4.949, 4.949]","[0.968, 0.939, 0.913, 0.89, 0.87, 0.85, 0.831, 0.813, 0.799, 0.788, 0.78, 0.775, 0.773, 0.774, 0.776, 0.779, 0.78, 0.781, 0.781, 0.78, 0.779, 0.779, 0.779, 0.779, 0.779, 0.78, 0.78, 0.78, 0.78, 0.78, 0.781, 0.78]","[1.637, 3.019, 4.317, 5.571, 6.771, 7.881, 8.847, 9.579, 10.038, 10.185, 10.05, 9.619, 8.886, 7.904, 6.794, 5.736, 4.822, 4.101, 3.584, 3.259, 3.047, 2.857, 2.71, 2.583, 2.484, 2.416, 2.363, 2.337, 2.324, 2.312, 2.289, 2.291]","[1.0, 0.999, 0.998, 0.997, 0.997, 0.996, 0.995, 0.994, 0.993, 0.992, 0.991, 0.99, 0.99, 0.989, 0.988, 0.987, 0.986, 0.985, 0.984, 0.984, 0.983, 0.982, 0.981, 0.98, 0.979, 0.978, 0.977, 0.977, 0.976, 0.975, 0.974, 0.973]","[0.0, 0.0, 0.002, 0.005, 0.01, 0.019, 0.036, 0.055, 0.076, 0.092, 0.106, 0.119, 0.129, 0.135, 0.132, 0.127, 0.124, 0.119, 0.116, 0.114, 0.118, 0.12, 0.12, 0.119, 0.119, 0.118, 0.117, 0.117, 0.116, 0.117, 0.115, 0.118]"
10,589824,1156.655,1000.000,0.000,1000,1000,2376.705,217.739,1038.511,2860.535,1205.751,1000.000,0.000,1000.000,1000.000,3050.701,165.005,2580.484,3464.978,26.345,0.051,484.249,0.000,0.000,0.494,2.468,0.015,1.452,0.000,0.000,3.256,3.256,72.059,36.145,62.509,230.055,15.980,"[5.064, 5.054, 5.044, 5.035, 5.027, 5.018, 5.008, 4.999, 4.989, 4.979, 4.971, 4.963, 4.956, 4.951, 4.947, 4.946, 4.946, 4.948, 4.95, 4.953, 4.955, 4.957, 4.958, 4.958, 4.957, 4.955, 4.954, 4.952, 4.951, 4.95, 4.949, 4.949]","[0.978, 0.959, 0.942, 0.926, 0.911, 0.897, 0.881, 0.866, 0.851, 0.836, 0.823, 0.811, 0.801, 0.793, 0.789, 0.786, 0.787, 0.789, 0.792, 0.796, 0.799, 0.802, 0.803, 0.802, 0.801, 0.799, 0.796, 0.794, 0.792, 0.791, 0.79, 0.791]","[2.816, 5.259, 7.63, 9.938, 12.187, 14.367, 16.487, 18.551, 20.532, 22.394, 24.048, 25.478, 26.574, 27.269, 27.465, 27.11, 26.142, 24.745, 22.987, 20.955, 18.789, 16.751, 15.085, 13.781, 12.853, 12.335, 12.068, 11.952, 11.938, 11.879, 11.814, 11.671]","[1.0, 0.999, 0.998, 0.997, 0.997, 0.996, 0.995, 0.994, 0.993, 0.992, 0.991, 0.99, 0.99, 0.989, 0.988, 0.987, 0.986, 0.985, 0.984, 0.984, 0.983, 0.982, 0.981, 0.98, 0.979, 0.978, 0.977, 0.977, 0.976, 0.975, 0.974, 0.973]","[0.0, 0.0, 0.0, 0.001, 0.001, 0.002, 0.004, 0.007, 0.012, 0.02, 0.028, 0.039, 0.05, 0.062, 0.075, 0.087, 0.093, 0.097, 0.099, 0.098, 0.093, 0.086, 0.08, 0.078, 0.073, 0.073, 0.076, 0.077, 0.08, 0.082, 0.086, 0.087]"
10,737280,1157.664,1000.000,0.000,1000,1000,2994.406,165.883,2598.607,3390.345,1208.500,1000.000,0.000,1000.000,1000.000,3467.559,170.219,2995.387,3875.663,29.912,0.007,479.749,0.000,0.000,0.308,1.542,0.002,1.439,0.000,0.000,2.969,2.969,95.226,36.177,55.433,304.009,13.295,"[5.068, 5.062, 5.056, 5.051, 5.045, 5.039, 5.033, 5.026, 5.019, 5.012, 5.005, 4.997, 4.989, 4.981, 4.974, 4.966, 4.959, 4.952, 4.948, 4.945, 4.944, 4.945, 4.948, 4.953, 4.959, 4.965, 4.971, 4.975, 4.977, 4.977, 4.976, 4.973]","[0.987, 0.975, 0.964, 0.954, 0.944, 0.933, 0.923, 0.912, 0.901, 0.889, 0.878, 0.866, 0.854, 0.842, 0.83, 0.819, 0.808, 0.799, 0.792, 0.788, 0.787, 0.789, 0.794, 0.801, 0.809, 0.818, 0.826, 0.832, 0.834, 0.835, 0.832, 0.828]","[3.523, 6.632, 9.66, 12.628, 15.536, 18.385, 21.185, 23.946, 26.668, 29.357, 32.015, 34.634, 37.208, 39.712, 42.136, 44.41, 46.465, 48.181, 49.328, 49.794, 49.42, 48.083, 45.72, 42.419, 38.559, 34.395, 30.428, 26.933, 24.264, 22.402, 21.43, 21.223]","[1.0, 0.999, 0.998, 0.997, 0.997, 0.996, 0.995, 0.994, 0.993, 0.992, 0.991, 0.99, 0.99, 0.989, 0.988, 0.987, 0.986, 0.985, 0.984, 0.984, 0.983, 0.982, 0.981, 0.98, 0.979, 0.978, 0.977, 0.977, 0.976, 0.975, 0.974, 0.973]","[0.0, 0.0, 0.0, 0.0, 0.0, 0.0, 0.001, 0.001, 0.002, 0.002, 0.002, 0.003, 0.005, 0.006, 0.009, 0.014, 0.02, 0.03, 0.041, 0.054, 0.067, 0.08, 0.09, 0.094, 0.094, 0.087, 0.078, 0.064, 0.054, 0.043, 0.035, 0.032]"
10,884736,1156.555,1000.000,0.000,1000,1000,3407.735,160.776,3005.876,3876.434,1206.090,1000.000,0.000,1000.000,1000.000,3758.618,187.708,3159.990,4269.219,33.406,0.001,475.249,0.000,0.000,0.238,1.191,0.000,1.425,0.000,0.000,2.748,2.747,109.351,36.142,51.522,350.634,12.878,"[5.07, 5.066, 5.062, 5.058, 5.053, 5.049, 5.045, 5.04, 5.035, 5.03, 5.024, 5.018, 5.012, 5.006, 4.999, 4.993, 4.986, 4.979, 4.972, 4.966, 4.959, 4.954, 4.949, 4.946, 4.944, 4.944, 4.946, 4.949, 4.954, 4.96, 4.967, 4.973]","[0.991, 0.982, 0.974, 0.966, 0.959, 0.952, 0.944, 0.935, 0.927, 0.918, 0.909, 0.9, 0.89, 0.88, 0.87, 0.859, 0.849, 0.838, 0.828, 0.818, 0.809, 0.801, 0.795, 0.79, 0.788, 0.788, 0.791, 0.797, 0.804, 0.813, 0.823, 0.831]","[3.906, 7.391, 10.794, 14.14, 17.438, 20.693, 23.903, 27.075, 30.222, 33.353, 36.462, 39.553, 42.61, 45.642, 48.648, 51.615, 54.527, 57.373, 60.099, 62.683, 65.019, 67.015, 68.475, 69.326, 69.237, 68.057, 65.88, 62.706, 58.661, 53.943, 48.932, 44.091]","[1.0, 0.999, 0.998, 0.997, 0.997, 0.996, 0.995, 0.994, 0.993, 0.992, 0.991, 0.99, 0.99, 0.989, 0.988, 0.987, 0.986, 0.985, 0.984, 0.984, 0.983, 0.982, 0.981, 0.98, 0.979, 0.978, 0.977, 0.977, 0.976, 0.975, 0.974, 0.973]","[0.0, 0.0, 0.0, 0.0, 0.0, 0.0, 0.0, 0.0, 0.0, 0.0, 0.0, 0.0, 0.001, 0.001, 0.001, 0.002, 0.003, 0.005, 0.008, 0.011, 0.015, 0.022, 0.03, 0.04, 0.052, 0.062, 0.071, 0.078, 0.081, 0.081, 0.077, 0.071]"
10,1032192,1157.397,1000.000,0.000,1000,1000,3769.683,200.958,3172.888,4296.842,1208.439,1000.000,0.000,1000.000,1000.000,4066.145,149.561,3605.757,4437.447,35.424,0.000,470.749,0.000,0.000,0.201,1.007,0.000,1.412,0.000,0.000,2.559,2.558,120.393,36.169,49.148,380.638,12.926,"[5.071, 5.067, 5.064, 5.06, 5.057, 5.053, 5.05, 5.046, 5.041, 5.037, 5.032, 5.027, 5.022, 5.017, 5.011, 5.005, 4.999, 4.993, 4.987, 4.981, 4.975, 4.969, 4.963, 4.957, 4.952, 4.948, 4.945, 4.943, 4.943, 4.945, 4.948, 4.953]","[0.992, 0.985, 0.978, 0.972, 0.966, 0.959, 0.953, 0.946, 0.939, 0.931, 0.923, 0.915, 0.907, 0.898, 0.89, 0.881, 0.871, 0.862, 0.853, 0.844, 0.835, 0.826, 0.817, 0.809, 0.802, 0.796, 0.792, 0.79, 0.79, 0.793, 0.798, 0.806]","[4.211, 7.96, 11.663, 15.308, 18.899, 22.436, 25.932, 29.395, 32.832, 36.239, 39.622, 42.979, 46.315, 49.627, 52.91, 56.164, 59.388, 62.569, 65.704, 68.774, 71.762, 74.638, 77.373, 79.84, 81.918, 83.532, 84.353, 84.236, 83.121, 80.915, 77.56, 73.119]","[1.0, 0.998, 0.997, 0.995, 0.993, 0.991, 0.99, 0.988, 0.986, 0.984, 0.983, 0.981, 0.979, 0.977, 0.976, 0.974, 0.972, 0.97, 0.969, 0.967, 0.965, 0.964, 0.962, 0.96, 0.958, 0.957, 0.955, 0.953, 0.951, 0.95, 0.948, 0.946]","[0.0, 0.0, 0.0, 0.0, 0.0, 0.0, 0.0, 0.0, 0.0, 0.0, 0.0, 0.0, 0.001, 0.001, 0.001, 0.001, 0.002, 0.003, 0.003, 0.004, 0.005, 0.007, 0.01, 0.014, 0.019, 0.027, 0.035, 0.044, 0.053, 0.062, 0.07, 0.075]"
10,1179648,1158.063,1000.000,0.000,1000,1000,4142.355,166.373,3767.810,4484.789,1205.684,1000.000,0.000,1000.000,1000.000,4244.984,384.535,559.723,4632.516,35.322,0.000,466.249,0.000,0.000,0.199,0.996,0.000,1.398,0.000,0.000,2.370,2.369,129.447,36.189,49.944,408.923,13.298,"[5.071, 5.067, 5.064, 5.06, 5.057, 5.053, 5.049, 5.046, 5.042, 5.037, 5.033, 5.028, 5.023, 5.018, 5.012, 5.006, 5.001, 4.995, 4.989, 4.982, 4.976, 4.97, 4.964, 4.958, 4.953, 4.948, 4.945, 4.942, 4.941, 4.942, 4.945, 4.949]","[0.992, 0.985, 0.978, 0.972, 0.965, 0.959, 0.953, 0.946, 0.939, 0.932, 0.925, 0.917, 0.909, 0.9, 0.892, 0.883, 0.874, 0.864, 0.855, 0.846, 0.837, 0.828, 0.819, 0.811, 0.803, 0.797, 0.792, 0.789, 0.788, 0.79, 0.794, 0.8]","[4.554, 8.628, 12.66, 16.635, 20.553, 24.426, 28.261, 32.072, 35.853, 39.61, 43.341, 47.052, 50.745, 54.41, 58.045, 61.653, 65.225, 68.746, 72.222, 75.624, 78.95, 82.171, 85.221, 88.024, 90.49, 92.404, 93.639, 93.948, 93.115, 91.089, 87.881, 83.529]","[1.0, 0.999, 0.998, 0.997, 0.997, 0.996, 0.995, 0.994, 0.993, 0.992, 0.991, 0.99, 0.99, 0.989, 0.988, 0.987, 0.986, 0.985, 0.984, 0.984, 0.983, 0.982, 0.981, 0.98, 0.979, 0.978, 0.977, 0.977, 0.976, 0.975, 0.974, 0.973]","[0.0, 0.0, 0.0, 0.0, 0.0, 0.0, 0.0, 0.0, 0.0, 0.0, 0.0, 0.0, 0.001, 0.001, 0.001, 0.002, 0.002, 0.003, 0.004, 0.004, 0.005, 0.007, 0.01, 0.013, 0.018, 0.024, 0.032, 0.042, 0.051, 0.059, 0.067, 0.073]"
10,1327104,1159.374,1000.000,0.000,1000,1000,4306.687,221.554,2613.997,4614.269,1208.179,1000.000,0.000,1000.000,1000.000,4491.693,159.029,4073.985,4975.477,34.881,0.000,461.749,0.000,0.000,0.198,0.990,0.000,1.385,0.000,0.000,2.186,2.185,137.064,36.230,47.266,433.515,15.217,"[5.072, 5.068, 5.064, 5.061, 5.058, 5.055, 5.051, 5.048, 5.044, 5.04, 5.036, 5.032, 5.027, 5.022, 5.017, 5.012, 5.006, 5.0, 4.995, 4.989, 4.983, 4.977, 4.97, 4.965, 4.959, 4.954, 4.949, 4.945, 4.942, 4.941, 4.941, 4.943]","[0.993, 0.986, 0.979, 0.974, 0.968, 0.963, 0.957, 0.951, 0.945, 0.938, 0.931, 0.924, 0.917, 0.909, 0.901, 0.892, 0.884, 0.875, 0.866, 0.857, 0.848, 0.839, 0.83, 0.822, 0.814, 0.806, 0.799, 0.794, 0.791, 0.789, 0.79, 0.794]","[4.779, 9.058, 13.279, 17.455, 21.587, 25.684, 29.745, 33.777, 37.788, 41.776, 45.738, 49.682, 53.602, 57.499, 61.365, 65.21, 69.022, 72.805, 76.541, 80.214, 83.838, 87.37, 90.784, 94.013, 97.003, 99.696, 101.882, 103.343, 103.993, 103.454, 101.793, 98.785]","[1.0, 0.999, 0.998, 0.997, 0.997, 0.996, 0.995, 0.994, 0.993, 0.992, 0.991, 0.99, 0.99, 0.989, 0.988, 0.987, 0.986, 0.985, 0.984, 0.984, 0.983, 0.982, 0.981, 0.98, 0.979, 0.978, 0.977, 0.977, 0.976, 0.975, 0.974, 0.973]","[0.0, 0.001, 0.001, 0.001, 0.001, 0.002, 0.002, 0.002, 0.003, 0.003, 0.003, 0.003, 0.003, 0.003, 0.004, 0.004, 0.004, 0.005, 0.005, 0.006, 0.007, 0.008, 0.009, 0.012, 0.014, 0.019, 0.025, 0.031, 0.04, 0.048, 0.057, 0.063]"
10,1474560,1158.559,1000.000,0.000,1000,1000,4543.079,159.284,4147.390,4940.177,1205.705,1000.000,0.000,1000.000,1000.000,4715.960,114.837,4357.798,5027.738,33.460,0.000,457.249,0.000,0.000,0.192,0.962,0.000,1.371,0.000,0.000,2.010,2.009,145.079,36.205,41.790,457.399,12.578,"[5.072, 5.068, 5.065, 5.061, 5.058, 5.055, 5.052, 5.048, 5.044, 5.04, 5.036, 5.032, 5.027, 5.022, 5.017, 5.011, 5.006, 5.0, 4.994, 4.988, 4.982, 4.976, 4.97, 4.964, 4.958, 4.953, 4.948, 4.944, 4.942, 4.941, 4.941, 4.943]","[0.993, 0.986, 0.98, 0.974, 0.969, 0.963, 0.957, 0.951, 0.945, 0.938, 0.931, 0.924, 0.917, 0.909, 0.901, 0.892, 0.883, 0.875, 0.866, 0.856, 0.847, 0.838, 0.83, 0.821, 0.813, 0.805, 0.799, 0.794, 0.791, 0.79, 0.791, 0.794]","[5.081, 9.647, 14.15, 18.6, 23.015, 27.393, 31.732, 36.039, 40.319, 44.573, 48.81, 53.022, 57.207, 61.368, 65.5, 69.597, 73.661, 77.681, 81.664, 85.572, 89.414, 93.163, 96.774, 100.194, 103.352, 106.104, 108.254, 109.615, 110.062, 109.358, 107.421, 104.214]","[1.0, 0.999, 0.998, 0.997, 0.997, 0.996, 0.995, 0.994, 0.993, 0.992, 0.991, 0.99, 0.99, 0.989, 0.988, 0.987, 0.986, 0.985, 0.984, 0.984, 0.983, 0.982, 0.981, 0.98, 0.979, 0.978, 0.977, 0.977, 0.976, 0.975, 0.974, 0.973]","[0.0, 0.0, 0.0, 0.0, 0.0, 0.0, 0.0, 0.001, 0.001, 0.001, 0.001, 0.001, 0.001, 0.001, 0.002, 0.002, 0.002, 0.003, 0.003, 0.004, 0.005, 0.006, 0.008, 0.01, 0.013, 0.018, 0.024, 0.031, 0.039, 0.047, 0.055, 0.062]"
10,1622016,1158.932,1000.000,0.000,1000,1000,4696.693,120.040,4379.932,5041.175,1208.266,1000.000,0.000,1000.000,1000.000,4920.814,141.956,4459.087,5294.167,31.600,0.000,452.749,0.000,0.000,0.197,0.986,0.000,1.358,0.000,0.000,1.831,1.830,151.979,36.217,39.460,478.182,12.042,"[5.072, 5.068, 5.064, 5.061, 5.058, 5.055, 5.051, 5.048, 5.044, 5.04, 5.036, 5.031, 5.026, 5.021, 5.016, 5.011, 5.005, 4.999, 4.993, 4.987, 4.981, 4.975, 4.968, 4.962, 4.957, 4.952, 4.947, 4.944, 4.942, 4.941, 4.942, 4.944]","[0.993, 0.986, 0.98, 0.974, 0.968, 0.962, 0.957, 0.951, 0.944, 0.938, 0.931, 0.924, 0.916, 0.908, 0.9, 0.892, 0.883, 0.874, 0.865, 0.856, 0.847, 0.838, 0.829, 0.82, 0.812, 0.805, 0.799, 0.794, 0.792, 0.791, 0.792, 0.795]","[5.273, 10.029, 14.737, 19.4, 24.018, 28.59, 33.129, 37.639, 42.13, 46.594, 51.038, 55.453, 59.848, 64.216, 68.565, 72.884, 77.158, 81.383, 85.576, 89.694, 93.755, 97.684, 101.463, 105.024, 108.168, 110.857, 112.877, 114.013, 114.16, 113.015, 110.552, 106.96]","[1.0, 0.999, 0.998, 0.997, 0.997, 0.996, 0.995, 0.994, 0.993, 0.992, 0.991, 0.99, 0.99, 0.989, 0.988, 0.987, 0.986, 0.985, 0.984, 0.984, 0.983, 0.982, 0.981, 0.98, 0.979, 0.978, 0.977, 0.977, 0.976, 0.975, 0.974, 0.973]","[0.0, 0.0, 0.0, 0.0, 0.0, 0.0, 0.001, 0.001, 0.001, 0.001, 0.001, 0.001, 0.001, 0.001, 0.001, 0.002, 0.002, 0.003, 0.003, 0.004, 0.005, 0.006, 0.008, 0.012, 0.015, 0.02, 0.027, 0.033, 0.042, 0.05, 0.057, 0.062]"
10,1769472,1158.887,1000.000,0.000,1000,1000,4883.447,155.316,4498.874,5270.316,1206.148,1000.000,0.000,1000.000,1000.000,5087.629,135.102,4660.965,5390.905,30.560,0.000,448.249,0.000,0.000,0.199,0.994,0.000,1.344,0.000,0.000,1.648,1.647,157.863,36.215,37.044,498.528,11.570,"[5.072, 5.068, 5.064, 5.061, 5.058, 5.055, 5.051, 5.048, 5.044, 5.04, 5.036, 5.032, 5.027, 5.022, 5.017, 5.012, 5.006, 5.0, 4.994, 4.988, 4.982, 4.976, 4.97, 4.964, 4.958, 4.953, 4.948, 4.944, 4.942, 4.94, 4.941, 4.942]","[0.993, 0.986, 0.979, 0.974, 0.968, 0.963, 0.957, 0.951, 0.945, 0.939, 0.932, 0.925, 0.918, 0.91, 0.902, 0.893, 0.885, 0.876, 0.867, 0.858, 0.849, 0.84, 0.831, 0.822, 0.814, 0.807, 0.8, 0.795, 0.792, 0.79, 0.791, 0.793]","[5.48, 10.421, 15.314, 20.164, 24.967, 29.732, 34.469, 39.169, 43.846, 48.499, 53.136, 57.752, 62.341, 66.907, 71.446, 75.955, 80.424, 84.844, 89.218, 93.537, 97.791, 101.957, 105.955, 109.711, 113.162, 116.126, 118.461, 119.902, 120.353, 119.598, 117.612, 114.184]","[1.0, 0.999, 0.998, 0.997, 0.997, 0.996, 0.995, 0.994, 0.993, 0.992, 0.991, 0.99, 0.99, 0.989, 0.988, 0.987, 0.986, 0.985, 0.984, 0.984, 0.983, 0.982, 0.981, 0.98, 0.979, 0.978, 0.977, 0.977, 0.976, 0.975, 0.974, 0.973]","[0.0, 0.0, 0.0, 0.0, 0.0, 0.001, 0.001, 0.001, 0.001, 0.001, 0.001, 0.001, 0.001, 0.002, 0.002, 0.002, 0.003, 0.003, 0.004, 0.004, 0.005, 0.006, 0.008, 0.011, 0.014, 0.019, 0.025, 0.032, 0.04, 0.047, 0.056, 0.061]"
10,1916928,1159.804,1000.000,0.000,1000,1000,5027.156,133.491,4732.678,5302.720,1208.379,1000.000,0.000,1000.000,1000.000,5190.062,128.316,4901.628,5478.532,29.627,0.000,443.749,0.001,0.000,0.204,1.021,0.000,1.331,0.000,0.000,1.470,1.469,162.523,36.244,36.360,514.879,13.659,"[5.071, 5.067, 5.063, 5.06, 5.057, 5.053, 5.05, 5.047, 5.043, 5.039, 5.034, 5.03, 5.025, 5.02, 5.015, 5.01, 5.004, 4.999, 4.993, 4.987, 4.981, 4.975, 4.969, 4.963, 4.957, 4.952, 4.947, 4.943, 4.941, 4.939, 4.939, 4.94]","[0.993, 0.985, 0.979, 0.973, 0.968, 0.962, 0.957, 0.951, 0.945, 0.938, 0.932, 0.925, 0.917, 0.91, 0.902, 0.894, 0.885, 0.877, 0.868, 0.859, 0.85, 0.841, 0.832, 0.823, 0.815, 0.808, 0.801, 0.796, 0.793, 0.791, 0.79, 0.792]","[5.634, 10.712, 15.733, 20.713, 25.673, 30.586, 35.458, 40.308, 45.125, 49.919, 54.692, 59.449, 64.174, 68.877, 73.539, 78.196, 82.798, 87.366, 91.877, 96.333, 100.738, 105.004, 109.139, 113.007, 116.517, 119.526, 121.847, 123.407, 123.898, 123.281, 121.493, 118.419]","[1.0, 0.999, 0.998, 0.997, 0.997, 0.996, 0.995, 0.994, 0.993, 0.992, 0.991, 0.99, 0.99, 0.989, 0.988, 0.987, 0.986, 0.985, 0.984, 0.984, 0.983, 0.982, 0.981, 0.98, 0.979, 0.977, 0.976, 0.974, 0.972, 0.97, 0.969, 0.967]","[0.0, 0.001, 0.002, 0.003, 0.003, 0.003, 0.004, 0.004, 0.004, 0.004, 0.005, 0.005, 0.005, 0.005, 0.005, 0.006, 0.006, 0.007, 0.007, 0.007, 0.008, 0.009, 0.012, 0.014, 0.018, 0.023, 0.028, 0.035, 0.041, 0.048, 0.055, 0.062]"
10,2064384,1158.476,1000.000,0.000,1000,1000,5203.372,249.426,1986.508,5688.412,1208.657,1000.000,0.000,1000.000,1000.000,5355.961,138.441,4955.329,5656.719,29.667,0.000,439.249,0.000,0.000,0.189,0.943,0.000,1.317,0.000,0.000,1.304,1.303,166.739,36.202,33.038,529.055,13.830,"[5.072, 5.068, 5.065, 5.062, 5.059, 5.056, 5.053, 5.05, 5.047, 5.043, 5.039, 5.035, 5.031, 5.026, 5.021, 5.016, 5.011, 5.005, 5.0, 4.994, 4.988, 4.982, 4.976, 4.97, 4.964, 4.958, 4.953, 4.949, 4.945, 4.943, 4.941, 4.941]","[0.994, 0.987, 0.981, 0.976, 0.971, 0.966, 0.96, 0.955, 0.949, 0.943, 0.937, 0.931, 0.924, 0.917, 0.909, 0.901, 0.893, 0.885, 0.876, 0.868, 0.859, 0.85, 0.841, 0.833, 0.825, 0.817, 0.81, 0.803, 0.799, 0.795, 0.793, 0.794]","[5.776, 10.982, 16.13, 21.232, 26.295, 31.309, 36.281, 41.223, 46.136, 51.023, 55.88, 60.718, 65.518, 70.293, 75.038, 79.75, 84.428, 89.064, 93.657, 98.193, 102.687, 107.07, 111.335, 115.436, 119.274, 122.803, 125.832, 128.271, 129.847, 130.389, 129.863, 127.94]","[1.0, 0.998, 0.997, 0.995, 0.993, 0.991, 0.99, 0.988, 0.986, 0.984, 0.983, 0.981, 0.979, 0.977, 0.976, 0.974, 0.972, 0.97, 0.969, 0.967, 0.965, 0.964, 0.962, 0.96, 0.958, 0.957, 0.957, 0.956, 0.955, 0.954, 0.953, 0.952]","[0.0, 0.0, 0.0, 0.0, 0.0, 0.0, 0.001, 0.001, 0.001, 0.001, 0.001, 0.001, 0.001, 0.001, 0.002, 0.002, 0.002, 0.002, 0.003, 0.003, 0.004, 0.005, 0.006, 0.008, 0.01, 0.013, 0.017, 0.023, 0.029, 0.036, 0.043, 0.05]"
10,2211840,1160.185,1000.000,0.000,1000,1000,5382.904,137.894,4983.381,5783.079,1208.203,1000.000,0.000,1000.000,1000.000,5474.586,137.328,5073.223,5767.331,28.047,0.000,434.749,0.000,0.000,0.197,0.987,0.000,1.304,0.000,0.000,1.143,1.142,170.780,36.256,32.224,543.231,11.619,"[5.072, 5.068, 5.064, 5.061, 5.058, 5.055, 5.052, 5.048, 5.044, 5.04, 5.036, 5.032, 5.027, 5.022, 5.017, 5.011, 5.006, 5.0, 4.994, 4.988, 4.981, 4.975, 4.969, 4.963, 4.957, 4.951, 4.947, 4.943, 4.94, 4.939, 4.938, 4.94]","[0.993, 0.986, 0.98, 0.974, 0.969, 0.963, 0.958, 0.952, 0.946, 0.94, 0.933, 0.926, 0.919, 0.911, 0.903, 0.894, 0.886, 0.877, 0.868, 0.859, 0.85, 0.84, 0.831, 0.823, 0.814, 0.807, 0.801, 0.795, 0.791, 0.79, 0.79, 0.791]","[5.946, 11.339, 16.694, 21.988, 27.248, 32.466, 37.646, 42.794, 47.917, 53.012, 58.084, 63.132, 68.152, 73.14, 78.099, 83.024, 87.903, 92.737, 97.529, 102.261, 106.923, 111.453, 115.804, 119.848, 123.538, 126.707, 129.125, 130.726, 131.201, 130.337, 128.083, 124.548]","[1.0, 0.999, 0.998, 0.997, 0.997, 0.996, 0.995, 0.994, 0.993, 0.992, 0.991, 0.99, 0.99, 0.989, 0.988, 0.987, 0.986, 0.985, 0.984, 0.984, 0.983, 0.982, 0.981, 0.98, 0.979, 0.978, 0.977, 0.977, 0.976, 0.975, 0.974, 0.973]","[0.0, 0.0, 0.0, 0.0, 0.001, 0.001, 0.001, 0.001, 0.001, 0.002, 0.002, 0.002, 0.002, 0.002, 0.002, 0.003, 0.003, 0.004, 0.004, 0.004, 0.006, 0.007, 0.009, 0.012, 0.015, 0.021, 0.026, 0.032, 0.04, 0.048, 0.054, 0.062]"
10,2359296,1160.678,1000.000,0.000,1000,1000,5493.052,120.633,5156.240,5766.751,1208.927,1000.000,0.000,1000.000,1000.000,5608.723,126.324,5272.228,5962.316,27.218,0.000,430.249,0.000,0.000,0.196,0.980,0.000,1.290,0.000,0.000,0.987,0.985,174.748,36.271,29.666,555.753,11.252,"[5.072, 5.068, 5.065, 5.062, 5.059, 5.056, 5.053, 5.05, 5.046, 5.042, 5.038, 5.034, 5.03, 5.025, 5.02, 5.015, 5.009, 5.003, 4.997, 4.991, 4.985, 4.979, 4.972, 4.966, 4.96, 4.955, 4.95, 4.946, 4.942, 4.94, 4.94, 4.94]","[0.993, 0.986, 0.98, 0.975, 0.97, 0.965, 0.96, 0.954, 0.949, 0.943, 0.937, 0.93, 0.923, 0.915, 0.907, 0.899, 0.891, 0.882, 0.873, 0.864, 0.855, 0.846, 0.836, 0.828, 0.819, 0.811, 0.804, 0.798, 0.794, 0.792, 0.791, 0.792]","[6.055, 11.559, 17.028, 22.452, 27.839, 33.19, 38.508, 43.788, 49.045, 54.283, 59.498, 64.689, 69.857, 74.994, 80.102, 85.175, 90.203, 95.195, 100.157, 105.034, 109.85, 114.561, 119.074, 123.275, 127.189, 130.561, 133.287, 135.11, 135.844, 135.408, 133.577, 130.257]","[1.0, 0.999, 0.998, 0.997, 0.997, 0.996, 0.995, 0.994, 0.993, 0.992, 0.991, 0.99, 0.99, 0.989, 0.988, 0.987, 0.986, 0.985, 0.984, 0.984, 0.983, 0.982, 0.981, 0.98, 0.979, 0.978, 0.977, 0.977, 0.976, 0.975, 0.974, 0.973]","[0.0, 0.0, 0.0, 0.001, 0.001, 0.001, 0.001, 0.001, 0.001, 0.001, 0.002, 0.002, 0.002, 0.002, 0.002, 0.003, 0.003, 0.003, 0.004, 0.004, 0.005, 0.007, 0.009, 0.011, 0.015, 0.019, 0.024, 0.031, 0.038, 0.045, 0.053, 0.059]"
10,2506752,1162.208,1000.000,0.000,1000,1000,5572.879,127.967,5231.889,5846.627,1207.950,1000.000,0.000,1000.000,1000.000,5675.507,128.880,5418.136,6024.059,26.879,0.000,425.749,0.000,0.000,0.203,1.014,0.000,1.277,0.000,0.000,0.835,0.834,178.743,36.319,30.172,567.477,11.099,"[5.072, 5.068, 5.064, 5.061, 5.058, 5.055, 5.052, 5.049, 5.045, 5.041, 5.037, 5.033, 5.028, 5.023, 5.018, 5.013, 5.007, 5.001, 4.995, 4.989, 4.982, 4.976, 4.97, 4.963, 4.958, 4.952, 4.947, 4.943, 4.94, 4.938, 4.938, 4.938]","[0.993, 0.986, 0.979, 0.974, 0.969, 0.964, 0.959, 0.953, 0.947, 0.941, 0.935, 0.928, 0.921, 0.913, 0.905, 0.897, 0.888, 0.879, 0.87, 0.861, 0.852, 0.843, 0.834, 0.825, 0.816, 0.809, 0.802, 0.796, 0.792, 0.79, 0.789, 0.79]","[6.192, 11.819, 17.402, 22.932, 28.433, 33.888, 39.31, 44.705, 50.072, 55.412, 60.723, 66.012, 71.271, 76.503, 81.697, 86.867, 91.985, 97.067, 102.099, 107.059, 111.904, 116.629, 121.151, 125.408, 129.185, 132.433, 134.993, 136.744, 137.198, 136.114, 133.927, 130.414]","[1.0, 0.999, 0.998, 0.997, 0.997, 0.996, 0.995, 0.994, 0.993, 0.992, 0.991, 0.99, 0.99, 0.989, 0.988, 0.987, 0.986, 0.985, 0.984, 0.984, 0.983, 0.982, 0.981, 0.98, 0.979, 0.978, 0.977, 0.977, 0.976, 0.975, 0.974, 0.973]","[0.0, 0.0, 0.0, 0.001, 0.001, 0.001, 0.001, 0.001, 0.001, 0.001, 0.002, 0.002, 0.002, 0.002, 0.002, 0.003, 0.003, 0.003, 0.004, 0.005, 0.006, 0.007, 0.009, 0.013, 0.016, 0.02, 0.025, 0.033, 0.042, 0.047, 0.054, 0.061]"
10,2654208,1160.446,1000.000,0.000,1000,1000,5678.150,128.419,5103.017,5937.124,1208.552,1000.000,0.000,1000.000,1000.000,5759.734,113.214,5486.921,5977.607,27.017,0.000,421.249,0.001,0.000,0.198,0.991,0.000,1.263,0.000,0.000,0.682,0.680,181.782,36.264,30.142,578.530,11.595,"[5.072, 5.068, 5.064, 5.061, 5.058, 5.055, 5.052, 5.049, 5.046, 5.042, 5.038, 5.034, 5.03, 5.025, 5.02, 5.015, 5.01, 5.004, 4.998, 4.992, 4.986, 4.98, 4.974, 4.967, 4.962, 4.956, 4.951, 4.946, 4.942, 4.939, 4.938, 4.937]","[0.994, 0.986, 0.981, 0.975, 0.97, 0.966, 0.961, 0.955, 0.95, 0.944, 0.938, 0.932, 0.925, 0.917, 0.91, 0.902, 0.894, 0.885, 0.876, 0.867, 0.858, 0.849, 0.84, 0.831, 0.823, 0.815, 0.807, 0.801, 0.796, 0.792, 0.79, 0.79]","[6.275, 11.972, 17.628, 23.252, 28.843, 34.388, 39.894, 45.387, 50.847, 56.294, 61.696, 67.092, 72.453, 77.788, 83.094, 88.377, 93.619, 98.831, 103.981, 109.093, 114.119, 119.027, 123.799, 128.317, 132.511, 136.252, 139.473, 141.993, 143.482, 143.937, 143.012, 140.631]","[1.0, 0.999, 0.998, 0.997, 0.997, 0.996, 0.995, 0.994, 0.993, 0.992, 0.991, 0.99, 0.99, 0.989, 0.988, 0.987, 0.986, 0.985, 0.984, 0.984, 0.983, 0.982, 0.981, 0.98, 0.979, 0.978, 0.977, 0.977, 0.976, 0.975, 0.974, 0.973]","[0.0, 0.001, 0.001, 0.001, 0.001, 0.002, 0.002, 0.002, 0.002, 0.002, 0.002, 0.002, 0.002, 0.002, 0.002, 0.003, 0.003, 0.003, 0.004, 0.005, 0.005, 0.006, 0.008, 0.01, 0.013, 0.017, 0.021, 0.027, 0.033, 0.04, 0.047, 0.053]"
10,2801664,1159.059,1000.000,0.000,1000,1000,5752.420,127.503,5319.170,6021.847,1207.943,1000.000,0.000,1000.000,1000.000,5844.398,132.204,5487.478,6155.042,26.193,0.000,416.749,0.000,0.000,0.199,0.995,0.000,1.250,0.000,0.000,0.547,0.546,185.169,36.221,27.311,587.990,10.600,"[5.072, 5.068, 5.065, 5.062, 5.059, 5.056, 5.053, 5.05, 5.046, 5.043, 5.039, 5.035, 5.03, 5.025, 5.02, 5.015, 5.01, 5.004, 4.998, 4.992, 4.986, 4.979, 4.973, 4.967, 4.961, 4.955, 4.95, 4.946, 4.942, 4.939, 4.938, 4.938]","[0.994, 0.987, 0.981, 0.976, 0.971, 0.966, 0.96, 0.955, 0.95, 0.944, 0.938, 0.931, 0.924, 0.917, 0.909, 0.901, 0.892, 0.884, 0.875, 0.866, 0.857, 0.848, 0.838, 0.829, 0.821, 0.813, 0.806, 0.8, 0.795, 0.791, 0.79, 0.79]","[6.393, 12.205, 17.981, 23.722, 29.421, 35.069, 40.684, 46.27, 51.832, 57.372, 62.885, 68.364, 73.821, 79.246, 84.643, 90.007, 95.339, 100.621, 105.868, 111.054, 116.171, 121.099, 125.889, 130.456, 134.63, 138.342, 141.418, 143.695, 144.862, 144.938, 143.593, 140.708]","[1.0, 0.999, 0.998, 0.997, 0.997, 0.996, 0.995, 0.994, 0.993, 0.992, 0.991, 0.99, 0.99, 0.989, 0.988, 0.987, 0.986, 0.985, 0.984, 0.984, 0.983, 0.982, 0.981, 0.98, 0.979, 0.978, 0.977, 0.977, 0.976, 0.975, 0.974, 0.973]","[0.0, 0.0, 0.001, 0.001, 0.001, 0.001, 0.001, 0.002, 0.002, 0.002, 0.002, 0.002, 0.002, 0.003, 0.003, 0.003, 0.004, 0.004, 0.004, 0.005, 0.006, 0.007, 0.009, 0.011, 0.014, 0.018, 0.023, 0.029, 0.035, 0.042, 0.05, 0.056]"
10,2949120,1160.077,1000.000,0.000,1000,1000,5868.321,120.851,5543.678,6171.370,1208.476,1000.000,0.000,1000.000,1000.000,5930.313,125.769,5448.426,6241.376,25.919,0.000,412.249,0.000,0.000,0.197,0.986,0.000,1.236,0.000,0.000,0.416,0.415,187.687,36.252,26.894,597.127,10.747,"[5.071, 5.067, 5.064, 5.061, 5.058, 5.055, 5.052, 5.049, 5.046, 5.042, 5.038, 5.034, 5.03, 5.026, 5.021, 5.016, 5.01, 5.005, 4.999, 4.993, 4.987, 4.981, 4.975, 4.969, 4.963, 4.958, 4.953, 4.948, 4.944, 4.942, 4.94, 4.94]","[0.992, 0.985, 0.979, 0.974, 0.969, 0.964, 0.959, 0.954, 0.949, 0.943, 0.937, 0.931, 0.924, 0.917, 0.91, 0.902, 0.894, 0.885, 0.877, 0.868, 0.859, 0.85, 0.841, 0.833, 0.824, 0.816, 0.809, 0.803, 0.798, 0.795, 0.792, 0.792]","[6.432, 12.277, 18.088, 23.843, 29.555, 35.213, 40.837, 46.42, 51.97, 57.494, 62.987, 68.453, 73.888, 79.297, 84.673, 90.021, 95.33, 100.594, 105.8, 110.939, 116.021, 120.985, 125.782, 130.366, 134.59, 138.43, 141.632, 144.1, 145.637, 145.9, 144.97, 142.585]","[1.0, 0.998, 0.997, 0.995, 0.993, 0.991, 0.99, 0.988, 0.986, 0.984, 0.983, 0.981, 0.979, 0.977, 0.976, 0.974, 0.972, 0.97, 0.969, 0.967, 0.965, 0.964, 0.962, 0.96, 0.958, 0.957, 0.955, 0.953, 0.951, 0.95, 0.948, 0.946]","[0.0, 0.001, 0.001, 0.002, 0.002, 0.002, 0.003, 0.003, 0.003, 0.003, 0.004, 0.004, 0.004, 0.004, 0.004, 0.005, 0.005, 0.005, 0.006, 0.006, 0.007, 0.008, 0.01, 0.012, 0.015, 0.019, 0.023, 0.028, 0.035, 0.041, 0.048, 0.056]"
11,147456,835.357,1000.000,0.000,1000,1000,521.936,113.228,-1.658,767.181,920.360,1000.000,0.000,1000.000,1000.000,579.500,106.856,335.972,866.750,12.154,7.698,497.750,0.000,0.000,0.434,2.169,2.309,1.493,0.001,0.000,3.885,3.885,11.595,26.105,16.270,32.888,6.656,"[5.066, 5.057, 5.05, 5.043, 5.036, 5.028, 5.019, 5.01, 4.999, 4.989, 4.977, 4.964, 4.951, 4.937, 4.923, 4.908, 4.893, 4.877, 4.86, 4.844, 4.827, 4.811, 4.795, 4.78, 4.765, 4.752, 4.741, 4.731, 4.722, 4.717, 4.713, 4.711]","[0.981, 0.965, 0.95, 0.936, 0.923, 0.909, 0.893, 0.876, 0.858, 0.839, 0.82, 0.8, 0.779, 0.758, 0.736, 0.715, 0.694, 0.672, 0.652, 0.631, 0.612, 0.594, 0.577, 0.562, 0.549, 0.537, 0.528, 0.522, 0.518, 0.516, 0.517, 0.52]","[0.456, 0.828, 1.153, 1.455, 1.73, 1.982, 2.204, 2.404, 2.587, 2.756, 2.911, 3.053, 3.183, 3.302, 3.412, 3.513, 3.606, 3.69, 3.763, 3.829, 3.885, 3.928, 3.957, 3.97, 3.971, 3.953, 3.918, 3.863, 3.789, 3.694, 3.586, 3.468]","[1.0, 0.999, 0.998, 0.997, 0.997, 0.996, 0.995, 0.994, 0.993, 0.992, 0.991, 0.99, 0.99, 0.989, 0.988, 0.987, 0.986, 0.985, 0.984, 0.984, 0.983, 0.982, 0.981, 0.98, 0.979, 0.978, 0.977, 0.977, 0.976, 0.975, 0.974, 0.973]","[0.0, 0.0, 0.0, 0.0, 0.0, 0.0, 0.0, 0.0, 0.0, 0.0, 0.0, 0.0, 0.0, 0.0, 0.0, 0.0, 0.0, 0.001, 0.001, 0.002, 0.003, 0.005, 0.006, 0.008, 0.011, 0.014, 0.017, 0.02, 0.024, 0.027, 0.029, 0.031]"
11,294912,1142.265,1000.000,0.000,1000,1000,682.083,110.156,397.189,992.943,1171.501,1000.000,0.000,1000.000,1000.000,1177.492,138.091,768.619,1493.681,16.228,3.214,493.250,0.000,0.000,0.345,1.726,0.963,1.480,0.001,0.000,3.848,3.848,17.225,35.696,22.672,61.016,8.245,"[5.066, 5.057, 5.048, 5.041, 5.033, 5.026, 5.017, 5.008, 4.999, 4.989, 4.979, 4.968, 4.957, 4.945, 4.934, 4.922, 4.909, 4.896, 4.883, 4.87, 4.857, 4.844, 4.832, 4.819, 4.807, 4.796, 4.785, 4.775, 4.766, 4.759, 4.752, 4.747]","[0.981, 0.963, 0.946, 0.932, 0.918, 0.903, 0.887, 0.871, 0.854, 0.837, 0.819, 0.801, 0.783, 0.765, 0.746, 0.728, 0.71, 0.692, 0.674, 0.657, 0.64, 0.625, 0.61, 0.596, 0.583, 0.572, 0.562, 0.554, 0.546, 0.541, 0.537, 0.535]","[0.637, 1.199, 1.706, 2.197, 2.666, 3.109, 3.525, 3.917, 4.297, 4.667, 5.027, 5.374, 5.712, 6.042, 6.362, 6.674, 6.973, 7.26, 7.531, 7.787, 8.03, 8.252, 8.449, 8.621, 8.778, 8.902, 8.999, 9.07, 9.116, 9.123, 9.106, 9.067]","[1.0, 0.999, 0.998, 0.997, 0.997, 0.996, 0.995, 0.994, 0.993, 0.992, 0.991, 0.99, 0.99, 0.989, 0.988, 0.987, 0.986, 0.985, 0.984, 0.984, 0.983, 0.982, 0.981, 0.98, 0.979, 0.978, 0.977, 0.977, 0.976, 0.975, 0.974, 0.973]","[0.0, 0.0, 0.0, 0.0, 0.0, 0.0, 0.0, 0.0, 0.0, 0.0, 0.0, 0.0, 0.0, 0.0, 0.0, 0.001, 0.001, 0.002, 0.002, 0.003, 0.004, 0.005, 0.006, 0.007, 0.009, 0.011, 0.013, 0.014, 0.017, 0.019, 0.02, 0.022]"
11,442368,1143.959,1000.000,0.000,1000,1000,1441.647,193.823,1030.330,1930.647,1173.591,1000.000,0.000,1000.000,1000.000,2554.593,173.355,2011.336,3015.109,21.355,0.490,488.750,0.000,0.000,0.550,2.749,0.147,1.466,0.000,0.000,3.622,3.623,41.059,35.749,63.913,129.283,15.024,"[5.057, 5.039, 5.023, 5.009, 4.995, 4.981, 4.966, 4.95, 4.933, 4.916, 4.899, 4.882, 4.864, 4.847, 4.828, 4.811, 4.794, 4.777, 4.761, 4.747, 4.735, 4.725, 4.716, 4.71, 4.706, 4.705, 4.706, 4.708, 4.714, 4.719, 4.727, 4.735]","[0.964, 0.931, 0.902, 0.877, 0.854, 0.831, 0.807, 0.783, 0.759, 0.735, 0.711, 0.688, 0.665, 0.643, 0.622, 0.602, 0.583, 0.566, 0.55, 0.538, 0.527, 0.519, 0.513, 0.51, 0.51, 0.512, 0.516, 0.521, 0.529, 0.537, 0.546, 0.555]","[1.586, 3.055, 4.424, 5.754, 7.046, 8.274, 9.441, 10.565, 11.659, 12.733, 13.79, 14.829, 15.84, 16.831, 17.789, 18.706, 19.578, 20.388, 21.095, 21.684, 22.167, 22.503, 22.708, 22.726, 22.569, 22.254, 21.763, 21.141, 20.331, 19.466, 18.501, 17.506]","[1.0, 0.999, 0.998, 0.997, 0.997, 0.996, 0.995, 0.994, 0.993, 0.992, 0.991, 0.99, 0.99, 0.989, 0.988, 0.987, 0.986, 0.985, 0.984, 0.984, 0.983, 0.982, 0.981, 0.98, 0.979, 0.978, 0.977, 0.977, 0.976, 0.975, 0.974, 0.973]","[0.0, 0.0, 0.0, 0.0, 0.0, 0.0, 0.0, 0.0, 0.0, 0.0, 0.001, 0.001, 0.002, 0.003, 0.004, 0.006, 0.008, 0.011, 0.015, 0.018, 0.023, 0.027, 0.032, 0.036, 0.04, 0.044, 0.046, 0.05, 0.05, 0.051, 0.051, 0.05]"
11,589824,1143.590,1000.000,0.000,1000,1000,2544.131,184.231,2094.929,2933.517,1172.736,1000.000,0.000,1000.000,1000.000,3161.672,172.982,2702.298,3588.151,26.007,0.051,484.250,0.000,0.000,0.479,2.396,0.015,1.452,0.000,0.000,3.234,3.233,78.537,35.737,65.482,244.718,14.996,"[5.064, 5.053, 5.044, 5.035, 5.026, 5.017, 5.007, 4.996, 4.985, 4.973, 4.961, 4.949, 4.936, 4.922, 4.908, 4.894, 4.88, 4.865, 4.849, 4.834, 4.818, 4.802, 4.786, 4.77, 4.753, 4.737, 4.721, 4.705, 4.69, 4.675, 4.663, 4.652]","[0.978, 0.958, 0.941, 0.925, 0.91, 0.895, 0.879, 0.863, 0.846, 0.83, 0.813, 0.795, 0.778, 0.76, 0.742, 0.724, 0.706, 0.688, 0.67, 0.652, 0.635, 0.618, 0.601, 0.585, 0.569, 0.553, 0.539, 0.525, 0.512, 0.501, 0.493, 0.486]","[2.701, 5.318, 7.831, 10.285, 12.681, 14.998, 17.245, 19.441, 21.601, 23.729, 25.836, 27.913, 29.964, 31.997, 34.006, 35.999, 37.973, 39.924, 41.867, 43.795, 45.708, 47.6, 49.476, 51.326, 53.142, 54.93, 56.637, 58.277, 59.824, 61.217, 62.416, 63.419]","[1.0, 0.999, 0.998, 0.997, 0.997, 0.996, 0.995, 0.994, 0.993, 0.992, 0.991, 0.99, 0.99, 0.989, 0.988, 0.987, 0.986, 0.985, 0.984, 0.984, 0.983, 0.982, 0.981, 0.98, 0.979, 0.978, 0.977, 0.977, 0.976, 0.975, 0.974, 0.973]","[0.0, 0.0, 0.0, 0.0, 0.0, 0.0, 0.0, 0.0, 0.0, 0.0, 0.0, 0.0, 0.0, 0.0, 0.0, 0.0, 0.0, 0.0, 0.0, 0.001, 0.001, 0.001, 0.001, 0.002, 0.002, 0.004, 0.005, 0.006, 0.008, 0.012, 0.014, 0.018]"
11,737280,1142.703,1000.000,0.000,1000,1000,3090.674,269.873,984.221,3532.445,1174.071,1000.000,0.000,1000.000,1000.000,3534.291,172.040,3081.787,3991.578,29.807,0.007,479.750,0.000,0.000,0.328,1.640,0.002,1.439,0.000,0.000,2.962,2.962,99.564,35.709,59.149,314.537,16.602,"[5.068, 5.062, 5.056, 5.05, 5.044, 5.038, 5.031, 5.024, 5.017, 5.009, 5.001, 4.992, 4.983, 4.974, 4.964, 4.954, 4.944, 4.933, 4.923, 4.912, 4.9, 4.889, 4.877, 4.865, 4.853, 4.841, 4.828, 4.815, 4.802, 4.789, 4.775, 4.762]","[0.987, 0.974, 0.963, 0.953, 0.943, 0.932, 0.921, 0.91, 0.898, 0.886, 0.874, 0.861, 0.847, 0.834, 0.82, 0.806, 0.792, 0.777, 0.763, 0.749, 0.734, 0.72, 0.705, 0.691, 0.677, 0.662, 0.648, 0.634, 0.62, 0.607, 0.593, 0.58]","[3.272, 6.454, 9.569, 12.629, 15.627, 18.551, 21.425, 24.252, 27.046, 29.813, 32.552, 35.268, 37.956, 40.625, 43.27, 45.895, 48.504, 51.107, 53.689, 56.259, 58.817, 61.36, 63.893, 66.409, 68.911, 71.404, 73.878, 76.339, 78.786, 81.209, 83.617, 85.992]","[1.0, 0.999, 0.998, 0.997, 0.997, 0.996, 0.995, 0.994, 0.993, 0.992, 0.991, 0.99, 0.99, 0.989, 0.988, 0.987, 0.986, 0.985, 0.984, 0.984, 0.983, 0.982, 0.981, 0.98, 0.979, 0.978, 0.977, 0.977, 0.976, 0.975, 0.974, 0.973]","[0.0, 0.0, 0.0, 0.0, 0.0, 0.0, 0.0, 0.0, 0.0, 0.0, 0.0, 0.0, 0.0, 0.0, 0.0, 0.0, 0.0, 0.0, 0.0, 0.0, 0.0, 0.0, 0.0, 0.0, 0.0, 0.0, 0.0, 0.0, 0.001, 0.001, 0.001, 0.001]"
11,884736,1142.747,1000.000,0.000,1000,1000,3493.040,187.871,2882.389,3999.892,1173.174,1000.000,0.000,1000.000,1000.000,3859.968,178.693,3334.076,4332.594,33.218,0.001,475.250,0.000,0.000,0.241,1.204,0.000,1.425,0.000,0.000,2.739,2.738,114.443,35.711,54.033,362.743,13.369,"[5.071, 5.066, 5.061, 5.057, 5.053, 5.049, 5.044, 5.039, 5.033, 5.028, 5.022, 5.016, 5.009, 5.002, 4.995, 4.987, 4.98, 4.972, 4.963, 4.955, 4.946, 4.938, 4.929, 4.919, 4.91, 4.9, 4.89, 4.88, 4.87, 4.859, 4.848, 4.837]","[0.991, 0.982, 0.973, 0.966, 0.958, 0.95, 0.942, 0.934, 0.925, 0.916, 0.906, 0.897, 0.886, 0.876, 0.865, 0.853, 0.842, 0.83, 0.818, 0.806, 0.794, 0.782, 0.77, 0.758, 0.746, 0.733, 0.721, 0.708, 0.696, 0.683, 0.671, 0.659]","[3.694, 7.315, 10.875, 14.373, 17.81, 21.191, 24.526, 27.822, 31.087, 34.33, 37.551, 40.753, 43.929, 47.082, 50.219, 53.336, 56.436, 59.52, 62.588, 65.645, 68.69, 71.718, 74.735, 77.733, 80.721, 83.694, 86.656, 89.603, 92.539, 95.46, 98.366, 101.262]","[1.0, 0.999, 0.998, 0.997, 0.997, 0.996, 0.995, 0.994, 0.993, 0.992, 0.991, 0.99, 0.99, 0.989, 0.988, 0.987, 0.986, 0.985, 0.984, 0.984, 0.983, 0.982, 0.981, 0.98, 0.979, 0.978, 0.977, 0.977, 0.976, 0.975, 0.974, 0.973]","[0.0, 0.0, 0.0, 0.0, 0.0, 0.0, 0.0, 0.0, 0.0, 0.0, 0.0, 0.0, 0.0, 0.0, 0.0, 0.0, 0.0, 0.0, 0.0, 0.0, 0.0, 0.0, 0.0, 0.0, 0.0, 0.0, 0.0, 0.0, 0.0, 0.0, 0.0, 0.0]"
11,1032192,1142.861,1000.000,0.000,1000,1000,3908.677,189.312,3452.165,4484.418,1174.029,1000.000,0.000,1000.000,1000.000,4174.007,158.222,3781.835,4609.191,35.294,0.000,470.750,0.000,0.000,0.202,1.008,0.000,1.412,0.000,0.000,2.552,2.551,124.612,35.714,51.749,394.221,13.510,"[5.071, 5.068, 5.064, 5.06, 5.057, 5.053, 5.049, 5.045, 5.041, 5.036, 5.031, 5.026, 5.021, 5.015, 5.009, 5.003, 4.997, 4.99, 4.983, 4.976, 4.969, 4.962, 4.954, 4.947, 4.939, 4.931, 4.923, 4.915, 4.906, 4.897, 4.889, 4.88]","[0.993, 0.985, 0.978, 0.972, 0.966, 0.959, 0.952, 0.945, 0.938, 0.93, 0.922, 0.914, 0.906, 0.897, 0.887, 0.878, 0.868, 0.858, 0.848, 0.838, 0.828, 0.817, 0.807, 0.796, 0.786, 0.775, 0.764, 0.753, 0.743, 0.732, 0.721, 0.71]","[3.938, 7.798, 11.606, 15.366, 19.066, 22.711, 26.312, 29.878, 33.417, 36.934, 40.424, 43.885, 47.324, 50.748, 54.156, 57.545, 60.916, 64.27, 67.607, 70.933, 74.243, 77.533, 80.809, 84.073, 87.322, 90.558, 93.777, 96.984, 100.179, 103.36, 106.527, 109.682]","[1.0, 0.998, 0.997, 0.995, 0.993, 0.991, 0.99, 0.988, 0.986, 0.984, 0.983, 0.981, 0.979, 0.977, 0.976, 0.974, 0.972, 0.97, 0.969, 0.967, 0.965, 0.964, 0.962, 0.96, 0.958, 0.957, 0.955, 0.953, 0.951, 0.95, 0.948, 0.946]","[0.0, 0.0, 0.0, 0.0, 0.0, 0.0, 0.0, 0.0, 0.0, 0.0, 0.0, 0.0, 0.0, 0.0, 0.0, 0.0, 0.0, 0.0, 0.0, 0.0, 0.0, 0.0, 0.0, 0.0, 0.0, 0.0, 0.0, 0.0, 0.0, 0.0, 0.0, 0.0]"
11,1179648,1142.562,1000.000,0.000,1000,1000,4256.700,151.722,3913.128,4620.975,1172.714,1000.000,0.000,1000.000,1000.000,4468.826,146.853,4067.833,4823.714,33.831,0.000,466.250,0.000,0.000,0.195,0.977,0.000,1.398,0.000,0.000,2.363,2.363,133.723,35.705,46.562,420.060,12.681,"[5.072, 5.068, 5.064, 5.061, 5.057, 5.054, 5.05, 5.046, 5.042, 5.038, 5.033, 5.028, 5.023, 5.018, 5.012, 5.006, 5.0, 4.994, 4.987, 4.98, 4.973, 4.966, 4.959, 4.951, 4.943, 4.935, 4.927, 4.919, 4.91, 4.901, 4.892, 4.883]","[0.993, 0.985, 0.979, 0.972, 0.966, 0.96, 0.954, 0.947, 0.94, 0.933, 0.926, 0.918, 0.909, 0.901, 0.892, 0.883, 0.873, 0.864, 0.854, 0.844, 0.834, 0.823, 0.813, 0.802, 0.791, 0.781, 0.77, 0.759, 0.748, 0.737, 0.726, 0.714]","[4.269, 8.479, 12.638, 16.741, 20.798, 24.814, 28.789, 32.737, 36.655, 40.55, 44.428, 48.287, 52.126, 55.947, 59.751, 63.536, 67.302, 71.056, 74.793, 78.518, 82.234, 85.934, 89.623, 93.299, 96.959, 100.605, 104.238, 107.864, 111.472, 115.067, 118.649, 122.223]","[1.0, 0.999, 0.998, 0.997, 0.997, 0.996, 0.995, 0.994, 0.993, 0.992, 0.991, 0.99, 0.99, 0.989, 0.988, 0.987, 0.986, 0.985, 0.984, 0.984, 0.983, 0.982, 0.981, 0.98, 0.979, 0.978, 0.977, 0.977, 0.976, 0.975, 0.974, 0.973]","[0.0, 0.0, 0.0, 0.0, 0.0, 0.0, 0.0, 0.0, 0.0, 0.0, 0.0, 0.0, 0.0, 0.0, 0.0, 0.0, 0.0, 0.0, 0.0, 0.0, 0.0, 0.0, 0.0, 0.0, 0.0, 0.0, 0.0, 0.0, 0.0, 0.0, 0.0, 0.0]"
11,1327104,1142.488,1000.000,0.000,1000,1000,4529.154,141.537,4142.168,4847.058,1173.670,1000.000,0.000,1000.000,1000.000,4705.553,153.652,4337.636,5111.873,31.807,0.000,461.750,0.000,0.000,0.197,0.987,0.000,1.385,0.000,0.000,2.153,2.152,143.150,35.703,42.110,451.939,12.245,"[5.072, 5.068, 5.064, 5.061, 5.058, 5.054, 5.05, 5.046, 5.042, 5.038, 5.033, 5.028, 5.023, 5.018, 5.012, 5.006, 5.0, 4.993, 4.986, 4.979, 4.972, 4.965, 4.957, 4.949, 4.941, 4.933, 4.924, 4.915, 4.906, 4.897, 4.888, 4.879]","[0.993, 0.985, 0.979, 0.973, 0.967, 0.961, 0.955, 0.948, 0.941, 0.934, 0.927, 0.919, 0.911, 0.902, 0.893, 0.884, 0.874, 0.864, 0.854, 0.844, 0.834, 0.823, 0.812, 0.801, 0.79, 0.779, 0.768, 0.757, 0.745, 0.734, 0.723, 0.711]","[4.584, 9.104, 13.577, 17.997, 22.376, 26.708, 31.005, 35.268, 39.503, 43.719, 47.911, 52.08, 56.225, 60.352, 64.457, 68.543, 72.614, 76.665, 80.705, 84.732, 88.742, 92.738, 96.724, 100.691, 104.646, 108.59, 112.521, 116.433, 120.336, 124.229, 128.107, 131.971]","[1.0, 0.999, 0.998, 0.997, 0.997, 0.996, 0.995, 0.994, 0.993, 0.992, 0.991, 0.99, 0.99, 0.989, 0.988, 0.987, 0.986, 0.985, 0.984, 0.984, 0.983, 0.982, 0.981, 0.98, 0.979, 0.978, 0.977, 0.977, 0.976, 0.975, 0.974, 0.973]","[0.0, 0.0, 0.0, 0.0, 0.0, 0.0, 0.0, 0.0, 0.0, 0.0, 0.0, 0.0, 0.0, 0.0, 0.0, 0.0, 0.0, 0.0, 0.0, 0.0, 0.0, 0.0, 0.0, 0.0, 0.0, 0.0, 0.0, 0.0, 0.0, 0.0, 0.0, 0.0]"
11,1474560,1143.645,1000.000,0.000,1000,1000,4747.202,137.290,4398.897,5099.174,1172.725,1000.000,0.000,1000.000,1000.000,4901.787,143.397,4571.449,5231.686,30.447,0.000,457.250,0.000,0.000,0.199,0.994,0.000,1.371,0.000,0.000,1.963,1.962,151.084,35.739,39.813,477.973,12.129,"[5.072, 5.068, 5.064, 5.061, 5.057, 5.054, 5.05, 5.046, 5.042, 5.038, 5.033, 5.028, 5.023, 5.018, 5.012, 5.006, 5.0, 4.993, 4.986, 4.979, 4.972, 4.964, 4.957, 4.949, 4.941, 4.932, 4.924, 4.915, 4.906, 4.897, 4.887, 4.878]","[0.993, 0.985, 0.979, 0.973, 0.967, 0.961, 0.955, 0.948, 0.941, 0.934, 0.927, 0.919, 0.911, 0.903, 0.894, 0.885, 0.875, 0.865, 0.855, 0.845, 0.834, 0.824, 0.813, 0.802, 0.791, 0.78, 0.769, 0.758, 0.746, 0.735, 0.723, 0.712]","[4.81, 9.579, 14.305, 18.975, 23.589, 28.157, 32.697, 37.206, 41.684, 46.136, 50.568, 54.978, 59.369, 63.738, 68.09, 72.421, 76.737, 81.04, 85.327, 89.6, 93.86, 98.106, 102.34, 106.559, 110.765, 114.954, 119.132, 123.298, 127.449, 131.583, 135.71, 139.824]","[1.0, 0.999, 0.998, 0.997, 0.997, 0.996, 0.995, 0.994, 0.993, 0.992, 0.991, 0.99, 0.99, 0.989, 0.988, 0.987, 0.986, 0.985, 0.984, 0.984, 0.983, 0.982, 0.981, 0.98, 0.979, 0.978, 0.977, 0.977, 0.976, 0.975, 0.974, 0.973]","[0.0, 0.0, 0.0, 0.0, 0.0, 0.0, 0.0, 0.0, 0.0, 0.0, 0.0, 0.0, 0.0, 0.0, 0.0, 0.0, 0.0, 0.0, 0.0, 0.0, 0.0, 0.0, 0.0, 0.0, 0.0, 0.0, 0.0, 0.0, 0.0, 0.0, 0.0, 0.0]"
11,1622016,1141.303,1000.000,0.000,1000,1000,4894.496,155.126,4532.384,5317.407,1173.660,1000.000,0.000,1000.000,1000.000,5077.305,146.145,4756.014,5443.101,29.377,0.000,452.750,0.000,0.000,0.199,0.996,0.000,1.358,0.000,0.000,1.770,1.769,157.981,35.666,37.937,498.200,11.314,"[5.072, 5.068, 5.064, 5.061, 5.057, 5.054, 5.05, 5.047, 5.043, 5.038, 5.034, 5.029, 5.024, 5.019, 5.013, 5.007, 5.001, 4.995, 4.988, 4.981, 4.974, 4.967, 4.959, 4.951, 4.944, 4.935, 4.927, 4.918, 4.91, 4.901, 4.891, 4.882]","[0.993, 0.985, 0.979, 0.973, 0.967, 0.961, 0.955, 0.949, 0.942, 0.935, 0.928, 0.921, 0.913, 0.904, 0.896, 0.887, 0.877, 0.868, 0.858, 0.848, 0.838, 0.827, 0.817, 0.806, 0.795, 0.784, 0.773, 0.762, 0.751, 0.74, 0.728, 0.717]","[5.008, 9.976, 14.884, 19.743, 24.552, 29.333, 34.079, 38.793, 43.488, 48.161, 52.814, 57.44, 62.049, 66.64, 71.207, 75.764, 80.302, 84.827, 89.339, 93.835, 98.312, 102.775, 107.229, 111.66, 116.088, 120.482, 124.86, 129.226, 133.562, 137.888, 142.191, 146.466]","[1.0, 0.999, 0.998, 0.997, 0.997, 0.996, 0.995, 0.994, 0.993, 0.992, 0.991, 0.99, 0.99, 0.989, 0.988, 0.987, 0.986, 0.985, 0.984, 0.984, 0.983, 0.982, 0.981, 0.98, 0.979, 0.978, 0.977, 0.977, 0.976, 0.975, 0.974, 0.973]","[0.0, 0.0, 0.0, 0.0, 0.0, 0.0, 0.0, 0.0, 0.0, 0.0, 0.0, 0.0, 0.0, 0.0, 0.0, 0.0, 0.0, 0.0, 0.0, 0.0, 0.0, 0.0, 0.0, 0.0, 0.0, 0.0, 0.0, 0.001, 0.001, 0.001, 0.001, 0.001]"
11,1769472,1143.017,1000.000,0.000,1000,1000,5054.518,134.602,4692.872,5322.364,1173.203,1000.000,0.000,1000.000,1000.000,5219.638,394.047,1084.470,5600.898,28.100,0.000,448.250,0.000,0.000,0.196,0.978,0.000,1.344,0.000,0.000,1.585,1.584,163.554,35.719,34.034,516.727,10.954,"[5.072, 5.068, 5.064, 5.061, 5.058, 5.055, 5.051, 5.048, 5.044, 5.04, 5.036, 5.031, 5.026, 5.021, 5.015, 5.009, 5.003, 4.997, 4.99, 4.984, 4.976, 4.969, 4.962, 4.954, 4.946, 4.938, 4.929, 4.921, 4.912, 4.903, 4.894, 4.884]","[0.993, 0.986, 0.979, 0.974, 0.968, 0.963, 0.957, 0.951, 0.945, 0.938, 0.931, 0.924, 0.916, 0.908, 0.899, 0.89, 0.881, 0.871, 0.861, 0.851, 0.841, 0.83, 0.82, 0.809, 0.798, 0.787, 0.776, 0.765, 0.754, 0.742, 0.731, 0.72]","[5.165, 10.281, 15.348, 20.378, 25.369, 30.327, 35.25, 40.145, 45.016, 49.864, 54.697, 59.506, 64.298, 69.066, 73.82, 78.559, 83.283, 87.992, 92.687, 97.371, 102.038, 106.697, 111.339, 115.965, 120.581, 125.186, 129.77, 134.344, 138.903, 143.449, 147.981, 152.502]","[1.0, 0.999, 0.998, 0.997, 0.997, 0.996, 0.995, 0.994, 0.993, 0.992, 0.991, 0.99, 0.99, 0.989, 0.988, 0.987, 0.986, 0.985, 0.984, 0.984, 0.983, 0.982, 0.981, 0.98, 0.979, 0.978, 0.977, 0.977, 0.976, 0.975, 0.974, 0.973]","[0.0, 0.0, 0.0, 0.0, 0.0, 0.0, 0.0, 0.0, 0.0, 0.0, 0.0, 0.0, 0.0, 0.0, 0.0, 0.0, 0.0, 0.0, 0.0, 0.0, 0.0, 0.0, 0.0, 0.0, 0.0, 0.0, 0.0, 0.0, 0.0, 0.0, 0.0, 0.0]"
11,1916928,1141.403,1000.000,0.000,1000,1000,5199.262,137.046,4882.920,5553.641,1173.858,1000.000,0.000,1000.000,1000.000,5371.478,140.696,4988.322,5758.879,27.110,0.000,443.750,0.000,0.000,0.201,1.005,0.000,1.331,0.000,0.000,1.422,1.421,167.680,35.669,33.984,532.611,13.107,"[5.072, 5.067, 5.064, 5.061, 5.057, 5.054, 5.05, 5.047, 5.043, 5.039, 5.034, 5.029, 5.024, 5.019, 5.013, 5.007, 5.001, 4.994, 4.988, 4.981, 4.974, 4.966, 4.959, 4.951, 4.943, 4.934, 4.926, 4.917, 4.908, 4.9, 4.89, 4.881]","[0.993, 0.985, 0.979, 0.973, 0.968, 0.962, 0.956, 0.95, 0.944, 0.937, 0.93, 0.923, 0.915, 0.906, 0.898, 0.889, 0.879, 0.87, 0.86, 0.85, 0.84, 0.829, 0.819, 0.808, 0.797, 0.786, 0.775, 0.764, 0.752, 0.741, 0.73, 0.719]","[5.318, 10.583, 15.808, 20.996, 26.145, 31.239, 36.306, 41.359, 46.377, 51.381, 56.355, 61.315, 66.244, 71.164, 76.063, 80.946, 85.812, 90.655, 95.487, 100.315, 105.123, 109.913, 114.704, 119.475, 124.229, 128.945, 133.653, 138.353, 143.018, 147.687, 152.326, 156.949]","[1.0, 0.999, 0.998, 0.997, 0.997, 0.996, 0.995, 0.994, 0.993, 0.992, 0.991, 0.99, 0.99, 0.989, 0.988, 0.987, 0.986, 0.985, 0.984, 0.984, 0.983, 0.982, 0.981, 0.98, 0.979, 0.977, 0.976, 0.974, 0.972, 0.97, 0.969, 0.967]","[0.0, 0.0, 0.0, 0.0, 0.0, 0.0, 0.0, 0.0, 0.001, 0.001, 0.001, 0.001, 0.001, 0.001, 0.001, 0.001, 0.001, 0.001, 0.001, 0.001, 0.001, 0.001, 0.001, 0.001, 0.001, 0.001, 0.001, 0.001, 0.001, 0.001, 0.001, 0.001]"
11,2064384,1143.236,1000.000,0.000,1000,1000,5381.888,255.404,2084.760,5774.160,1173.940,1000.000,0.000,1000.000,1000.000,5570.968,116.249,5288.309,5885.116,26.242,0.000,439.250,0.000,0.000,0.193,0.964,0.000,1.317,0.000,0.000,1.265,1.264,172.150,35.726,29.909,546.977,13.313,"[5.072, 5.068, 5.065, 5.062, 5.059, 5.055, 5.052, 5.049, 5.045, 5.041, 5.037, 5.032, 5.027, 5.022, 5.017, 5.011, 5.005, 4.999, 4.992, 4.986, 4.979, 4.971, 4.964, 4.956, 4.948, 4.94, 4.932, 4.923, 4.915, 4.906, 4.897, 4.887]","[0.994, 0.986, 0.98, 0.975, 0.969, 0.964, 0.958, 0.952, 0.946, 0.94, 0.933, 0.926, 0.919, 0.911, 0.902, 0.894, 0.885, 0.875, 0.866, 0.856, 0.846, 0.836, 0.825, 0.815, 0.804, 0.793, 0.782, 0.771, 0.76, 0.749, 0.737, 0.726]","[5.464, 10.866, 16.219, 21.529, 26.8, 32.022, 37.199, 42.347, 47.471, 52.573, 57.649, 62.699, 67.722, 72.724, 77.705, 82.666, 87.609, 92.536, 97.443, 102.334, 107.206, 112.054, 116.884, 121.69, 126.48, 131.253, 136.012, 140.761, 145.494, 150.213, 154.919, 159.61]","[1.0, 0.998, 0.997, 0.995, 0.993, 0.991, 0.99, 0.988, 0.986, 0.984, 0.983, 0.981, 0.979, 0.977, 0.976, 0.974, 0.972, 0.97, 0.969, 0.967, 0.965, 0.964, 0.962, 0.96, 0.958, 0.957, 0.957, 0.956, 0.955, 0.954, 0.953, 0.952]","[0.0, 0.0, 0.0, 0.0, 0.0, 0.0, 0.0, 0.0, 0.0, 0.0, 0.0, 0.0, 0.0, 0.0, 0.0, 0.0, 0.0, 0.0, 0.0, 0.0, 0.0, 0.0, 0.0, 0.0, 0.0, 0.0, 0.0, 0.0, 0.0, 0.0, 0.0, 0.0]"
11,2211840,1144.296,1000.000,0.000,1000,1000,5592.896,117.656,5218.728,5848.055,1173.669,1000.000,0.000,1000.000,1000.000,5682.917,128.923,5359.238,5996.060,24.912,0.000,434.750,0.000,0.000,0.199,0.996,0.000,1.304,0.000,0.000,1.084,1.083,176.793,35.759,28.744,563.492,10.992,"[5.072, 5.068, 5.065, 5.061, 5.058, 5.055, 5.051, 5.047, 5.043, 5.039, 5.035, 5.03, 5.025, 5.019, 5.014, 5.007, 5.001, 4.994, 4.988, 4.98, 4.973, 4.965, 4.957, 4.949, 4.941, 4.932, 4.923, 4.914, 4.904, 4.895, 4.885, 4.875]","[0.994, 0.986, 0.98, 0.974, 0.968, 0.963, 0.957, 0.951, 0.944, 0.938, 0.931, 0.923, 0.915, 0.907, 0.898, 0.889, 0.879, 0.87, 0.859, 0.849, 0.838, 0.828, 0.816, 0.805, 0.794, 0.782, 0.771, 0.759, 0.747, 0.736, 0.724, 0.712]","[5.649, 11.255, 16.808, 22.312, 27.772, 33.203, 38.598, 43.968, 49.314, 54.644, 59.95, 65.235, 70.497, 75.74, 80.964, 86.173, 91.362, 96.538, 101.697, 106.839, 111.966, 117.075, 122.17, 127.248, 132.311, 137.358, 142.389, 147.408, 152.411, 157.395, 162.371, 167.33]","[1.0, 0.999, 0.998, 0.997, 0.997, 0.996, 0.995, 0.994, 0.993, 0.992, 0.991, 0.99, 0.99, 0.989, 0.988, 0.987, 0.986, 0.985, 0.984, 0.984, 0.983, 0.982, 0.981, 0.98, 0.979, 0.978, 0.977, 0.977, 0.976, 0.975, 0.974, 0.973]","[0.0, 0.0, 0.0, 0.0, 0.0, 0.0, 0.0, 0.0, 0.0, 0.0, 0.0, 0.0, 0.0, 0.0, 0.0, 0.0, 0.0, 0.0, 0.0, 0.0, 0.0, 0.0, 0.0, 0.0, 0.0, 0.0, 0.0, 0.0, 0.0, 0.0, 0.0, 0.0]"
11,2359296,1143.026,1000.000,0.000,1000,1000,5682.184,117.039,5395.069,5949.485,1174.172,1000.000,0.000,1000.000,1000.000,5798.632,131.442,5467.853,6188.778,24.320,0.000,430.250,0.000,0.000,0.199,0.995,0.000,1.290,0.000,0.000,0.917,0.916,180.451,35.720,26.997,576.117,10.929,"[5.072, 5.068, 5.065, 5.062, 5.059, 5.055, 5.052, 5.049, 5.045, 5.041, 5.037, 5.032, 5.027, 5.021, 5.016, 5.01, 5.003, 4.997, 4.99, 4.983, 4.975, 4.968, 4.96, 4.951, 4.943, 4.934, 4.925, 4.916, 4.907, 4.897, 4.887, 4.878]","[0.994, 0.986, 0.98, 0.975, 0.969, 0.964, 0.959, 0.953, 0.947, 0.94, 0.933, 0.926, 0.918, 0.91, 0.901, 0.892, 0.883, 0.873, 0.863, 0.852, 0.842, 0.831, 0.82, 0.808, 0.797, 0.785, 0.774, 0.762, 0.75, 0.738, 0.727, 0.715]","[5.771, 11.491, 17.171, 22.805, 28.396, 33.96, 39.497, 45.003, 50.482, 55.938, 61.373, 66.782, 72.171, 77.538, 82.886, 88.217, 93.532, 98.831, 104.118, 109.387, 114.644, 119.883, 125.109, 130.313, 135.507, 140.687, 145.853, 151.0, 156.133, 161.254, 166.354, 171.447]","[1.0, 0.999, 0.998, 0.997, 0.997, 0.996, 0.995, 0.994, 0.993, 0.992, 0.991, 0.99, 0.99, 0.989, 0.988, 0.987, 0.986, 0.985, 0.984, 0.984, 0.983, 0.982, 0.981, 0.98, 0.979, 0.978, 0.977, 0.977, 0.976, 0.975, 0.974, 0.973]","[0.0, 0.0, 0.0, 0.0, 0.0, 0.0, 0.0, 0.0, 0.0, 0.0, 0.0, 0.0, 0.0, 0.0, 0.0, 0.0, 0.0, 0.0, 0.0, 0.0, 0.0, 0.0, 0.0, 0.0, 0.0, 0.0, 0.0, 0.0, 0.0, 0.0, 0.0, 0.0]"
11,2506752,1143.333,1000.000,0.000,1000,1000,5793.370,106.439,5503.869,6118.292,1173.341,1000.000,0.000,1000.000,1000.000,5856.672,136.771,5488.128,6271.395,23.539,0.000,425.750,0.000,0.000,0.200,1.000,0.000,1.277,0.000,0.000,0.762,0.761,184.876,35.729,25.443,588.505,10.163,"[5.072, 5.068, 5.065, 5.061, 5.058, 5.055, 5.052, 5.048, 5.045, 5.041, 5.036, 5.032, 5.027, 5.021, 5.016, 5.01, 5.003, 4.997, 4.99, 4.983, 4.975, 4.967, 4.959, 4.951, 4.942, 4.934, 4.925, 4.915, 4.906, 4.896, 4.886, 4.876]","[0.994, 0.986, 0.98, 0.974, 0.969, 0.964, 0.958, 0.952, 0.946, 0.94, 0.933, 0.926, 0.918, 0.91, 0.901, 0.892, 0.882, 0.873, 0.862, 0.852, 0.841, 0.83, 0.819, 0.807, 0.796, 0.784, 0.772, 0.76, 0.749, 0.737, 0.724, 0.712]","[5.876, 11.712, 17.518, 23.276, 28.994, 34.673, 40.325, 45.951, 51.556, 57.141, 62.702, 68.241, 73.756, 79.25, 84.727, 90.188, 95.629, 101.055, 106.468, 111.868, 117.253, 122.622, 127.974, 133.309, 138.63, 143.932, 149.223, 154.501, 159.76, 165.001, 170.229, 175.44]","[1.0, 0.999, 0.998, 0.997, 0.997, 0.996, 0.995, 0.994, 0.993, 0.992, 0.991, 0.99, 0.99, 0.989, 0.988, 0.987, 0.986, 0.985, 0.984, 0.984, 0.983, 0.982, 0.981, 0.98, 0.979, 0.978, 0.977, 0.977, 0.976, 0.975, 0.974, 0.973]","[0.0, 0.0, 0.0, 0.0, 0.0, 0.0, 0.0, 0.0, 0.0, 0.0, 0.0, 0.0, 0.0, 0.0, 0.0, 0.0, 0.0, 0.0, 0.0, 0.0, 0.0, 0.0, 0.0, 0.0, 0.0, 0.0, 0.0, 0.0, 0.0, 0.0, 0.0, 0.0]"
11,2654208,1142.279,1000.000,0.000,1000,1000,5873.479,112.657,5593.254,6141.540,1173.924,1000.000,0.000,1000.000,1000.000,5952.562,124.332,5639.103,6291.303,23.401,0.000,421.250,0.000,0.000,0.200,1.001,0.000,1.263,0.000,0.000,0.611,0.609,188.000,35.696,25.532,598.184,10.124,"[5.072, 5.068, 5.064, 5.061, 5.058, 5.055, 5.052, 5.048, 5.044, 5.04, 5.036, 5.032, 5.027, 5.021, 5.016, 5.01, 5.004, 4.997, 4.99, 4.983, 4.976, 4.968, 4.96, 4.952, 4.943, 4.935, 4.926, 4.917, 4.907, 4.898, 4.888, 4.878]","[0.994, 0.986, 0.98, 0.974, 0.969, 0.963, 0.958, 0.952, 0.946, 0.94, 0.933, 0.926, 0.919, 0.911, 0.902, 0.893, 0.884, 0.874, 0.864, 0.854, 0.843, 0.832, 0.821, 0.81, 0.798, 0.787, 0.775, 0.763, 0.751, 0.74, 0.728, 0.716]","[5.947, 11.861, 17.733, 23.564, 29.361, 35.121, 40.85, 46.549, 52.225, 57.885, 63.521, 69.138, 74.73, 80.302, 85.855, 91.394, 96.917, 102.427, 107.92, 113.398, 118.861, 124.308, 129.74, 135.155, 140.553, 145.937, 151.305, 156.659, 162.002, 167.328, 172.641, 177.94]","[1.0, 0.999, 0.998, 0.997, 0.997, 0.996, 0.995, 0.994, 0.993, 0.992, 0.991, 0.99, 0.99, 0.989, 0.988, 0.987, 0.986, 0.985, 0.984, 0.984, 0.983, 0.982, 0.981, 0.98, 0.979, 0.978, 0.977, 0.977, 0.976, 0.975, 0.974, 0.973]","[0.0, 0.0, 0.0, 0.0, 0.0, 0.0, 0.0, 0.0, 0.0, 0.0, 0.0, 0.0, 0.0, 0.0, 0.0, 0.0, 0.0, 0.0, 0.0, 0.0, 0.0, 0.0, 0.0, 0.0, 0.0, 0.0, 0.0, 0.0, 0.0, 0.0, 0.0, 0.0]"
11,2801664,1141.235,1000.000,0.000,1000,1000,5927.193,111.253,5630.878,6134.566,1173.293,1000.000,0.000,1000.000,1000.000,6060.085,114.221,5726.055,6347.771,22.812,0.000,416.750,0.000,0.000,0.198,0.990,0.000,1.250,0.000,0.000,0.444,0.443,191.047,35.664,23.250,606.615,9.764,"[5.072, 5.068, 5.065, 5.062, 5.059, 5.056, 5.053, 5.049, 5.046, 5.042, 5.038, 5.033, 5.029, 5.024, 5.018, 5.012, 5.006, 5.0, 4.993, 4.986, 4.979, 4.971, 4.963, 4.955, 4.947, 4.938, 4.929, 4.92, 4.91, 4.901, 4.891, 4.881]","[0.994, 0.987, 0.981, 0.975, 0.97, 0.965, 0.96, 0.954, 0.949, 0.942, 0.936, 0.929, 0.921, 0.913, 0.905, 0.896, 0.887, 0.877, 0.867, 0.857, 0.846, 0.835, 0.824, 0.813, 0.801, 0.79, 0.778, 0.766, 0.754, 0.742, 0.73, 0.718]","[6.057, 12.079, 18.062, 24.008, 29.917, 35.799, 41.647, 47.462, 53.253, 59.026, 64.779, 70.509, 76.214, 81.898, 87.567, 93.22, 98.858, 104.482, 110.091, 115.685, 121.266, 126.83, 132.375, 137.904, 143.421, 148.921, 154.403, 159.873, 165.33, 170.764, 176.191, 181.603]","[1.0, 0.999, 0.998, 0.997, 0.997, 0.996, 0.995, 0.994, 0.993, 0.992, 0.991, 0.99, 0.99, 0.989, 0.988, 0.987, 0.986, 0.985, 0.984, 0.984, 0.983, 0.982, 0.981, 0.98, 0.979, 0.978, 0.977, 0.977, 0.976, 0.975, 0.974, 0.973]","[0.0, 0.0, 0.0, 0.0, 0.0, 0.0, 0.0, 0.0, 0.0, 0.0, 0.0, 0.0, 0.0, 0.0, 0.0, 0.0, 0.0, 0.0, 0.0, 0.0, 0.0, 0.0, 0.0, 0.0, 0.0, 0.0, 0.0, 0.0, 0.0, 0.0, 0.0, 0.0]"
11,2949120,1142.979,1000.000,0.000,1000,1000,6054.729,125.167,5722.046,6412.595,1173.878,1000.000,0.000,1000.000,1000.000,6117.675,111.812,5818.659,6340.594,22.275,0.000,412.250,0.000,0.000,0.200,1.001,0.000,1.236,0.000,0.000,0.313,0.312,193.341,35.718,23.254,616.062,10.158,"[5.071, 5.067, 5.063, 5.06, 5.057, 5.054, 5.05, 5.047, 5.043, 5.039, 5.035, 5.031, 5.026, 5.021, 5.015, 5.009, 5.003, 4.996, 4.99, 4.982, 4.975, 4.967, 4.959, 4.951, 4.942, 4.934, 4.925, 4.916, 4.906, 4.897, 4.887, 4.877]","[0.993, 0.984, 0.978, 0.972, 0.967, 0.961, 0.956, 0.951, 0.945, 0.939, 0.932, 0.925, 0.918, 0.91, 0.901, 0.892, 0.883, 0.873, 0.863, 0.853, 0.842, 0.831, 0.82, 0.809, 0.798, 0.786, 0.774, 0.763, 0.751, 0.739, 0.727, 0.716]","[6.106, 12.169, 18.182, 24.148, 30.077, 35.961, 41.805, 47.62, 53.407, 59.171, 64.907, 70.615, 76.301, 81.966, 87.609, 93.226, 98.829, 104.416, 109.982, 115.533, 121.065, 126.571, 132.058, 137.524, 142.972, 148.406, 153.822, 159.222, 164.603, 169.964, 175.311, 180.631]","[1.0, 0.998, 0.997, 0.995, 0.993, 0.991, 0.99, 0.988, 0.986, 0.984, 0.983, 0.981, 0.979, 0.977, 0.976, 0.974, 0.972, 0.97, 0.969, 0.967, 0.965, 0.964, 0.962, 0.96, 0.958, 0.957, 0.955, 0.953, 0.951, 0.95, 0.948, 0.946]","[0.0, 0.0, 0.0, 0.0, 0.0, 0.0, 0.0, 0.0, 0.0, 0.0, 0.0, 0.0, 0.0, 0.0, 0.0, 0.0, 0.0, 0.0, 0.0, 0.0, 0.0, 0.0, 0.0, 0.0, 0.0, 0.0, 0.0, 0.0, 0.0, 0.0, 0.0, 0.0]"
12,147456,909.928,1000.000,0.000,1000,1000,520.821,93.605,327.380,736.222,1010.241,1000.000,0.000,1000.000,1000.000,579.610,116.182,0.068,853.381,12.123,7.698,497.749,0.000,0.000,0.431,2.154,2.309,1.493,0.001,0.000,3.885,3.886,11.565,28.435,15.675,31.923,6.043,"[5.067, 5.059, 5.051, 5.045, 5.038, 5.03, 5.022, 5.013, 5.003, 4.992, 4.981, 4.968, 4.955, 4.941, 4.927, 4.912, 4.897, 4.881, 4.864, 4.847, 4.83, 4.812, 4.793, 4.775, 4.756, 4.737, 4.718, 4.698, 4.678, 4.658, 4.638, 4.618]","[0.983, 0.967, 0.953, 0.939, 0.927, 0.913, 0.897, 0.881, 0.863, 0.845, 0.825, 0.805, 0.784, 0.763, 0.742, 0.72, 0.698, 0.677, 0.656, 0.634, 0.614, 0.594, 0.574, 0.555, 0.536, 0.518, 0.501, 0.484, 0.468, 0.453, 0.438, 0.424]","[0.453, 0.835, 1.172, 1.483, 1.767, 2.025, 2.255, 2.463, 2.655, 2.83, 2.992, 3.138, 3.273, 3.398, 3.514, 3.621, 3.72, 3.811, 3.896, 3.976, 4.049, 4.116, 4.18, 4.24, 4.296, 4.348, 4.395, 4.44, 4.483, 4.522, 4.559, 4.592]","[1.0, 0.999, 0.998, 0.997, 0.997, 0.996, 0.995, 0.994, 0.993, 0.992, 0.991, 0.99, 0.99, 0.989, 0.988, 0.987, 0.986, 0.985, 0.984, 0.984, 0.983, 0.982, 0.981, 0.98, 0.979, 0.978, 0.977, 0.977, 0.976, 0.975, 0.974, 0.973]","[0.0, 0.0, 0.0, 0.0, 0.0, 0.0, 0.0, 0.0, 0.0, 0.0, 0.0, 0.0, 0.0, 0.0, 0.0, 0.0, 0.0, 0.0, 0.0, 0.0, 0.0, 0.0, 0.0, 0.0, 0.0, 0.0, 0.0, 0.0, 0.0, 0.0, 0.0, 0.0]"
12,294912,1197.588,1000.000,0.000,1000,1000,679.527,117.978,384.235,975.024,1247.000,1000.000,0.000,1000.000,1000.000,1183.849,159.105,823.371,1568.791,16.184,3.213,493.249,0.000,0.000,0.339,1.694,0.963,1.480,0.001,0.000,3.846,3.847,17.464,37.425,22.418,60.555,8.085,"[5.066, 5.058, 5.05, 5.043, 5.036, 5.029, 5.021, 5.012, 5.003, 4.994, 4.984, 4.973, 4.962, 4.951, 4.939, 4.927, 4.914, 4.902, 4.888, 4.874, 4.86, 4.845, 4.831, 4.816, 4.8, 4.784, 4.768, 4.752, 4.736, 4.719, 4.702, 4.685]","[0.982, 0.966, 0.95, 0.936, 0.923, 0.909, 0.895, 0.879, 0.863, 0.846, 0.829, 0.811, 0.793, 0.775, 0.757, 0.738, 0.72, 0.701, 0.683, 0.664, 0.646, 0.628, 0.61, 0.593, 0.576, 0.559, 0.543, 0.527, 0.511, 0.497, 0.482, 0.468]","[0.647, 1.207, 1.722, 2.222, 2.709, 3.166, 3.59, 3.993, 4.385, 4.764, 5.133, 5.49, 5.837, 6.175, 6.506, 6.83, 7.145, 7.453, 7.755, 8.05, 8.338, 8.623, 8.902, 9.175, 9.443, 9.708, 9.968, 10.224, 10.478, 10.727, 10.973, 11.215]","[1.0, 0.999, 0.998, 0.997, 0.997, 0.996, 0.995, 0.994, 0.993, 0.992, 0.991, 0.99, 0.99, 0.989, 0.988, 0.987, 0.986, 0.985, 0.984, 0.984, 0.983, 0.982, 0.981, 0.98, 0.979, 0.978, 0.977, 0.977, 0.976, 0.975, 0.974, 0.973]","[0.0, 0.0, 0.0, 0.0, 0.0, 0.0, 0.0, 0.0, 0.0, 0.0, 0.0, 0.0, 0.0, 0.0, 0.0, 0.0, 0.0, 0.0, 0.0, 0.0, 0.0, 0.0, 0.0, 0.0, 0.0, 0.0, 0.0, 0.0, 0.0, 0.0, 0.0, 0.0]"
12,442368,1200.228,1000.000,0.000,1000,1000,1397.084,168.268,838.214,1872.035,1246.903,1000.000,0.000,1000.000,1000.000,2541.055,180.898,2098.232,2979.701,21.159,0.490,488.749,0.000,0.000,0.477,2.386,0.147,1.466,0.000,0.000,3.636,3.636,40.984,37.507,57.458,125.812,14.129,"[5.058, 5.043, 5.028, 5.015, 5.003, 4.99, 4.977, 4.963, 4.948, 4.933, 4.917, 4.901, 4.885, 4.868, 4.851, 4.833, 4.815, 4.797, 4.778, 4.759, 4.739, 4.719, 4.699, 4.678, 4.657, 4.635, 4.613, 4.591, 4.568, 4.546, 4.522, 4.499]","[0.968, 0.938, 0.911, 0.888, 0.867, 0.846, 0.824, 0.802, 0.78, 0.757, 0.735, 0.713, 0.691, 0.669, 0.648, 0.626, 0.606, 0.585, 0.565, 0.545, 0.526, 0.508, 0.49, 0.472, 0.455, 0.439, 0.424, 0.408, 0.394, 0.38, 0.367, 0.354]","[1.555, 2.986, 4.341, 5.654, 6.931, 8.156, 9.323, 10.444, 11.545, 12.622, 13.688, 14.739, 15.78, 16.805, 17.815, 18.817, 19.806, 20.786, 21.758, 22.719, 23.673, 24.617, 25.555, 26.483, 27.402, 28.312, 29.215, 30.107, 30.994, 31.876, 32.75, 33.614]","[1.0, 0.999, 0.998, 0.997, 0.997, 0.996, 0.995, 0.994, 0.993, 0.992, 0.991, 0.99, 0.99, 0.989, 0.988, 0.987, 0.986, 0.985, 0.984, 0.984, 0.983, 0.982, 0.981, 0.98, 0.979, 0.978, 0.977, 0.977, 0.976, 0.975, 0.974, 0.973]","[0.0, 0.0, 0.0, 0.0, 0.0, 0.0, 0.0, 0.0, 0.0, 0.0, 0.0, 0.0, 0.0, 0.0, 0.0, 0.0, 0.0, 0.0, 0.0, 0.0, 0.0, 0.0, 0.0, 0.0, 0.0, 0.0, 0.0, 0.0, 0.0, 0.0, 0.0, 0.0]"
12,589824,1198.165,1000.000,0.000,1000,1000,2480.277,192.462,2024.732,2984.287,1246.929,1000.000,0.000,1000.000,1000.000,3152.238,165.734,2769.134,3699.287,25.924,0.051,484.249,0.000,0.000,0.458,2.288,0.015,1.452,0.000,0.000,3.257,3.257,77.312,37.443,65.129,239.084,14.500,"[5.063, 5.053, 5.043, 5.034, 5.025, 5.016, 5.006, 4.996, 4.984, 4.973, 4.961, 4.949, 4.936, 4.923, 4.91, 4.896, 4.882, 4.867, 4.852, 4.837, 4.821, 4.805, 4.789, 4.772, 4.755, 4.738, 4.72, 4.702, 4.684, 4.665, 4.646, 4.627]","[0.977, 0.957, 0.94, 0.924, 0.909, 0.894, 0.878, 0.861, 0.844, 0.828, 0.81, 0.793, 0.775, 0.758, 0.74, 0.722, 0.704, 0.686, 0.668, 0.65, 0.633, 0.615, 0.598, 0.582, 0.565, 0.549, 0.533, 0.517, 0.501, 0.486, 0.471, 0.457]","[2.665, 5.218, 7.689, 10.101, 12.45, 14.723, 16.931, 19.098, 21.232, 23.334, 25.413, 27.473, 29.515, 31.541, 33.545, 35.531, 37.5, 39.46, 41.407, 43.338, 45.26, 47.171, 49.074, 50.961, 52.838, 54.701, 56.56, 58.398, 60.228, 62.047, 63.855, 65.653]","[1.0, 0.999, 0.998, 0.997, 0.997, 0.996, 0.995, 0.994, 0.993, 0.992, 0.991, 0.99, 0.99, 0.989, 0.988, 0.987, 0.986, 0.985, 0.984, 0.984, 0.983, 0.982, 0.981, 0.98, 0.979, 0.978, 0.977, 0.977, 0.976, 0.975, 0.974, 0.973]","[0.0, 0.0, 0.0, 0.0, 0.0, 0.0, 0.0, 0.0, 0.0, 0.0, 0.0, 0.0, 0.0, 0.0, 0.0, 0.0, 0.0, 0.0, 0.0, 0.0, 0.0, 0.0, 0.0, 0.0, 0.0, 0.0, 0.0, 0.0, 0.0, 0.0, 0.0, 0.0]"
12,737280,1200.307,1000.000,0.000,1000,1000,3090.343,181.655,2581.038,3519.072,1246.881,1000.000,0.000,1000.000,1000.000,3544.010,178.677,2965.479,3993.158,29.730,0.007,479.749,0.000,0.000,0.314,1.572,0.002,1.439,0.000,0.000,2.978,2.978,99.125,37.510,57.649,312.526,15.198,"[5.068, 5.062, 5.056, 5.05, 5.044, 5.038, 5.032, 5.025, 5.017, 5.01, 5.002, 4.994, 4.985, 4.976, 4.967, 4.957, 4.947, 4.936, 4.926, 4.915, 4.904, 4.893, 4.881, 4.87, 4.857, 4.845, 4.833, 4.82, 4.807, 4.793, 4.78, 4.766]","[0.986, 0.974, 0.963, 0.953, 0.943, 0.932, 0.922, 0.911, 0.899, 0.887, 0.875, 0.862, 0.85, 0.836, 0.823, 0.809, 0.795, 0.781, 0.766, 0.752, 0.738, 0.724, 0.709, 0.695, 0.681, 0.666, 0.652, 0.638, 0.624, 0.61, 0.596, 0.582]","[3.257, 6.435, 9.527, 12.563, 15.545, 18.47, 21.334, 24.156, 26.949, 29.717, 32.463, 35.18, 37.877, 40.552, 43.207, 45.844, 48.463, 51.072, 53.664, 56.248, 58.821, 61.379, 63.927, 66.464, 68.99, 71.502, 74.004, 76.491, 78.968, 81.431, 83.883, 86.326]","[1.0, 0.999, 0.998, 0.997, 0.997, 0.996, 0.995, 0.994, 0.993, 0.992, 0.991, 0.99, 0.99, 0.989, 0.988, 0.987, 0.986, 0.985, 0.984, 0.984, 0.983, 0.982, 0.981, 0.98, 0.979, 0.978, 0.977, 0.977, 0.976, 0.975, 0.974, 0.973]","[0.0, 0.0, 0.0, 0.0, 0.0, 0.0, 0.0, 0.0, 0.0, 0.0, 0.0, 0.0, 0.0, 0.0, 0.0, 0.0, 0.0, 0.0, 0.0, 0.0, 0.0, 0.0, 0.0, 0.0, 0.0, 0.0, 0.0, 0.0, 0.0, 0.0, 0.0, 0.0]"
12,884736,1197.280,1000.000,0.000,1000,1000,3477.330,220.196,1898.764,3908.306,1247.305,1000.000,0.000,1000.000,1000.000,3890.951,172.796,3373.982,4362.184,33.244,0.001,475.249,0.000,0.000,0.240,1.202,0.000,1.425,0.000,0.000,2.752,2.752,114.378,37.415,53.625,360.526,13.677,"[5.07, 5.065, 5.061, 5.057, 5.053, 5.048, 5.044, 5.038, 5.033, 5.028, 5.022, 5.015, 5.009, 5.002, 4.995, 4.987, 4.98, 4.972, 4.964, 4.956, 4.947, 4.938, 4.929, 4.92, 4.911, 4.901, 4.892, 4.882, 4.871, 4.861, 4.85, 4.839]","[0.99, 0.981, 0.973, 0.965, 0.958, 0.95, 0.942, 0.934, 0.925, 0.916, 0.907, 0.897, 0.887, 0.876, 0.865, 0.854, 0.843, 0.831, 0.82, 0.808, 0.796, 0.784, 0.772, 0.76, 0.747, 0.735, 0.723, 0.711, 0.698, 0.686, 0.674, 0.661]","[3.679, 7.288, 10.826, 14.299, 17.72, 21.092, 24.429, 27.727, 30.991, 34.231, 37.447, 40.646, 43.82, 46.968, 50.097, 53.212, 56.311, 59.394, 62.463, 65.52, 68.563, 71.598, 74.617, 77.623, 80.613, 83.594, 86.562, 89.518, 92.46, 95.389, 98.313, 101.226]","[1.0, 0.999, 0.998, 0.997, 0.997, 0.996, 0.995, 0.994, 0.993, 0.992, 0.991, 0.99, 0.99, 0.989, 0.988, 0.987, 0.986, 0.985, 0.984, 0.984, 0.983, 0.982, 0.981, 0.98, 0.979, 0.978, 0.977, 0.977, 0.976, 0.975, 0.974, 0.973]","[0.0, 0.0, 0.0, 0.0, 0.0, 0.0, 0.0, 0.0, 0.0, 0.0, 0.0, 0.0, 0.0, 0.0, 0.0, 0.0, 0.0, 0.0, 0.0, 0.0, 0.0, 0.0, 0.0, 0.0, 0.0, 0.0, 0.0, 0.0, 0.0, 0.0, 0.0, 0.0]"
12,1032192,1198.665,1000.000,0.000,1000,1000,3903.492,226.203,3285.167,4526.986,1247.066,1000.000,0.000,1000.000,1000.000,4191.438,148.925,3883.496,4543.391,35.201,0.000,470.749,0.000,0.000,0.200,1.002,0.000,1.412,0.000,0.000,2.557,2.557,125.383,37.458,50.260,393.686,13.223,"[5.071, 5.067, 5.064, 5.06, 5.057, 5.053, 5.049, 5.045, 5.041, 5.036, 5.031, 5.026, 5.021, 5.015, 5.009, 5.003, 4.997, 4.991, 4.984, 4.977, 4.97, 4.963, 4.956, 4.948, 4.94, 4.933, 4.924, 4.916, 4.908, 4.899, 4.89, 4.881]","[0.992, 0.985, 0.978, 0.972, 0.965, 0.959, 0.952, 0.945, 0.938, 0.93, 0.923, 0.914, 0.906, 0.897, 0.888, 0.879, 0.869, 0.86, 0.85, 0.84, 0.83, 0.819, 0.809, 0.798, 0.788, 0.777, 0.766, 0.756, 0.745, 0.734, 0.723, 0.712]","[3.973, 7.888, 11.735, 15.523, 19.259, 22.945, 26.583, 30.186, 33.759, 37.309, 40.84, 44.345, 47.827, 51.288, 54.729, 58.152, 61.554, 64.942, 68.317, 71.676, 75.021, 78.349, 81.667, 84.968, 88.253, 91.524, 94.786, 98.029, 101.259, 104.477, 107.684, 110.872]","[1.0, 0.998, 0.997, 0.995, 0.993, 0.991, 0.99, 0.988, 0.986, 0.984, 0.983, 0.981, 0.979, 0.977, 0.976, 0.974, 0.972, 0.97, 0.969, 0.967, 0.965, 0.964, 0.962, 0.96, 0.958, 0.957, 0.955, 0.953, 0.951, 0.95, 0.948, 0.946]","[0.0, 0.0, 0.0, 0.0, 0.0, 0.0, 0.0, 0.0, 0.0, 0.0, 0.0, 0.0, 0.0, 0.0, 0.0, 0.0, 0.0, 0.0, 0.0, 0.0, 0.0, 0.0, 0.0, 0.0, 0.0, 0.0, 0.0, 0.0, 0.0, 0.0, 0.0, 0.0]"
12,1179648,1196.165,1000.000,0.000,1000,1000,4288.512,169.508,3709.794,4660.371,1246.766,1000.000,0.000,1000.000,1000.000,4467.498,372.760,627.614,4857.214,33.754,0.000,466.249,0.000,0.000,0.197,0.983,0.000,1.398,0.000,0.000,2.356,2.355,135.006,37.380,47.704,425.090,13.239,"[5.071, 5.067, 5.063, 5.06, 5.057, 5.053, 5.049, 5.045, 5.041, 5.036, 5.031, 5.026, 5.021, 5.016, 5.01, 5.004, 4.997, 4.991, 4.984, 4.977, 4.97, 4.963, 4.955, 4.948, 4.94, 4.932, 4.923, 4.915, 4.906, 4.897, 4.888, 4.879]","[0.992, 0.984, 0.977, 0.971, 0.965, 0.959, 0.952, 0.945, 0.938, 0.931, 0.923, 0.915, 0.907, 0.898, 0.889, 0.88, 0.87, 0.86, 0.85, 0.84, 0.83, 0.819, 0.809, 0.798, 0.787, 0.776, 0.765, 0.754, 0.743, 0.732, 0.72, 0.709]","[4.32, 8.568, 12.757, 16.902, 20.993, 25.044, 29.05, 33.022, 36.973, 40.903, 44.815, 48.708, 52.58, 56.431, 60.262, 64.076, 67.873, 71.657, 75.425, 79.179, 82.923, 86.655, 90.37, 94.075, 97.765, 101.444, 105.109, 108.761, 112.401, 116.026, 119.642, 123.247]","[1.0, 0.999, 0.998, 0.997, 0.997, 0.996, 0.995, 0.994, 0.993, 0.992, 0.991, 0.99, 0.99, 0.989, 0.988, 0.987, 0.986, 0.985, 0.984, 0.984, 0.983, 0.982, 0.981, 0.98, 0.979, 0.978, 0.977, 0.977, 0.976, 0.975, 0.974, 0.973]","[0.0, 0.0, 0.0, 0.0, 0.0, 0.0, 0.0, 0.0, 0.0, 0.0, 0.0, 0.0, 0.0, 0.0, 0.0, 0.0, 0.0, 0.0, 0.0, 0.0, 0.0, 0.0, 0.0, 0.0, 0.0, 0.0, 0.0, 0.0, 0.0, 0.0, 0.0, 0.0]"
12,1327104,1194.101,1000.000,0.000,1000,1000,4565.300,158.162,4132.690,4971.974,1245.119,1000.000,0.000,1000.000,1000.000,4752.614,153.043,4323.222,5305.744,32.294,0.000,461.749,0.000,0.000,0.198,0.990,0.000,1.385,0.000,0.000,2.164,2.163,144.139,37.316,43.169,455.249,12.504,"[5.071, 5.067, 5.063, 5.06, 5.057, 5.053, 5.049, 5.045, 5.041, 5.037, 5.032, 5.027, 5.022, 5.016, 5.011, 5.005, 4.998, 4.992, 4.985, 4.978, 4.971, 4.964, 4.957, 4.949, 4.941, 4.933, 4.924, 4.916, 4.907, 4.898, 4.889, 4.88]","[0.992, 0.984, 0.978, 0.972, 0.966, 0.959, 0.953, 0.946, 0.94, 0.932, 0.925, 0.917, 0.909, 0.9, 0.892, 0.882, 0.873, 0.863, 0.854, 0.844, 0.834, 0.823, 0.813, 0.802, 0.791, 0.78, 0.769, 0.758, 0.747, 0.736, 0.725, 0.714]","[4.598, 9.135, 13.624, 18.065, 22.451, 26.796, 31.106, 35.384, 39.633, 43.859, 48.067, 52.256, 56.422, 60.565, 64.685, 68.789, 72.876, 76.945, 80.998, 85.041, 89.065, 93.078, 97.075, 101.059, 105.03, 108.985, 112.929, 116.86, 120.78, 124.688, 128.586, 132.472]","[1.0, 0.999, 0.998, 0.997, 0.997, 0.996, 0.995, 0.994, 0.993, 0.992, 0.991, 0.99, 0.99, 0.989, 0.988, 0.987, 0.986, 0.985, 0.984, 0.984, 0.983, 0.982, 0.981, 0.98, 0.979, 0.978, 0.977, 0.977, 0.976, 0.975, 0.974, 0.973]","[0.0, 0.0, 0.0, 0.0, 0.0, 0.0, 0.0, 0.0, 0.0, 0.0, 0.0, 0.0, 0.0, 0.0, 0.0, 0.0, 0.0, 0.0, 0.0, 0.0, 0.0, 0.0, 0.0, 0.0, 0.0, 0.0, 0.0, 0.0, 0.0, 0.0, 0.0, 0.0]"
12,1474560,1190.164,1000.000,0.000,1000,1000,4746.266,150.472,4304.981,5068.362,1243.505,1000.000,0.000,1000.000,1000.000,4948.494,132.989,4606.098,5279.154,30.356,0.000,457.249,0.000,0.000,0.198,0.988,0.000,1.371,0.000,0.000,1.974,1.973,151.601,37.193,39.282,479.033,11.996,"[5.071, 5.067, 5.064, 5.06, 5.057, 5.054, 5.05, 5.046, 5.042, 5.038, 5.033, 5.028, 5.023, 5.018, 5.012, 5.006, 5.0, 4.993, 4.987, 4.98, 4.973, 4.966, 4.958, 4.95, 4.942, 4.934, 4.926, 4.917, 4.908, 4.899, 4.89, 4.881]","[0.993, 0.985, 0.978, 0.972, 0.966, 0.96, 0.954, 0.948, 0.941, 0.934, 0.926, 0.919, 0.911, 0.902, 0.893, 0.884, 0.875, 0.865, 0.856, 0.846, 0.835, 0.825, 0.814, 0.804, 0.793, 0.782, 0.771, 0.759, 0.748, 0.737, 0.726, 0.714]","[4.83, 9.594, 14.32, 18.997, 23.622, 28.202, 32.743, 37.26, 41.753, 46.224, 50.673, 55.105, 59.518, 63.913, 68.293, 72.657, 77.005, 81.341, 85.668, 89.975, 94.272, 98.556, 102.829, 107.084, 111.327, 115.553, 119.767, 123.969, 128.16, 132.334, 136.502, 140.659]","[1.0, 0.999, 0.998, 0.997, 0.997, 0.996, 0.995, 0.994, 0.993, 0.992, 0.991, 0.99, 0.99, 0.989, 0.988, 0.987, 0.986, 0.985, 0.984, 0.984, 0.983, 0.982, 0.981, 0.98, 0.979, 0.978, 0.977, 0.977, 0.976, 0.975, 0.974, 0.973]","[0.0, 0.0, 0.0, 0.0, 0.0, 0.0, 0.0, 0.0, 0.0, 0.0, 0.0, 0.0, 0.0, 0.0, 0.0, 0.0, 0.0, 0.0, 0.0, 0.0, 0.0, 0.0, 0.0, 0.0, 0.0, 0.0, 0.0, 0.0, 0.0, 0.0, 0.0, 0.0]"
12,1622016,1190.295,1000.000,0.000,1000,1000,4920.235,131.939,4598.081,5218.442,1243.548,1000.000,0.000,1000.000,1000.000,5134.118,132.926,4831.688,5443.895,29.014,0.000,452.749,0.000,0.000,0.200,1.000,0.000,1.358,0.000,0.000,1.786,1.786,159.081,37.197,37.638,500.896,11.563,"[5.071, 5.067, 5.063, 5.06, 5.056, 5.053, 5.049, 5.045, 5.041, 5.036, 5.032, 5.027, 5.022, 5.016, 5.01, 5.004, 4.998, 4.991, 4.985, 4.978, 4.971, 4.963, 4.955, 4.948, 4.939, 4.931, 4.923, 4.914, 4.905, 4.896, 4.887, 4.877]","[0.992, 0.984, 0.978, 0.971, 0.965, 0.959, 0.953, 0.946, 0.94, 0.933, 0.925, 0.917, 0.909, 0.901, 0.892, 0.883, 0.874, 0.864, 0.854, 0.844, 0.834, 0.823, 0.813, 0.802, 0.791, 0.78, 0.769, 0.758, 0.746, 0.735, 0.724, 0.713]","[5.048, 10.038, 14.993, 19.897, 24.747, 29.556, 34.329, 39.076, 43.801, 48.5, 53.178, 57.839, 62.479, 67.101, 71.703, 76.291, 80.861, 85.419, 89.962, 94.492, 99.004, 103.502, 107.986, 112.456, 116.912, 121.358, 125.79, 130.213, 134.626, 139.026, 143.416, 147.796]","[1.0, 0.999, 0.998, 0.997, 0.997, 0.996, 0.995, 0.994, 0.993, 0.992, 0.991, 0.99, 0.99, 0.989, 0.988, 0.987, 0.986, 0.985, 0.984, 0.984, 0.983, 0.982, 0.981, 0.98, 0.979, 0.978, 0.977, 0.977, 0.976, 0.975, 0.974, 0.973]","[0.0, 0.0, 0.0, 0.0, 0.0, 0.0, 0.0, 0.0, 0.0, 0.0, 0.0, 0.0, 0.0, 0.0, 0.0, 0.0, 0.0, 0.0, 0.0, 0.0, 0.0, 0.0, 0.0, 0.0, 0.0, 0.0, 0.0, 0.0, 0.0, 0.0, 0.0, 0.0]"
12,1769472,1189.943,1000.000,0.000,1000,1000,5099.129,136.014,4758.849,5403.749,1244.344,1000.000,0.000,1000.000,1000.000,5234.857,437.149,1371.700,5568.409,27.908,0.000,448.249,0.000,0.000,0.197,0.987,0.000,1.344,0.000,0.000,1.598,1.597,164.948,37.186,33.901,521.219,10.995,"[5.071, 5.068, 5.064, 5.061, 5.058, 5.054, 5.051, 5.047, 5.043, 5.039, 5.034, 5.03, 5.025, 5.019, 5.014, 5.008, 5.002, 4.995, 4.989, 4.982, 4.975, 4.968, 4.96, 4.952, 4.944, 4.936, 4.927, 4.919, 4.91, 4.901, 4.892, 4.882]","[0.993, 0.985, 0.979, 0.973, 0.968, 0.962, 0.956, 0.95, 0.943, 0.937, 0.93, 0.922, 0.914, 0.906, 0.897, 0.889, 0.879, 0.87, 0.86, 0.85, 0.84, 0.83, 0.819, 0.808, 0.797, 0.786, 0.775, 0.764, 0.753, 0.741, 0.73, 0.719]","[5.222, 10.383, 15.508, 20.579, 25.615, 30.611, 35.573, 40.512, 45.427, 50.321, 55.197, 60.051, 64.885, 69.702, 74.502, 79.287, 84.055, 88.811, 93.551, 98.275, 102.988, 107.687, 112.37, 117.044, 121.703, 126.355, 130.994, 135.618, 140.233, 144.835, 149.428, 154.005]","[1.0, 0.999, 0.998, 0.997, 0.997, 0.996, 0.995, 0.994, 0.993, 0.992, 0.991, 0.99, 0.99, 0.989, 0.988, 0.987, 0.986, 0.985, 0.984, 0.984, 0.983, 0.982, 0.981, 0.98, 0.979, 0.978, 0.977, 0.977, 0.976, 0.975, 0.974, 0.973]","[0.0, 0.0, 0.0, 0.0, 0.0, 0.0, 0.0, 0.0, 0.0, 0.0, 0.0, 0.0, 0.0, 0.0, 0.0, 0.0, 0.0, 0.0, 0.0, 0.0, 0.0, 0.0, 0.0, 0.0, 0.0, 0.0, 0.0, 0.0, 0.0, 0.0, 0.0, 0.0]"
12,1916928,1189.718,1000.000,0.000,1000,1000,5232.000,144.965,4555.000,5558.706,1243.748,1000.000,0.000,1000.000,1000.000,5447.558,131.072,5062.585,5777.331,27.210,0.000,443.749,0.000,0.000,0.198,0.990,0.000,1.331,0.000,0.000,1.410,1.409,169.989,37.179,33.283,537.372,12.174,"[5.071, 5.067, 5.064, 5.06, 5.056, 5.053, 5.049, 5.045, 5.041, 5.037, 5.032, 5.027, 5.023, 5.017, 5.011, 5.005, 4.999, 4.993, 4.986, 4.979, 4.972, 4.965, 4.957, 4.949, 4.941, 4.933, 4.925, 4.916, 4.908, 4.899, 4.889, 4.88]","[0.993, 0.985, 0.979, 0.973, 0.967, 0.961, 0.955, 0.949, 0.943, 0.936, 0.929, 0.922, 0.914, 0.906, 0.897, 0.889, 0.88, 0.87, 0.86, 0.851, 0.841, 0.83, 0.82, 0.809, 0.798, 0.787, 0.776, 0.765, 0.754, 0.743, 0.732, 0.721]","[5.36, 10.684, 15.969, 21.204, 26.399, 31.554, 36.677, 41.77, 46.842, 51.889, 56.918, 61.922, 66.906, 71.867, 76.811, 81.737, 86.647, 91.542, 96.421, 101.284, 106.134, 110.971, 115.795, 120.604, 125.4, 130.181, 134.947, 139.693, 144.425, 149.138, 153.834, 158.517]","[1.0, 0.999, 0.998, 0.997, 0.997, 0.996, 0.995, 0.994, 0.993, 0.992, 0.991, 0.99, 0.99, 0.989, 0.988, 0.987, 0.986, 0.985, 0.984, 0.984, 0.983, 0.982, 0.981, 0.98, 0.979, 0.977, 0.976, 0.974, 0.972, 0.97, 0.969, 0.967]","[0.0, 0.0, 0.0, 0.0, 0.0, 0.0, 0.0, 0.0, 0.0, 0.0, 0.0, 0.0, 0.0, 0.0, 0.0, 0.0, 0.0, 0.0, 0.0, 0.0, 0.0, 0.0, 0.0, 0.0, 0.0, 0.0, 0.0, 0.0, 0.0, 0.0, 0.0, 0.0]"
12,2064384,1189.316,1000.000,0.000,1000,1000,5464.674,150.288,4963.219,5836.139,1244.481,1000.000,0.000,1000.000,1000.000,5601.183,123.100,5260.669,5889.669,25.602,0.000,439.249,0.000,0.000,0.196,0.981,0.000,1.317,0.000,0.000,1.235,1.234,174.629,37.166,28.213,555.358,10.425,"[5.071, 5.067, 5.064, 5.061, 5.058, 5.055, 5.052, 5.048, 5.044, 5.04, 5.036, 5.032, 5.027, 5.021, 5.016, 5.01, 5.004, 4.998, 4.991, 4.984, 4.977, 4.97, 4.962, 4.954, 4.946, 4.938, 4.93, 4.921, 4.912, 4.903, 4.893, 4.884]","[0.993, 0.985, 0.979, 0.973, 0.968, 0.963, 0.958, 0.952, 0.946, 0.94, 0.933, 0.926, 0.918, 0.91, 0.902, 0.893, 0.884, 0.875, 0.865, 0.855, 0.845, 0.835, 0.824, 0.814, 0.803, 0.792, 0.78, 0.769, 0.758, 0.746, 0.735, 0.723]","[5.542, 11.038, 16.468, 21.857, 27.2, 32.501, 37.768, 43.002, 48.199, 53.368, 58.508, 63.625, 68.717, 73.785, 78.83, 83.852, 88.859, 93.849, 98.822, 103.778, 108.717, 113.635, 118.533, 123.415, 128.276, 133.122, 137.958, 142.778, 147.585, 152.379, 157.164, 161.937]","[1.0, 0.998, 0.997, 0.995, 0.993, 0.991, 0.99, 0.988, 0.986, 0.984, 0.983, 0.981, 0.979, 0.977, 0.976, 0.974, 0.972, 0.97, 0.969, 0.967, 0.965, 0.964, 0.962, 0.96, 0.958, 0.957, 0.957, 0.956, 0.955, 0.954, 0.953, 0.952]","[0.0, 0.0, 0.0, 0.0, 0.0, 0.0, 0.0, 0.0, 0.0, 0.0, 0.0, 0.0, 0.0, 0.0, 0.0, 0.0, 0.0, 0.0, 0.0, 0.0, 0.0, 0.0, 0.0, 0.0, 0.0, 0.0, 0.0, 0.0, 0.0, 0.0, 0.0, 0.0]"
12,2211840,1191.010,1000.000,0.000,1000,1000,5647.258,124.838,5341.805,6010.910,1244.277,1000.000,0.000,1000.000,1000.000,5753.338,114.069,5377.652,6145.018,24.582,0.000,434.749,0.000,0.000,0.199,0.995,0.000,1.304,0.000,0.000,1.056,1.055,178.867,37.219,27.546,570.843,10.704,"[5.072, 5.067, 5.064, 5.061, 5.058, 5.054, 5.051, 5.047, 5.043, 5.039, 5.035, 5.03, 5.025, 5.02, 5.014, 5.008, 5.002, 4.995, 4.988, 4.981, 4.974, 4.966, 4.958, 4.95, 4.941, 4.932, 4.923, 4.914, 4.905, 4.895, 4.885, 4.875]","[0.993, 0.985, 0.979, 0.973, 0.968, 0.962, 0.957, 0.951, 0.945, 0.938, 0.931, 0.924, 0.916, 0.908, 0.899, 0.89, 0.88, 0.871, 0.86, 0.85, 0.839, 0.829, 0.818, 0.806, 0.795, 0.783, 0.772, 0.76, 0.748, 0.736, 0.724, 0.712]","[5.719, 11.399, 17.041, 22.637, 28.191, 33.703, 39.182, 44.63, 50.051, 55.455, 60.836, 66.201, 71.541, 76.861, 82.158, 87.442, 92.71, 97.962, 103.198, 108.42, 113.628, 118.822, 123.998, 129.159, 134.304, 139.438, 144.554, 149.656, 154.746, 159.82, 164.881, 169.93]","[1.0, 0.999, 0.998, 0.997, 0.997, 0.996, 0.995, 0.994, 0.993, 0.992, 0.991, 0.99, 0.99, 0.989, 0.988, 0.987, 0.986, 0.985, 0.984, 0.984, 0.983, 0.982, 0.981, 0.98, 0.979, 0.978, 0.977, 0.977, 0.976, 0.975, 0.974, 0.973]","[0.0, 0.0, 0.0, 0.0, 0.0, 0.0, 0.0, 0.0, 0.0, 0.0, 0.0, 0.0, 0.0, 0.0, 0.0, 0.0, 0.0, 0.0, 0.0, 0.0, 0.0, 0.0, 0.0, 0.0, 0.0, 0.0, 0.0, 0.0, 0.0, 0.0, 0.0, 0.0]"
12,2359296,1189.451,1000.000,0.000,1000,1000,5770.242,131.244,5376.892,6098.620,1245.235,1000.000,0.000,1000.000,1000.000,5868.529,114.696,5613.621,6151.167,24.123,0.000,430.249,0.000,0.000,0.200,1.001,0.000,1.290,0.000,0.000,0.874,0.873,183.067,37.170,27.662,584.025,11.007,"[5.072, 5.067, 5.064, 5.061, 5.057, 5.054, 5.051, 5.047, 5.043, 5.039, 5.034, 5.03, 5.025, 5.019, 5.013, 5.007, 5.001, 4.994, 4.987, 4.98, 4.973, 4.965, 4.957, 4.948, 4.94, 4.931, 4.922, 4.913, 4.904, 4.894, 4.884, 4.874]","[0.993, 0.985, 0.979, 0.973, 0.967, 0.962, 0.956, 0.95, 0.944, 0.937, 0.93, 0.923, 0.915, 0.907, 0.898, 0.889, 0.88, 0.87, 0.86, 0.849, 0.839, 0.828, 0.817, 0.805, 0.794, 0.782, 0.77, 0.759, 0.747, 0.735, 0.723, 0.711]","[5.838, 11.632, 17.395, 23.108, 28.777, 34.405, 40.001, 45.572, 51.122, 56.646, 62.149, 67.635, 73.099, 78.543, 83.967, 89.376, 94.767, 100.143, 105.503, 110.847, 116.176, 121.495, 126.796, 132.086, 137.36, 142.62, 147.867, 153.1, 158.317, 163.521, 168.714, 173.89]","[1.0, 0.999, 0.998, 0.997, 0.997, 0.996, 0.995, 0.994, 0.993, 0.992, 0.991, 0.99, 0.99, 0.989, 0.988, 0.987, 0.986, 0.985, 0.984, 0.984, 0.983, 0.982, 0.981, 0.98, 0.979, 0.978, 0.977, 0.977, 0.976, 0.975, 0.974, 0.973]","[0.0, 0.0, 0.0, 0.0, 0.0, 0.0, 0.0, 0.0, 0.0, 0.0, 0.0, 0.0, 0.0, 0.0, 0.0, 0.0, 0.0, 0.0, 0.0, 0.0, 0.0, 0.0, 0.0, 0.0, 0.0, 0.0, 0.0, 0.0, 0.0, 0.0, 0.0, 0.0]"
12,2506752,1195.484,1000.000,0.000,1000,1000,5842.375,104.977,5557.541,6110.609,1247.894,1000.000,0.000,1000.000,1000.000,5973.376,124.354,5613.687,6335.771,23.598,0.000,425.749,0.000,0.000,0.200,0.999,0.000,1.277,0.000,0.000,0.718,0.717,187.042,37.359,25.895,594.607,10.334,"[5.071, 5.067, 5.064, 5.061, 5.058, 5.055, 5.051, 5.048, 5.044, 5.04, 5.036, 5.031, 5.026, 5.021, 5.015, 5.01, 5.003, 4.997, 4.99, 4.983, 4.975, 4.968, 4.96, 4.952, 4.943, 4.935, 4.926, 4.916, 4.907, 4.897, 4.888, 4.878]","[0.993, 0.985, 0.979, 0.973, 0.968, 0.962, 0.957, 0.951, 0.945, 0.939, 0.932, 0.925, 0.918, 0.909, 0.901, 0.892, 0.883, 0.873, 0.863, 0.853, 0.842, 0.831, 0.82, 0.809, 0.797, 0.786, 0.774, 0.762, 0.75, 0.739, 0.726, 0.714]","[5.942, 11.844, 17.702, 23.519, 29.293, 35.037, 40.75, 46.437, 52.099, 57.747, 63.377, 68.983, 74.569, 80.139, 85.689, 91.219, 96.734, 102.233, 107.717, 113.187, 118.643, 124.084, 129.509, 134.922, 140.319, 145.705, 151.077, 156.437, 161.783, 167.115, 172.434, 177.741]","[1.0, 0.999, 0.998, 0.997, 0.997, 0.996, 0.995, 0.994, 0.993, 0.992, 0.991, 0.99, 0.99, 0.989, 0.988, 0.987, 0.986, 0.985, 0.984, 0.984, 0.983, 0.982, 0.981, 0.98, 0.979, 0.978, 0.977, 0.977, 0.976, 0.975, 0.974, 0.973]","[0.0, 0.0, 0.0, 0.0, 0.0, 0.0, 0.0, 0.0, 0.0, 0.0, 0.0, 0.0, 0.0, 0.0, 0.0, 0.0, 0.0, 0.0, 0.0, 0.0, 0.0, 0.0, 0.0, 0.0, 0.0, 0.0, 0.0, 0.0, 0.0, 0.0, 0.0, 0.0]"
12,2654208,1197.116,1000.000,0.000,1000,1000,5947.420,114.576,5626.949,6257.017,1246.845,1000.000,0.000,1000.000,1000.000,6053.965,113.556,5748.803,6302.391,22.905,0.000,421.249,0.000,0.000,0.199,0.997,0.000,1.263,0.000,0.000,0.552,0.551,191.361,37.410,24.111,606.816,9.717,"[5.072, 5.068, 5.064, 5.061, 5.058, 5.055, 5.052, 5.048, 5.045, 5.041, 5.037, 5.032, 5.027, 5.022, 5.016, 5.01, 5.004, 4.998, 4.991, 4.984, 4.976, 4.968, 4.96, 4.952, 4.944, 4.935, 4.926, 4.917, 4.907, 4.898, 4.888, 4.878]","[0.993, 0.986, 0.979, 0.974, 0.969, 0.963, 0.958, 0.953, 0.947, 0.94, 0.934, 0.927, 0.919, 0.911, 0.903, 0.894, 0.884, 0.875, 0.864, 0.854, 0.843, 0.833, 0.821, 0.81, 0.799, 0.787, 0.775, 0.763, 0.751, 0.739, 0.727, 0.715]","[6.079, 12.115, 18.113, 24.066, 29.988, 35.867, 41.719, 47.544, 53.345, 59.125, 64.886, 70.626, 76.342, 82.034, 87.706, 93.364, 99.004, 104.628, 110.236, 115.832, 121.412, 126.976, 132.522, 138.058, 143.579, 149.084, 154.575, 160.057, 165.521, 170.975, 176.413, 181.841]","[1.0, 0.999, 0.998, 0.997, 0.997, 0.996, 0.995, 0.994, 0.993, 0.992, 0.991, 0.99, 0.99, 0.989, 0.988, 0.987, 0.986, 0.985, 0.984, 0.984, 0.983, 0.982, 0.981, 0.98, 0.979, 0.978, 0.977, 0.977, 0.976, 0.975, 0.974, 0.973]","[0.0, 0.0, 0.0, 0.0, 0.0, 0.0, 0.0, 0.0, 0.0, 0.0, 0.0, 0.0, 0.0, 0.0, 0.0, 0.0, 0.0, 0.0, 0.0, 0.0, 0.0, 0.0, 0.0, 0.0, 0.0, 0.0, 0.0, 0.0, 0.0, 0.0, 0.0, 0.0]"
12,2801664,1199.841,1000.000,0.000,1000,1000,6047.883,118.452,5661.976,6348.462,1247.360,1000.000,0.000,1000.000,1000.000,6160.286,108.471,5784.700,6397.717,22.358,0.000,416.749,0.000,0.000,0.199,0.996,0.000,1.250,0.000,0.000,0.384,0.383,194.493,37.495,23.336,617.640,9.752,"[5.072, 5.068, 5.065, 5.062, 5.059, 5.056, 5.052, 5.049, 5.046, 5.042, 5.038, 5.033, 5.028, 5.023, 5.017, 5.012, 5.005, 4.999, 4.992, 4.985, 4.977, 4.969, 4.961, 4.953, 4.944, 4.936, 4.926, 4.917, 4.908, 4.898, 4.888, 4.877]","[0.993, 0.986, 0.98, 0.975, 0.97, 0.965, 0.959, 0.954, 0.948, 0.942, 0.936, 0.929, 0.921, 0.913, 0.904, 0.895, 0.886, 0.876, 0.866, 0.856, 0.845, 0.834, 0.823, 0.811, 0.799, 0.788, 0.776, 0.764, 0.751, 0.739, 0.727, 0.715]","[6.158, 12.275, 18.366, 24.42, 30.438, 36.423, 42.377, 48.302, 54.202, 60.08, 65.939, 71.778, 77.592, 83.384, 89.159, 94.915, 100.659, 106.387, 112.099, 117.798, 123.483, 129.153, 134.807, 140.448, 146.074, 151.685, 157.282, 162.865, 168.437, 173.992, 179.54, 185.074]","[1.0, 0.999, 0.998, 0.997, 0.997, 0.996, 0.995, 0.994, 0.993, 0.992, 0.991, 0.99, 0.99, 0.989, 0.988, 0.987, 0.986, 0.985, 0.984, 0.984, 0.983, 0.982, 0.981, 0.98, 0.979, 0.978, 0.977, 0.977, 0.976, 0.975, 0.974, 0.973]","[0.0, 0.0, 0.0, 0.0, 0.0, 0.0, 0.0, 0.0, 0.0, 0.0, 0.0, 0.0, 0.0, 0.0, 0.0, 0.0, 0.0, 0.0, 0.0, 0.0, 0.0, 0.0, 0.0, 0.0, 0.0, 0.0, 0.0, 0.0, 0.0, 0.0, 0.0, 0.0]"
12,2949120,1196.800,1000.000,0.000,1000,1000,6156.006,133.685,5069.322,6458.205,1246.524,1000.000,0.000,1000.000,1000.000,6220.553,103.706,5923.119,6469.336,22.318,0.000,412.249,0.001,0.000,0.200,0.999,0.000,1.236,0.000,0.000,0.209,0.207,196.967,37.400,24.067,627.331,10.679,"[5.071, 5.066, 5.062, 5.059, 5.056, 5.052, 5.049, 5.045, 5.042, 5.037, 5.033, 5.029, 5.024, 5.019, 5.013, 5.007, 5.001, 4.994, 4.988, 4.981, 4.973, 4.966, 4.958, 4.95, 4.941, 4.933, 4.924, 4.915, 4.906, 4.896, 4.886, 4.876]","[0.992, 0.984, 0.977, 0.971, 0.966, 0.961, 0.956, 0.95, 0.944, 0.938, 0.932, 0.925, 0.918, 0.91, 0.901, 0.892, 0.883, 0.874, 0.864, 0.854, 0.843, 0.833, 0.822, 0.811, 0.8, 0.788, 0.777, 0.765, 0.753, 0.742, 0.73, 0.718]","[6.227, 12.401, 18.534, 24.625, 30.674, 36.676, 42.639, 48.562, 54.457, 60.327, 66.173, 71.991, 77.78, 83.544, 89.287, 95.012, 100.717, 106.404, 112.071, 117.722, 123.353, 128.96, 134.546, 140.113, 145.664, 151.199, 156.714, 162.213, 167.697, 173.165, 178.617, 184.054]","[1.0, 0.998, 0.997, 0.995, 0.993, 0.991, 0.99, 0.988, 0.986, 0.984, 0.983, 0.981, 0.979, 0.977, 0.976, 0.974, 0.972, 0.97, 0.969, 0.967, 0.965, 0.964, 0.962, 0.96, 0.958, 0.957, 0.955, 0.953, 0.951, 0.95, 0.948, 0.946]","[0.0, 0.0, 0.0, 0.0, 0.0, 0.0, 0.0, 0.0, 0.0, 0.0, 0.0, 0.0, 0.0, 0.0, 0.0, 0.0, 0.0, 0.0, 0.0, 0.0, 0.0, 0.0, 0.0, 0.0, 0.0, 0.0, 0.0, 0.0, 0.0, 0.0, 0.0, 0.0]"
3,249856,1360.397,1000.000,0.000,1000,1000,477.476,113.647,34.360,765.052,1375.344,1000.000,0.000,1000.000,1000.000,779.944,124.741,395.137,1127.083,13.592,6.117,496.186,0.000,0.000,0.357,1.785,1.834,1.488,0.001,0.000,3.872,3.873,12.346,42.512,16.713,38.703,6.818,"[4.151, 4.143, 4.136, 4.13, 4.123, 4.116, 4.109, 4.1, 4.091, 4.081, 4.071, 4.06, 4.049, 4.037, 4.026, 4.014, 4.002, 3.991, 3.981, 3.973, 3.965, 3.96, 3.956, 3.955, 3.955, 3.956, 3.959, 3.963, 3.967, 3.972, 3.976, 3.981]","[0.984, 0.968, 0.955, 0.942, 0.93, 0.918, 0.904, 0.888, 0.873, 0.856, 0.839, 0.821, 0.803, 0.785, 0.768, 0.751, 0.734, 0.72, 0.707, 0.697, 0.689, 0.684, 0.682, 0.682, 0.684, 0.688, 0.694, 0.701, 0.708, 0.715, 0.721, 0.728]","[0.51, 0.897, 1.241, 1.565, 1.869, 2.149, 2.401, 2.633, 2.852, 3.058, 3.252, 3.432, 3.599, 3.753, 3.892, 4.016, 4.118, 4.191, 4.234, 4.246, 4.23, 4.178, 4.097, 3.98, 3.846, 3.686, 3.517, 3.343, 3.168, 2.996, 2.826, 2.663]","[1.0, 0.999, 0.999, 0.998, 0.998, 0.997, 0.997, 0.996, 0.996, 0.995, 0.995, 0.994, 0.994, 0.993, 0.993, 0.992, 0.992, 0.991, 0.991, 0.99, 0.99, 0.989, 0.989, 0.988, 0.988, 0.987, 0.987, 0.986, 0.986, 0.985, 0.985, 0.984]","[0.0, 0.0, 0.0, 0.0, 0.0, 0.0, 0.0, 0.0, 0.0, 0.0, 0.001, 0.001, 0.002, 0.003, 0.004, 0.007, 0.01, 0.014, 0.019, 0.023, 0.029, 0.034, 0.039, 0.043, 0.047, 0.05, 0.051, 0.051, 0.051, 0.05, 0.049, 0.047]"
3,499712,1695.156,1000.000,0.000,1000,1000,880.848,294.082,344.716,1604.306,1811.242,1000.000,0.000,1000.000,1000.000,2354.969,293.057,180.869,2834.774,21.419,0.631,488.561,0.000,0.000,0.422,2.109,0.188,1.465,0.001,0.000,3.618,3.619,35.854,52.974,49.106,113.244,12.690,"[4.145, 4.133, 4.121, 4.111, 4.101, 4.09, 4.079, 4.067, 4.056, 4.044, 4.032, 4.02, 4.008, 3.997, 3.987, 3.977, 3.97, 3.963, 3.959, 3.956, 3.954, 3.954, 3.956, 3.958, 3.96, 3.962, 3.965, 3.967, 3.969, 3.971, 3.972, 3.973]","[0.974, 0.95, 0.928, 0.909, 0.892, 0.874, 0.855, 0.837, 0.818, 0.799, 0.781, 0.764, 0.747, 0.732, 0.718, 0.706, 0.696, 0.689, 0.684, 0.682, 0.681, 0.683, 0.686, 0.689, 0.693, 0.697, 0.701, 0.704, 0.707, 0.709, 0.71, 0.711]","[1.432, 2.64, 3.781, 4.889, 5.957, 6.976, 7.959, 8.909, 9.834, 10.732, 11.605, 12.434, 13.214, 13.926, 14.544, 15.051, 15.409, 15.598, 15.605, 15.433, 15.118, 14.632, 14.018, 13.335, 12.644, 11.93, 11.228, 10.592, 9.984, 9.458, 9.042, 8.684]","[1.0, 0.999, 0.998, 0.997, 0.996, 0.995, 0.994, 0.993, 0.992, 0.991, 0.99, 0.989, 0.988, 0.987, 0.986, 0.985, 0.984, 0.983, 0.982, 0.981, 0.98, 0.978, 0.977, 0.976, 0.975, 0.974, 0.973, 0.972, 0.971, 0.97, 0.969, 0.968]","[0.0, 0.0, 0.0, 0.0, 0.0, 0.0, 0.001, 0.001, 0.002, 0.003, 0.005, 0.007, 0.01, 0.014, 0.018, 0.024, 0.03, 0.036, 0.042, 0.046, 0.051, 0.054, 0.055, 0.055, 0.056, 0.055, 0.053, 0.052, 0.05, 0.048, 0.047, 0.045]"
3,749568,1696.162,1000.000,0.000,1000,1000,2316.182,314.816,1608.957,2989.581,1815.118,1000.000,0.000,1000.000,1000.000,2953.758,149.617,2606.022,3365.412,29.100,0.015,480.936,0.001,0.000,0.361,1.806,0.005,1.442,0.000,0.000,3.033,3.033,76.207,53.005,59.797,245.165,14.170,"[4.15, 4.142, 4.135, 4.128, 4.121, 4.114, 4.106, 4.098, 4.09, 4.081, 4.072, 4.063, 4.053, 4.044, 4.034, 4.023, 4.013, 4.002, 3.992, 3.982, 3.972, 3.962, 3.954, 3.946, 3.939, 3.934, 3.93, 3.927, 3.926, 3.927, 3.929, 3.932]","[0.983, 0.968, 0.954, 0.942, 0.93, 0.918, 0.905, 0.892, 0.879, 0.866, 0.852, 0.839, 0.825, 0.81, 0.796, 0.782, 0.768, 0.753, 0.74, 0.727, 0.714, 0.703, 0.693, 0.684, 0.676, 0.671, 0.667, 0.665, 0.666, 0.668, 0.672, 0.677]","[2.779, 5.205, 7.552, 9.845, 12.078, 14.248, 16.371, 18.457, 20.511, 22.543, 24.554, 26.551, 28.52, 30.472, 32.399, 34.31, 36.194, 38.051, 39.867, 41.613, 43.282, 44.832, 46.229, 47.456, 48.444, 49.183, 49.625, 49.766, 49.569, 49.064, 48.272, 47.209]","[1.0, 0.999, 0.998, 0.997, 0.996, 0.995, 0.994, 0.993, 0.992, 0.991, 0.99, 0.989, 0.988, 0.987, 0.986, 0.985, 0.984, 0.983, 0.982, 0.981, 0.98, 0.978, 0.977, 0.976, 0.975, 0.974, 0.973, 0.972, 0.971, 0.97, 0.969, 0.968]","[0.0, 0.0, 0.0, 0.0, 0.0, 0.0, 0.0, 0.0, 0.0, 0.0, 0.001, 0.001, 0.001, 0.001, 0.001, 0.002, 0.002, 0.003, 0.005, 0.006, 0.009, 0.012, 0.015, 0.019, 0.023, 0.028, 0.032, 0.036, 0.04, 0.043, 0.046, 0.049]"
3,999424,1693.964,1000.000,0.000,1000,1000,2966.962,231.325,1804.931,3486.434,1815.211,1000.000,0.000,1000.000,1000.000,3353.375,172.434,2897.653,3863.796,35.023,0.001,473.311,0.001,0.000,0.234,1.169,0.000,1.420,0.000,0.000,2.644,2.643,96.700,52.936,57.406,307.331,14.767,"[4.154, 4.148, 4.144, 4.139, 4.135, 4.13, 4.125, 4.12, 4.115, 4.109, 4.103, 4.097, 4.09, 4.084, 4.077, 4.07, 4.062, 4.055, 4.047, 4.039, 4.031, 4.023, 4.015, 4.006, 3.998, 3.989, 3.98, 3.971, 3.963, 3.955, 3.947, 3.94]","[0.99, 0.98, 0.971, 0.963, 0.955, 0.947, 0.939, 0.93, 0.921, 0.912, 0.902, 0.892, 0.882, 0.872, 0.861, 0.85, 0.839, 0.828, 0.817, 0.806, 0.794, 0.783, 0.772, 0.76, 0.749, 0.738, 0.727, 0.716, 0.706, 0.697, 0.688, 0.68]","[3.381, 6.363, 9.281, 12.154, 14.979, 17.74, 20.453, 23.138, 25.802, 28.446, 31.066, 33.664, 36.243, 38.802, 41.346, 43.871, 46.38, 48.881, 51.367, 53.833, 56.291, 58.738, 61.156, 63.56, 65.934, 68.27, 70.573, 72.819, 74.978, 77.026, 78.94, 80.69]","[1.0, 0.999, 0.998, 0.997, 0.996, 0.995, 0.994, 0.993, 0.992, 0.991, 0.99, 0.989, 0.988, 0.987, 0.986, 0.985, 0.984, 0.983, 0.982, 0.981, 0.98, 0.978, 0.977, 0.976, 0.975, 0.974, 0.973, 0.972, 0.971, 0.97, 0.969, 0.968]","[0.0, 0.0, 0.0, 0.0, 0.0, 0.0, 0.0, 0.0, 0.0, 0.0, 0.0, 0.0, 0.0, 0.0, 0.0, 0.0, 0.0, 0.0, 0.0, 0.0, 0.001, 0.001, 0.001, 0.001, 0.001, 0.002, 0.002, 0.004, 0.005, 0.006, 0.008, 0.011]"
3,1249280,1698.549,1000.000,0.000,1000,1000,3396.334,184.956,2910.293,3991.101,1817.061,1000.000,0.000,1000.000,1000.000,3691.932,176.876,3255.153,4205.719,36.577,0.000,465.686,0.001,0.000,0.200,0.999,0.000,1.397,0.000,0.000,2.314,2.313,110.735,53.080,53.410,349.862,13.879,"[4.154, 4.15, 4.146, 4.143, 4.139, 4.135, 4.131, 4.127, 4.122, 4.117, 4.112, 4.107, 4.102, 4.096, 4.09, 4.084, 4.077, 4.071, 4.064, 4.057, 4.05, 4.043, 4.035, 4.028, 4.02, 4.012, 4.004, 3.996, 3.988, 3.98, 3.971, 3.963]","[0.991, 0.983, 0.976, 0.969, 0.963, 0.956, 0.949, 0.941, 0.934, 0.926, 0.918, 0.909, 0.901, 0.892, 0.882, 0.873, 0.863, 0.853, 0.843, 0.833, 0.822, 0.812, 0.802, 0.791, 0.781, 0.77, 0.759, 0.749, 0.738, 0.728, 0.718, 0.708]","[3.835, 7.249, 10.612, 13.915, 17.17, 20.368, 23.524, 26.649, 29.755, 32.839, 35.901, 38.945, 41.967, 44.972, 47.959, 50.925, 53.877, 56.819, 59.749, 62.664, 65.563, 68.448, 71.323, 74.185, 77.027, 79.846, 82.647, 85.418, 88.163, 90.87, 93.524, 96.121]","[1.0, 0.999, 0.998, 0.997, 0.996, 0.995, 0.994, 0.993, 0.992, 0.991, 0.99, 0.989, 0.988, 0.987, 0.986, 0.985, 0.984, 0.983, 0.982, 0.981, 0.98, 0.978, 0.977, 0.976, 0.975, 0.974, 0.973, 0.972, 0.971, 0.97, 0.969, 0.968]","[0.0, 0.0, 0.0, 0.0, 0.0, 0.0, 0.0, 0.0, 0.0, 0.0, 0.0, 0.0, 0.0, 0.0, 0.0, 0.0, 0.0, 0.0, 0.0, 0.0, 0.0, 0.0, 0.0, 0.0, 0.0, 0.001, 0.001, 0.001, 0.001, 0.002, 0.002, 0.003]"
3,1499136,1695.693,1000.000,0.000,1000,1000,3779.758,185.444,3189.990,4214.839,1814.564,1000.000,0.000,1000.000,1000.000,4031.448,161.312,3686.846,4464.679,36.334,0.000,458.061,0.001,0.000,0.199,0.995,0.000,1.374,0.000,0.000,2.006,2.004,122.229,52.990,53.088,386.804,14.009,"[4.155, 4.15, 4.146, 4.143, 4.139, 4.135, 4.131, 4.127, 4.122, 4.118, 4.113, 4.108, 4.103, 4.097, 4.091, 4.085, 4.079, 4.072, 4.066, 4.059, 4.052, 4.044, 4.037, 4.03, 4.022, 4.014, 4.006, 3.998, 3.99, 3.982, 3.973, 3.965]","[0.992, 0.983, 0.976, 0.969, 0.963, 0.956, 0.949, 0.942, 0.935, 0.927, 0.919, 0.911, 0.902, 0.893, 0.884, 0.875, 0.865, 0.856, 0.846, 0.835, 0.825, 0.815, 0.805, 0.794, 0.784, 0.774, 0.763, 0.753, 0.742, 0.732, 0.722, 0.712]","[4.225, 7.998, 11.711, 15.37, 18.986, 22.549, 26.068, 29.558, 33.023, 36.467, 39.891, 43.296, 46.685, 50.048, 53.392, 56.723, 60.032, 63.331, 66.615, 69.882, 73.136, 76.379, 79.605, 82.811, 86.005, 89.175, 92.328, 95.447, 98.525, 101.56, 104.558, 107.476]","[1.0, 0.999, 0.998, 0.997, 0.996, 0.995, 0.994, 0.993, 0.992, 0.991, 0.99, 0.989, 0.988, 0.987, 0.986, 0.985, 0.984, 0.983, 0.982, 0.981, 0.98, 0.978, 0.977, 0.976, 0.975, 0.974, 0.973, 0.972, 0.971, 0.97, 0.969, 0.968]","[0.0, 0.0, 0.0, 0.0, 0.0, 0.0, 0.0, 0.0, 0.0, 0.0, 0.0, 0.0, 0.0, 0.0, 0.0, 0.0, 0.0, 0.0, 0.0, 0.0, 0.0, 0.0, 0.0, 0.0, 0.001, 0.001, 0.001, 0.001, 0.001, 0.002, 0.002, 0.003]"
3,1748992,1696.705,1000.000,0.000,1000,1000,4061.797,227.319,1854.395,4569.377,1814.725,1000.000,0.000,1000.000,1000.000,4301.693,175.609,3864.517,4639.850,35.990,0.000,450.436,0.001,0.000,0.202,1.010,0.000,1.351,0.000,0.000,1.702,1.700,130.646,53.022,52.930,414.414,16.337,"[4.155, 4.15, 4.146, 4.143, 4.139, 4.135, 4.131, 4.127, 4.123, 4.118, 4.113, 4.109, 4.103, 4.098, 4.092, 4.086, 4.08, 4.073, 4.067, 4.06, 4.053, 4.046, 4.038, 4.031, 4.023, 4.015, 4.008, 4.0, 3.991, 3.983, 3.975, 3.967]","[0.992, 0.983, 0.976, 0.969, 0.963, 0.957, 0.95, 0.943, 0.936, 0.929, 0.921, 0.913, 0.905, 0.897, 0.888, 0.878, 0.869, 0.859, 0.85, 0.84, 0.83, 0.82, 0.809, 0.799, 0.789, 0.778, 0.768, 0.758, 0.748, 0.737, 0.727, 0.718]","[4.503, 8.551, 12.532, 16.456, 20.324, 24.144, 27.945, 31.71, 35.449, 39.166, 42.856, 46.529, 50.181, 53.805, 57.41, 60.996, 64.561, 68.115, 71.656, 75.178, 78.68, 82.165, 85.63, 89.086, 92.522, 95.938, 99.316, 102.67, 106.004, 109.294, 112.516, 115.675]","[1.0, 0.999, 0.998, 0.997, 0.996, 0.995, 0.994, 0.993, 0.992, 0.991, 0.99, 0.989, 0.988, 0.987, 0.986, 0.985, 0.984, 0.983, 0.982, 0.981, 0.98, 0.978, 0.977, 0.976, 0.975, 0.974, 0.973, 0.972, 0.971, 0.97, 0.969, 0.968]","[0.0, 0.0, 0.0, 0.0, 0.0, 0.001, 0.001, 0.001, 0.001, 0.001, 0.001, 0.001, 0.001, 0.001, 0.001, 0.001, 0.001, 0.001, 0.001, 0.001, 0.001, 0.002, 0.001, 0.002, 0.002, 0.002, 0.002, 0.002, 0.002, 0.003, 0.003, 0.004]"
3,1998848,1695.133,1000.000,0.000,1000,1000,4341.479,175.340,3776.609,4735.543,1814.943,1000.000,0.000,1000.000,1000.000,4476.674,278.367,2068.491,4890.873,34.932,0.000,442.811,0.001,0.000,0.199,0.993,0.000,1.328,0.000,0.000,1.436,1.434,139.355,52.973,48.104,442.180,14.062,"[4.154, 4.15, 4.146, 4.143, 4.139, 4.135, 4.132, 4.127, 4.123, 4.119, 4.114, 4.109, 4.104, 4.098, 4.092, 4.086, 4.08, 4.074, 4.067, 4.06, 4.053, 4.046, 4.038, 4.031, 4.023, 4.015, 4.007, 3.999, 3.991, 3.983, 3.975, 3.966]","[0.991, 0.983, 0.976, 0.97, 0.963, 0.957, 0.951, 0.944, 0.937, 0.93, 0.922, 0.914, 0.906, 0.897, 0.889, 0.88, 0.87, 0.861, 0.851, 0.841, 0.831, 0.821, 0.81, 0.8, 0.79, 0.779, 0.769, 0.759, 0.748, 0.738, 0.728, 0.718]","[4.817, 9.146, 13.415, 17.627, 21.788, 25.905, 29.979, 34.016, 38.032, 42.022, 45.985, 49.929, 53.852, 57.753, 61.633, 65.498, 69.337, 73.166, 76.977, 80.771, 84.548, 88.309, 92.051, 95.771, 99.472, 103.144, 106.787, 110.409, 113.99, 117.525, 120.98, 124.382]","[1.0, 0.999, 0.998, 0.997, 0.996, 0.995, 0.994, 0.993, 0.992, 0.991, 0.99, 0.989, 0.988, 0.987, 0.986, 0.985, 0.984, 0.983, 0.982, 0.981, 0.98, 0.978, 0.977, 0.976, 0.975, 0.974, 0.973, 0.972, 0.971, 0.97, 0.969, 0.968]","[0.0, 0.0, 0.0, 0.0, 0.0, 0.0, 0.0, 0.0, 0.0, 0.0, 0.0, 0.0, 0.0, 0.0, 0.0, 0.0, 0.0, 0.0, 0.0, 0.0, 0.0, 0.0, 0.0, 0.0, 0.001, 0.001, 0.001, 0.001, 0.001, 0.002, 0.002, 0.003]"
3,2248704,1694.602,1000.000,0.000,1000,1000,4573.538,164.416,4143.478,4979.241,1816.251,1000.000,0.000,1000.000,1000.000,4717.546,168.092,4271.277,5178.117,34.132,0.000,435.186,0.001,0.000,0.200,1.000,0.000,1.305,0.000,0.000,1.165,1.164,146.253,52.956,46.007,465.631,13.968,"[4.154, 4.15, 4.146, 4.142, 4.139, 4.135, 4.132, 4.128, 4.123, 4.119, 4.114, 4.109, 4.104, 4.099, 4.093, 4.087, 4.081, 4.074, 4.068, 4.061, 4.054, 4.046, 4.039, 4.031, 4.023, 4.015, 4.007, 3.999, 3.991, 3.983, 3.974, 3.966]","[0.991, 0.983, 0.976, 0.969, 0.963, 0.957, 0.951, 0.944, 0.937, 0.93, 0.923, 0.915, 0.907, 0.899, 0.89, 0.881, 0.872, 0.862, 0.852, 0.842, 0.832, 0.822, 0.812, 0.801, 0.791, 0.781, 0.77, 0.76, 0.749, 0.739, 0.729, 0.72]","[5.042, 9.589, 14.08, 18.52, 22.91, 27.246, 31.539, 35.804, 40.043, 44.274, 48.471, 52.649, 56.799, 60.929, 65.04, 69.13, 73.201, 77.247, 81.282, 85.294, 89.295, 93.267, 97.211, 101.141, 105.045, 108.92, 112.757, 116.561, 120.324, 124.007, 127.63, 131.192]","[1.0, 0.999, 0.998, 0.997, 0.996, 0.995, 0.994, 0.993, 0.992, 0.991, 0.99, 0.989, 0.988, 0.987, 0.986, 0.985, 0.984, 0.983, 0.982, 0.981, 0.98, 0.978, 0.977, 0.976, 0.975, 0.974, 0.973, 0.972, 0.971, 0.97, 0.969, 0.968]","[0.0, 0.0, 0.0, 0.0, 0.0, 0.0, 0.0, 0.0, 0.0, 0.0, 0.0, 0.0, 0.0, 0.0, 0.0, 0.0, 0.0, 0.0, 0.0, 0.001, 0.001, 0.001, 0.001, 0.001, 0.001, 0.001, 0.002, 0.002, 0.002, 0.003, 0.003, 0.004]"
3,2498560,1694.550,1000.000,0.000,1000,1000,4759.366,165.699,4279.665,5205.116,1812.636,1000.000,0.000,1000.000,1000.000,4862.807,156.774,4274.010,5249.429,33.868,0.000,427.561,0.001,0.000,0.204,1.022,0.000,1.282,0.000,0.000,0.892,0.890,151.283,52.955,46.739,483.311,15.055,"[4.154, 4.149, 4.145, 4.141, 4.137, 4.134, 4.13, 4.126, 4.122, 4.117, 4.113, 4.108, 4.103, 4.097, 4.092, 4.086, 4.08, 4.073, 4.066, 4.06, 4.053, 4.045, 4.038, 4.03, 4.023, 4.015, 4.007, 3.999, 3.991, 3.982, 3.974, 3.966]","[0.99, 0.981, 0.974, 0.968, 0.961, 0.955, 0.949, 0.942, 0.936, 0.929, 0.922, 0.914, 0.906, 0.898, 0.889, 0.88, 0.871, 0.862, 0.852, 0.842, 0.832, 0.822, 0.812, 0.802, 0.792, 0.781, 0.771, 0.761, 0.751, 0.741, 0.731, 0.721]","[5.189, 9.891, 14.519, 19.093, 23.615, 28.107, 32.558, 36.977, 41.359, 45.729, 50.082, 54.414, 58.726, 63.007, 67.271, 71.533, 75.752, 79.953, 84.132, 88.301, 92.458, 96.603, 100.72, 104.789, 108.847, 112.875, 116.86, 120.831, 124.742, 128.587, 132.378, 136.098]","[1.0, 0.999, 0.998, 0.997, 0.996, 0.995, 0.994, 0.993, 0.992, 0.991, 0.99, 0.989, 0.988, 0.987, 0.986, 0.985, 0.984, 0.983, 0.982, 0.981, 0.98, 0.978, 0.977, 0.976, 0.975, 0.974, 0.973, 0.972, 0.971, 0.97, 0.969, 0.968]","[0.0, 0.0, 0.001, 0.001, 0.001, 0.001, 0.001, 0.001, 0.002, 0.002, 0.002, 0.002, 0.002, 0.002, 0.002, 0.002, 0.002, 0.002, 0.002, 0.003, 0.003, 0.003, 0.003, 0.003, 0.003, 0.004, 0.004, 0.004, 0.005, 0.005, 0.005, 0.006]"
3,2748416,1698.550,1000.000,0.000,1000,1000,4866.561,306.962,2107.102,5435.641,1815.791,1000.000,0.000,1000.000,1000.000,5051.520,154.873,4652.146,5410.339,34.218,0.000,419.936,0.001,0.000,0.197,0.984,0.000,1.259,0.000,0.000,0.642,0.639,156.027,53.080,45.106,496.475,17.740,"[4.155, 4.151, 4.147, 4.144, 4.14, 4.137, 4.134, 4.13, 4.126, 4.122, 4.118, 4.113, 4.108, 4.103, 4.098, 4.092, 4.086, 4.08, 4.074, 4.067, 4.061, 4.054, 4.047, 4.039, 4.032, 4.024, 4.016, 4.008, 4.0, 3.992, 3.984, 3.976]","[0.992, 0.984, 0.978, 0.972, 0.966, 0.96, 0.955, 0.949, 0.942, 0.936, 0.929, 0.922, 0.914, 0.907, 0.898, 0.89, 0.881, 0.872, 0.863, 0.854, 0.844, 0.834, 0.824, 0.814, 0.804, 0.794, 0.784, 0.774, 0.764, 0.754, 0.744, 0.734]","[5.397, 10.283, 15.108, 19.877, 24.598, 29.267, 33.901, 38.502, 43.077, 47.627, 52.158, 56.668, 61.148, 65.604, 70.038, 74.45, 78.845, 83.22, 87.575, 91.909, 96.226, 100.515, 104.788, 109.046, 113.269, 117.474, 121.652, 125.811, 129.93, 134.014, 138.051, 142.011]","[1.0, 0.999, 0.998, 0.997, 0.996, 0.995, 0.994, 0.993, 0.992, 0.991, 0.99, 0.989, 0.988, 0.987, 0.986, 0.985, 0.984, 0.983, 0.982, 0.981, 0.98, 0.978, 0.977, 0.976, 0.975, 0.974, 0.973, 0.972, 0.971, 0.97, 0.969, 0.968]","[0.0, 0.0, 0.0, 0.0, 0.0, 0.0, 0.0, 0.0, 0.0, 0.0, 0.0, 0.0, 0.0, 0.0, 0.0, 0.0, 0.0, 0.0, 0.001, 0.001, 0.001, 0.001, 0.001, 0.001, 0.001, 0.001, 0.001, 0.001, 0.001, 0.002, 0.002, 0.002]"
3,2998272,1697.274,1000.000,0.000,1000,1000,5073.642,165.253,4514.416,5447.500,1815.591,1000.000,0.000,1000.000,1000.000,5157.302,327.151,2222.702,5563.720,32.155,0.000,412.311,0.001,0.000,0.199,0.996,0.000,1.237,0.000,0.000,0.431,0.429,162.192,53.040,41.125,515.530,13.609,"[4.154, 4.149, 4.146, 4.142, 4.139, 4.135, 4.131, 4.128, 4.123, 4.119, 4.115, 4.11, 4.105, 4.1, 4.094, 4.088, 4.082, 4.076, 4.069, 4.062, 4.055, 4.048, 4.041, 4.033, 4.025, 4.017, 4.009, 4.001, 3.992, 3.984, 3.975, 3.967]","[0.991, 0.982, 0.975, 0.969, 0.963, 0.957, 0.951, 0.945, 0.939, 0.932, 0.925, 0.918, 0.91, 0.902, 0.894, 0.885, 0.876, 0.867, 0.857, 0.848, 0.838, 0.828, 0.818, 0.807, 0.797, 0.787, 0.776, 0.766, 0.755, 0.745, 0.735, 0.725]","[5.566, 10.628, 15.632, 20.569, 25.463, 30.308, 35.11, 39.88, 44.621, 49.34, 54.041, 58.715, 63.363, 67.985, 72.595, 77.179, 81.742, 86.291, 90.818, 95.332, 99.824, 104.298, 108.742, 113.163, 117.557, 121.933, 126.265, 130.563, 134.818, 139.029, 143.159, 147.217]","[1.0, 0.999, 0.998, 0.997, 0.996, 0.995, 0.994, 0.993, 0.992, 0.991, 0.99, 0.989, 0.988, 0.987, 0.986, 0.985, 0.984, 0.983, 0.982, 0.981, 0.98, 0.978, 0.977, 0.976, 0.975, 0.974, 0.973, 0.972, 0.971, 0.97, 0.969, 0.968]","[0.0, 0.0, 0.0, 0.0, 0.0, 0.0, 0.0, 0.0, 0.0, 0.0, 0.0, 0.0, 0.0, 0.0, 0.0, 0.0, 0.0, 0.0, 0.0, 0.0, 0.0, 0.001, 0.001, 0.001, 0.001, 0.001, 0.001, 0.001, 0.002, 0.002, 0.002, 0.003]"
3,3248128,1696.355,1000.000,0.000,1000,1000,5225.925,159.248,4622.814,5634.965,1815.947,1000.000,0.000,1000.000,1000.000,5279.739,239.479,3264.338,5782.127,31.752,0.000,404.686,0.001,0.000,0.200,1.001,0.000,1.214,0.000,0.000,0.182,0.180,166.717,53.011,40.921,530.830,14.024,"[4.154, 4.149, 4.145, 4.141, 4.138, 4.134, 4.131, 4.127, 4.123, 4.119, 4.114, 4.11, 4.105, 4.099, 4.094, 4.088, 4.082, 4.075, 4.069, 4.062, 4.055, 4.048, 4.04, 4.032, 4.024, 4.016, 4.008, 4.0, 3.992, 3.983, 3.975, 3.966]","[0.99, 0.981, 0.974, 0.968, 0.962, 0.956, 0.95, 0.944, 0.938, 0.931, 0.924, 0.917, 0.909, 0.901, 0.893, 0.884, 0.875, 0.866, 0.856, 0.847, 0.837, 0.826, 0.816, 0.806, 0.796, 0.785, 0.775, 0.764, 0.754, 0.744, 0.734, 0.724]","[5.726, 10.905, 16.036, 21.109, 26.13, 31.113, 36.057, 40.972, 45.858, 50.727, 55.565, 60.386, 65.176, 69.943, 74.692, 79.424, 84.129, 88.819, 93.488, 98.133, 102.764, 107.36, 111.93, 116.486, 121.02, 125.521, 129.981, 134.42, 138.807, 143.129, 147.4, 151.566]","[1.0, 0.999, 0.998, 0.997, 0.996, 0.995, 0.994, 0.993, 0.992, 0.991, 0.99, 0.989, 0.988, 0.987, 0.986, 0.985, 0.984, 0.983, 0.982, 0.981, 0.98, 0.978, 0.977, 0.976, 0.975, 0.974, 0.973, 0.972, 0.971, 0.97, 0.969, 0.968]","[0.0, 0.0, 0.0, 0.0, 0.0, 0.0, 0.0, 0.0, 0.0, 0.0, 0.0, 0.0, 0.0, 0.0, 0.001, 0.001, 0.001, 0.001, 0.001, 0.001, 0.001, 0.001, 0.001, 0.001, 0.001, 0.001, 0.001, 0.002, 0.002, 0.002, 0.003, 0.004]"
3,3497984,1695.110,1000.000,0.000,1000,1000,5336.974,140.652,4937.687,5696.142,1815.750,1000.000,0.000,1000.000,1000.000,5459.262,154.527,4954.351,5820.834,31.245,0.000,397.061,0.001,0.000,0.197,0.983,0.000,1.191,0.000,0.000,-0.062,-0.064,170.434,52.972,37.848,542.691,13.605,"[4.154, 4.15, 4.146, 4.143, 4.139, 4.136, 4.132, 4.129, 4.125, 4.121, 4.117, 4.112, 4.107, 4.102, 4.097, 4.091, 4.085, 4.079, 4.073, 4.066, 4.059, 4.052, 4.045, 4.037, 4.029, 4.022, 4.014, 4.006, 3.997, 3.989, 3.981, 3.972]","[0.991, 0.983, 0.976, 0.97, 0.964, 0.959, 0.953, 0.947, 0.941, 0.935, 0.928, 0.922, 0.914, 0.906, 0.898, 0.89, 0.881, 0.872, 0.863, 0.853, 0.843, 0.833, 0.823, 0.813, 0.803, 0.793, 0.783, 0.772, 0.762, 0.752, 0.742, 0.732]","[5.85, 11.159, 16.431, 21.64, 26.798, 31.91, 36.986, 42.034, 47.053, 52.048, 57.023, 61.971, 66.896, 71.801, 76.685, 81.546, 86.391, 91.213, 96.024, 100.807, 105.569, 110.312, 115.042, 119.74, 124.407, 129.042, 133.652, 138.224, 142.75, 147.22, 151.651, 155.983]","[1.0, 0.999, 0.998, 0.997, 0.996, 0.995, 0.994, 0.993, 0.992, 0.991, 0.99, 0.989, 0.988, 0.987, 0.986, 0.985, 0.984, 0.983, 0.982, 0.981, 0.98, 0.978, 0.977, 0.976, 0.975, 0.974, 0.973, 0.972, 0.971, 0.97, 0.969, 0.968]","[0.0, 0.0, 0.0, 0.0, 0.0, 0.0, 0.0, 0.0, 0.0, 0.0, 0.0, 0.0, 0.0, 0.0, 0.0, 0.001, 0.001, 0.001, 0.001, 0.001, 0.001, 0.001, 0.001, 0.001, 0.001, 0.002, 0.002, 0.002, 0.002, 0.003, 0.003, 0.004]"
3,3747840,1695.567,1000.000,0.000,1000,1000,5467.404,146.729,4954.257,5823.078,1815.895,1000.000,0.000,1000.000,1000.000,5460.600,467.820,694.427,5850.286,30.340,0.000,389.436,0.001,0.000,0.200,1.001,0.000,1.168,0.000,0.000,-0.272,-0.275,174.630,52.986,36.711,555.690,13.561,"[4.154, 4.149, 4.145, 4.141, 4.138, 4.135, 4.131, 4.127, 4.123, 4.119, 4.115, 4.11, 4.105, 4.1, 4.095, 4.089, 4.083, 4.076, 4.07, 4.063, 4.056, 4.049, 4.041, 4.033, 4.026, 4.017, 4.009, 4.001, 3.993, 3.984, 3.976, 3.967]","[0.99, 0.981, 0.974, 0.968, 0.963, 0.957, 0.951, 0.945, 0.939, 0.933, 0.926, 0.919, 0.912, 0.904, 0.896, 0.888, 0.879, 0.87, 0.86, 0.851, 0.841, 0.831, 0.821, 0.81, 0.8, 0.79, 0.779, 0.769, 0.759, 0.748, 0.738, 0.728]","[6.003, 11.469, 16.859, 22.203, 27.493, 32.746, 37.956, 43.135, 48.281, 53.404, 58.501, 63.576, 68.627, 73.644, 78.648, 83.634, 88.595, 93.536, 98.455, 103.353, 108.231, 113.081, 117.914, 122.724, 127.516, 132.271, 136.992, 141.668, 146.298, 150.896, 155.418, 159.838]","[1.0, 0.999, 0.998, 0.997, 0.996, 0.995, 0.994, 0.993, 0.992, 0.991, 0.99, 0.989, 0.988, 0.987, 0.986, 0.985, 0.984, 0.983, 0.982, 0.981, 0.98, 0.978, 0.977, 0.976, 0.975, 0.974, 0.973, 0.972, 0.971, 0.97, 0.969, 0.968]","[0.0, 0.0, 0.0, 0.0, 0.0, 0.0, 0.0, 0.0, 0.0, 0.0, 0.001, 0.001, 0.001, 0.001, 0.001, 0.001, 0.001, 0.001, 0.001, 0.001, 0.001, 0.001, 0.001, 0.001, 0.001, 0.001, 0.002, 0.002, 0.002, 0.002, 0.003, 0.003]"
3,3997696,1695.134,1000.000,0.000,1000,1000,5543.146,182.464,3664.673,5900.702,1815.193,1000.000,0.000,1000.000,1000.000,5633.221,150.900,5167.757,5989.378,30.304,0.000,381.811,0.001,0.000,0.198,0.991,0.000,1.145,0.000,0.000,-0.507,-0.509,176.560,52.973,35.682,563.888,14.289,"[4.154, 4.149, 4.145, 4.142, 4.138, 4.135, 4.132, 4.128, 4.124, 4.12, 4.116, 4.112, 4.107, 4.102, 4.097, 4.091, 4.085, 4.079, 4.073, 4.066, 4.059, 4.052, 4.045, 4.037, 4.03, 4.022, 4.014, 4.006, 3.998, 3.989, 3.981, 3.973]","[0.991, 0.982, 0.976, 0.97, 0.964, 0.959, 0.953, 0.947, 0.942, 0.935, 0.929, 0.922, 0.915, 0.908, 0.9, 0.891, 0.883, 0.874, 0.865, 0.855, 0.846, 0.836, 0.826, 0.816, 0.806, 0.795, 0.785, 0.775, 0.765, 0.755, 0.745, 0.735]","[6.069, 11.598, 17.052, 22.459, 27.824, 33.152, 38.435, 43.694, 48.921, 54.134, 59.324, 64.486, 69.618, 74.732, 79.823, 84.89, 89.941, 94.973, 99.978, 104.962, 109.929, 114.87, 119.782, 124.667, 129.537, 134.381, 139.174, 143.934, 148.676, 153.361, 157.975, 162.509]","[1.0, 0.999, 0.998, 0.997, 0.996, 0.995, 0.994, 0.993, 0.992, 0.991, 0.99, 0.989, 0.988, 0.987, 0.986, 0.985, 0.984, 0.983, 0.982, 0.981, 0.98, 0.978, 0.977, 0.976, 0.975, 0.974, 0.973, 0.972, 0.971, 0.97, 0.969, 0.968]","[0.0, 0.0, 0.001, 0.001, 0.001, 0.001, 0.001, 0.001, 0.002, 0.002, 0.002, 0.002, 0.002, 0.002, 0.002, 0.002, 0.002, 0.002, 0.002, 0.002, 0.002, 0.002, 0.002, 0.002, 0.002, 0.003, 0.003, 0.003, 0.003, 0.003, 0.004, 0.004]"
3,4247552,1698.386,1000.000,0.000,1000,1000,5675.695,139.817,5316.367,6012.702,1816.261,1000.000,0.000,1000.000,1000.000,5710.693,147.989,5304.911,6042.233,29.048,0.000,374.186,0.001,0.000,0.199,0.997,0.000,1.122,0.000,0.000,-0.686,-0.689,180.861,53.075,33.857,576.065,13.249,"[4.154, 4.149, 4.145, 4.141, 4.138, 4.135, 4.131, 4.128, 4.124, 4.12, 4.116, 4.111, 4.106, 4.101, 4.096, 4.09, 4.084, 4.078, 4.071, 4.064, 4.057, 4.05, 4.042, 4.035, 4.027, 4.019, 4.011, 4.002, 3.994, 3.985, 3.977, 3.968]","[0.99, 0.981, 0.974, 0.968, 0.963, 0.957, 0.952, 0.946, 0.94, 0.934, 0.928, 0.921, 0.914, 0.906, 0.898, 0.89, 0.881, 0.872, 0.862, 0.853, 0.843, 0.833, 0.823, 0.812, 0.802, 0.792, 0.781, 0.771, 0.76, 0.75, 0.74, 0.73]","[6.208, 11.882, 17.495, 23.044, 28.548, 34.009, 39.436, 44.827, 50.189, 55.529, 60.844, 66.133, 71.395, 76.634, 81.848, 87.038, 92.204, 97.35, 102.473, 107.579, 112.663, 117.717, 122.752, 127.754, 132.729, 137.682, 142.596, 147.474, 152.287, 157.037, 161.747, 166.321]","[1.0, 0.999, 0.998, 0.997, 0.996, 0.995, 0.994, 0.993, 0.992, 0.991, 0.99, 0.989, 0.988, 0.987, 0.986, 0.985, 0.984, 0.983, 0.982, 0.981, 0.98, 0.978, 0.977, 0.976, 0.975, 0.974, 0.973, 0.972, 0.971, 0.97, 0.969, 0.968]","[0.0, 0.0, 0.0, 0.0, 0.0, 0.0, 0.001, 0.001, 0.001, 0.001, 0.001, 0.001, 0.001, 0.001, 0.001, 0.001, 0.001, 0.001, 0.001, 0.001, 0.001, 0.001, 0.001, 0.001, 0.001, 0.002, 0.002, 0.002, 0.002, 0.002, 0.003, 0.004]"
3,4497408,1697.431,1000.000,0.000,1000,1000,5730.363,135.711,5301.711,6030.600,1815.256,1000.000,0.000,1000.000,1000.000,5778.394,153.306,5241.958,6124.488,29.122,0.000,366.561,0.001,0.000,0.200,1.001,0.000,1.099,0.000,0.000,-0.889,-0.892,182.994,53.045,33.995,583.823,13.622,"[4.153, 4.148, 4.144, 4.141, 4.138, 4.134, 4.131, 4.127, 4.123, 4.119, 4.115, 4.111, 4.106, 4.101, 4.096, 4.09, 4.084, 4.078, 4.071, 4.065, 4.058, 4.05, 4.043, 4.035, 4.028, 4.02, 4.012, 4.003, 3.995, 3.987, 3.978, 3.97]","[0.99, 0.981, 0.974, 0.968, 0.962, 0.957, 0.952, 0.946, 0.94, 0.934, 0.928, 0.921, 0.914, 0.906, 0.898, 0.89, 0.881, 0.873, 0.863, 0.854, 0.844, 0.834, 0.824, 0.814, 0.804, 0.793, 0.783, 0.773, 0.763, 0.752, 0.742, 0.732]","[6.274, 11.991, 17.656, 23.269, 28.84, 34.363, 39.849, 45.304, 50.736, 56.141, 61.529, 66.885, 72.21, 77.519, 82.803, 88.065, 93.3, 98.518, 103.714, 108.891, 114.033, 119.164, 124.26, 129.333, 134.378, 139.404, 144.377, 149.319, 154.208, 159.046, 163.82, 168.492]","[1.0, 0.999, 0.998, 0.997, 0.996, 0.995, 0.994, 0.993, 0.992, 0.991, 0.99, 0.989, 0.988, 0.987, 0.986, 0.985, 0.984, 0.983, 0.982, 0.981, 0.98, 0.978, 0.977, 0.976, 0.975, 0.974, 0.973, 0.972, 0.971, 0.97, 0.969, 0.968]","[0.0, 0.0, 0.0, 0.0, 0.001, 0.001, 0.001, 0.001, 0.001, 0.001, 0.001, 0.001, 0.001, 0.001, 0.001, 0.001, 0.001, 0.001, 0.001, 0.001, 0.001, 0.001, 0.001, 0.002, 0.002, 0.002, 0.002, 0.002, 0.002, 0.003, 0.003, 0.004]"
3,4747264,1697.355,1000.000,0.000,1000,1000,5809.868,128.369,5451.083,6141.569,1815.922,1000.000,0.000,1000.000,1000.000,5843.125,144.548,5506.535,6260.692,28.788,0.000,358.936,0.001,0.000,0.200,0.999,0.000,1.076,0.000,0.000,-1.068,-1.071,185.048,53.042,32.804,590.733,13.476,"[4.153, 4.148, 4.144, 4.141, 4.137, 4.134, 4.131, 4.127, 4.123, 4.119, 4.115, 4.111, 4.106, 4.101, 4.095, 4.09, 4.084, 4.078, 4.071, 4.064, 4.058, 4.05, 4.043, 4.036, 4.028, 4.02, 4.012, 4.004, 3.996, 3.987, 3.979, 3.971]","[0.99, 0.981, 0.974, 0.968, 0.963, 0.957, 0.952, 0.946, 0.941, 0.935, 0.928, 0.922, 0.914, 0.907, 0.899, 0.891, 0.883, 0.874, 0.864, 0.855, 0.845, 0.836, 0.826, 0.816, 0.806, 0.795, 0.785, 0.775, 0.765, 0.755, 0.745, 0.735]","[6.344, 12.163, 17.895, 23.565, 29.182, 34.775, 40.325, 45.841, 51.332, 56.792, 62.229, 67.641, 73.027, 78.398, 83.728, 89.051, 94.344, 99.609, 104.863, 110.08, 115.283, 120.467, 125.629, 130.759, 135.862, 140.927, 145.983, 150.989, 155.94, 160.839, 165.653, 170.393]","[1.0, 0.999, 0.998, 0.997, 0.996, 0.995, 0.994, 0.993, 0.992, 0.991, 0.99, 0.989, 0.988, 0.987, 0.986, 0.985, 0.984, 0.983, 0.982, 0.981, 0.98, 0.978, 0.977, 0.976, 0.975, 0.974, 0.973, 0.972, 0.971, 0.97, 0.969, 0.968]","[0.0, 0.0, 0.001, 0.001, 0.001, 0.001, 0.001, 0.001, 0.001, 0.001, 0.001, 0.001, 0.001, 0.002, 0.002, 0.002, 0.002, 0.002, 0.002, 0.002, 0.002, 0.002, 0.002, 0.002, 0.002, 0.002, 0.002, 0.003, 0.003, 0.003, 0.003, 0.004]"
3,4997120,1695.800,1000.000,0.000,1000,1000,5846.754,169.419,4284.417,6187.871,1813.088,1000.000,0.000,1000.000,1000.000,5860.252,140.130,5484.986,6218.792,28.895,0.000,351.311,0.001,0.000,0.202,1.009,0.000,1.053,0.000,0.001,-1.259,-1.262,186.436,52.994,34.477,595.332,14.500,"[4.153, 4.147, 4.143, 4.139, 4.136, 4.132, 4.129, 4.125, 4.121, 4.118, 4.113, 4.109, 4.104, 4.099, 4.094, 4.088, 4.082, 4.076, 4.069, 4.063, 4.056, 4.049, 4.041, 4.034, 4.026, 4.018, 4.01, 4.002, 3.994, 3.986, 3.978, 3.97]","[0.989, 0.98, 0.972, 0.966, 0.961, 0.955, 0.95, 0.944, 0.939, 0.933, 0.926, 0.92, 0.913, 0.905, 0.897, 0.889, 0.881, 0.872, 0.863, 0.854, 0.844, 0.834, 0.825, 0.815, 0.805, 0.794, 0.784, 0.774, 0.764, 0.754, 0.744, 0.735]","[6.401, 12.251, 18.041, 23.765, 29.455, 35.104, 40.716, 46.296, 51.835, 57.365, 62.859, 68.324, 73.756, 79.175, 84.566, 89.932, 95.27, 100.599, 105.901, 111.17, 116.422, 121.652, 126.861, 132.044, 137.194, 142.316, 147.405, 152.44, 157.427, 162.351, 167.211, 171.973]","[1.0, 0.999, 0.998, 0.997, 0.996, 0.995, 0.994, 0.993, 0.992, 0.991, 0.99, 0.989, 0.988, 0.987, 0.986, 0.985, 0.984, 0.983, 0.982, 0.981, 0.98, 0.978, 0.977, 0.976, 0.975, 0.974, 0.973, 0.972, 0.971, 0.97, 0.969, 0.968]","[0.0, 0.001, 0.001, 0.001, 0.002, 0.002, 0.002, 0.002, 0.002, 0.002, 0.002, 0.002, 0.002, 0.002, 0.002, 0.002, 0.002, 0.002, 0.002, 0.002, 0.002, 0.002, 0.002, 0.002, 0.002, 0.003, 0.003, 0.003, 0.003, 0.004, 0.004, 0.004]"
4,147456,790.442,1000.000,0.000,1000,1000,503.762,97.041,26.954,731.926,887.041,1000.000,0.000,1000.000,1000.000,575.729,105.784,355.003,890.889,12.272,7.698,497.750,0.000,0.000,0.381,1.906,2.309,1.493,0.001,0.000,3.884,3.885,11.153,24.701,15.581,31.988,6.400,"[5.066, 5.058, 5.051, 5.044, 5.037, 5.03, 5.022, 5.012, 5.003, 4.993, 4.982, 4.972, 4.963, 4.957, 4.953, 4.953, 4.957, 4.963, 4.97, 4.976, 4.981, 4.983, 4.982, 4.979, 4.975, 4.972, 4.968, 4.966, 4.965, 4.966, 4.966, 4.968]","[0.982, 0.966, 0.952, 0.939, 0.926, 0.912, 0.897, 0.88, 0.863, 0.846, 0.829, 0.813, 0.799, 0.788, 0.784, 0.785, 0.792, 0.803, 0.815, 0.825, 0.832, 0.834, 0.832, 0.827, 0.821, 0.815, 0.81, 0.807, 0.806, 0.806, 0.808, 0.81]","[0.442, 0.801, 1.114, 1.406, 1.674, 1.914, 2.125, 2.313, 2.484, 2.635, 2.755, 2.832, 2.847, 2.788, 2.619, 2.36, 2.024, 1.646, 1.286, 0.982, 0.763, 0.627, 0.568, 0.548, 0.554, 0.562, 0.565, 0.56, 0.546, 0.524, 0.505, 0.487]","[1.0, 0.999, 0.998, 0.997, 0.997, 0.996, 0.995, 0.994, 0.993, 0.992, 0.991, 0.99, 0.99, 0.989, 0.988, 0.987, 0.986, 0.985, 0.984, 0.984, 0.983, 0.982, 0.981, 0.98, 0.979, 0.978, 0.977, 0.977, 0.976, 0.975, 0.974, 0.973]","[0.0, 0.0, 0.0, 0.001, 0.001, 0.001, 0.002, 0.003, 0.005, 0.009, 0.017, 0.029, 0.046, 0.069, 0.091, 0.111, 0.123, 0.121, 0.113, 0.095, 0.079, 0.063, 0.056, 0.053, 0.056, 0.061, 0.068, 0.076, 0.083, 0.086, 0.087, 0.088]"
4,294912,1122.204,1000.000,0.000,1000,1000,668.284,113.413,394.057,975.321,1167.449,1000.000,0.000,1000.000,1000.000,1059.588,153.449,577.972,1516.057,16.240,3.213,493.250,0.000,0.000,0.302,1.510,0.963,1.480,0.001,0.000,3.847,3.848,16.643,35.069,21.656,59.200,8.060,"[5.067, 5.058, 5.051, 5.044, 5.037, 5.03, 5.023, 5.015, 5.006, 4.998, 4.99, 4.982, 4.974, 4.968, 4.963, 4.96, 4.959, 4.961, 4.964, 4.97, 4.976, 4.981, 4.985, 4.987, 4.987, 4.985, 4.982, 4.979, 4.975, 4.973, 4.97, 4.969]","[0.983, 0.967, 0.952, 0.938, 0.926, 0.912, 0.898, 0.883, 0.868, 0.853, 0.839, 0.825, 0.813, 0.802, 0.795, 0.791, 0.791, 0.795, 0.802, 0.812, 0.823, 0.831, 0.838, 0.84, 0.839, 0.836, 0.83, 0.824, 0.818, 0.814, 0.811, 0.809]","[0.603, 1.143, 1.641, 2.125, 2.587, 3.017, 3.419, 3.793, 4.142, 4.457, 4.733, 4.953, 5.098, 5.147, 5.088, 4.919, 4.616, 4.196, 3.695, 3.174, 2.677, 2.284, 1.992, 1.83, 1.767, 1.785, 1.849, 1.925, 1.989, 2.029, 2.044, 2.031]","[1.0, 0.999, 0.998, 0.997, 0.997, 0.996, 0.995, 0.994, 0.993, 0.992, 0.991, 0.99, 0.99, 0.989, 0.988, 0.987, 0.986, 0.985, 0.984, 0.984, 0.983, 0.982, 0.981, 0.98, 0.979, 0.978, 0.977, 0.977, 0.976, 0.975, 0.974, 0.973]","[0.0, 0.0, 0.0, 0.0, 0.001, 0.001, 0.002, 0.004, 0.007, 0.011, 0.016, 0.023, 0.032, 0.044, 0.057, 0.073, 0.087, 0.098, 0.104, 0.104, 0.094, 0.085, 0.07, 0.057, 0.049, 0.042, 0.042, 0.045, 0.051, 0.057, 0.063, 0.069]"
4,442368,1122.562,1000.000,0.000,1000,1000,1277.492,170.152,844.970,1790.603,1164.289,1000.000,0.000,1000.000,1000.000,2329.890,198.611,1760.615,2840.498,21.382,0.490,488.750,0.000,0.000,0.481,2.407,0.146,1.466,0.001,0.000,3.650,3.651,35.631,35.080,51.997,116.346,13.222,"[5.06, 5.046, 5.034, 5.022, 5.011, 5.001, 4.99, 4.979, 4.97, 4.963, 4.957, 4.953, 4.95, 4.949, 4.95, 4.95, 4.952, 4.953, 4.954, 4.954, 4.954, 4.954, 4.954, 4.954, 4.954, 4.953, 4.953, 4.953, 4.953, 4.953, 4.954, 4.954]","[0.971, 0.945, 0.921, 0.9, 0.881, 0.862, 0.844, 0.826, 0.811, 0.799, 0.79, 0.783, 0.78, 0.779, 0.78, 0.782, 0.785, 0.787, 0.788, 0.789, 0.79, 0.789, 0.789, 0.788, 0.788, 0.787, 0.787, 0.787, 0.787, 0.787, 0.787, 0.788]","[1.424, 2.728, 3.95, 5.144, 6.295, 7.376, 8.342, 9.14, 9.678, 9.935, 9.941, 9.694, 9.163, 8.436, 7.539, 6.604, 5.696, 4.938, 4.346, 3.882, 3.566, 3.332, 3.152, 3.016, 2.934, 2.878, 2.832, 2.81, 2.784, 2.752, 2.729, 2.703]","[1.0, 0.999, 0.998, 0.997, 0.997, 0.996, 0.995, 0.994, 0.993, 0.992, 0.991, 0.99, 0.99, 0.989, 0.988, 0.987, 0.986, 0.985, 0.984, 0.984, 0.983, 0.982, 0.981, 0.98, 0.979, 0.978, 0.977, 0.977, 0.976, 0.975, 0.974, 0.973]","[0.0, 0.0, 0.002, 0.004, 0.007, 0.013, 0.024, 0.042, 0.061, 0.076, 0.09, 0.102, 0.109, 0.118, 0.12, 0.121, 0.118, 0.115, 0.113, 0.108, 0.106, 0.106, 0.106, 0.106, 0.106, 0.106, 0.105, 0.107, 0.108, 0.107, 0.108, 0.107]"
4,589824,1123.335,1000.000,0.000,1000,1000,2294.117,270.160,150.098,2801.558,1167.579,1000.000,0.000,1000.000,1000.000,2976.695,174.143,2374.537,3384.730,26.330,0.051,484.250,0.000,0.000,0.494,2.468,0.015,1.452,0.000,0.000,3.256,3.256,68.660,35.104,65.645,221.302,17.373,"[5.064, 5.053, 5.044, 5.035, 5.026, 5.017, 5.007, 4.997, 4.987, 4.978, 4.969, 4.962, 4.956, 4.951, 4.949, 4.948, 4.948, 4.95, 4.952, 4.954, 4.955, 4.956, 4.957, 4.956, 4.956, 4.954, 4.953, 4.951, 4.95, 4.949, 4.949, 4.949]","[0.978, 0.958, 0.941, 0.925, 0.91, 0.894, 0.879, 0.863, 0.848, 0.833, 0.82, 0.809, 0.8, 0.793, 0.789, 0.788, 0.789, 0.791, 0.794, 0.797, 0.799, 0.8, 0.8, 0.8, 0.799, 0.796, 0.794, 0.792, 0.791, 0.79, 0.79, 0.79]","[2.479, 4.852, 7.133, 9.355, 11.522, 13.611, 15.64, 17.613, 19.495, 21.228, 22.743, 23.988, 24.899, 25.421, 25.408, 24.889, 23.853, 22.392, 20.655, 18.808, 16.969, 15.213, 13.788, 12.61, 11.834, 11.396, 11.184, 11.078, 11.019, 10.971, 10.863, 10.735]","[1.0, 0.999, 0.998, 0.997, 0.997, 0.996, 0.995, 0.994, 0.993, 0.992, 0.991, 0.99, 0.99, 0.989, 0.988, 0.987, 0.986, 0.985, 0.984, 0.984, 0.983, 0.982, 0.981, 0.98, 0.979, 0.978, 0.977, 0.977, 0.976, 0.975, 0.974, 0.973]","[0.0, 0.0, 0.001, 0.001, 0.002, 0.003, 0.005, 0.009, 0.015, 0.024, 0.034, 0.045, 0.055, 0.069, 0.08, 0.089, 0.095, 0.097, 0.096, 0.093, 0.091, 0.085, 0.083, 0.079, 0.076, 0.076, 0.078, 0.08, 0.083, 0.085, 0.086, 0.091]"
4,737280,1123.188,1000.000,0.000,1000,1000,2946.261,179.682,2554.967,3403.217,1164.510,1000.000,0.000,1000.000,1000.000,3406.619,167.488,2892.936,3782.950,30.009,0.007,479.750,0.000,0.000,0.316,1.581,0.002,1.439,0.000,0.000,2.950,2.949,92.032,35.100,58.723,297.407,13.836,"[5.068, 5.062, 5.056, 5.05, 5.044, 5.038, 5.031, 5.024, 5.017, 5.01, 5.002, 4.994, 4.986, 4.978, 4.971, 4.963, 4.956, 4.951, 4.946, 4.944, 4.944, 4.946, 4.95, 4.955, 4.961, 4.967, 4.972, 4.975, 4.976, 4.976, 4.973, 4.97]","[0.987, 0.974, 0.963, 0.952, 0.942, 0.932, 0.92, 0.909, 0.898, 0.886, 0.874, 0.862, 0.849, 0.837, 0.826, 0.815, 0.805, 0.797, 0.791, 0.788, 0.788, 0.791, 0.796, 0.804, 0.813, 0.821, 0.828, 0.832, 0.833, 0.832, 0.829, 0.824]","[3.123, 6.135, 9.062, 11.923, 14.728, 17.472, 20.161, 22.804, 25.42, 28.0, 30.543, 33.041, 35.48, 37.848, 40.09, 42.163, 43.954, 45.343, 46.229, 46.393, 45.69, 44.102, 41.616, 38.342, 34.594, 30.584, 27.071, 24.096, 22.0, 20.724, 20.208, 20.268]","[1.0, 0.999, 0.998, 0.997, 0.997, 0.996, 0.995, 0.994, 0.993, 0.992, 0.991, 0.99, 0.99, 0.989, 0.988, 0.987, 0.986, 0.985, 0.984, 0.984, 0.983, 0.982, 0.981, 0.98, 0.979, 0.978, 0.977, 0.977, 0.976, 0.975, 0.974, 0.973]","[0.0, 0.0, 0.0, 0.0, 0.0, 0.0, 0.001, 0.001, 0.002, 0.003, 0.003, 0.004, 0.006, 0.009, 0.012, 0.018, 0.026, 0.035, 0.047, 0.06, 0.072, 0.083, 0.091, 0.094, 0.093, 0.083, 0.073, 0.059, 0.049, 0.04, 0.035, 0.033]"
4,884736,1123.267,1000.000,0.000,1000,1000,3301.687,172.917,2717.556,3768.989,1166.353,1000.000,0.000,1000.000,1000.000,3601.552,182.782,3182.632,4184.438,33.681,0.001,475.250,0.000,0.000,0.251,1.254,0.000,1.425,0.000,0.000,2.735,2.735,105.234,35.102,57.190,340.393,14.038,"[5.07, 5.065, 5.06, 5.056, 5.051, 5.047, 5.042, 5.036, 5.031, 5.025, 5.019, 5.013, 5.006, 4.999, 4.992, 4.986, 4.979, 4.972, 4.965, 4.959, 4.953, 4.948, 4.944, 4.942, 4.942, 4.944, 4.948, 4.953, 4.959, 4.965, 4.971, 4.976]","[0.99, 0.98, 0.972, 0.964, 0.956, 0.947, 0.939, 0.93, 0.92, 0.911, 0.901, 0.891, 0.881, 0.87, 0.86, 0.849, 0.839, 0.828, 0.818, 0.809, 0.801, 0.794, 0.789, 0.786, 0.786, 0.79, 0.795, 0.803, 0.812, 0.821, 0.83, 0.837]","[3.423, 6.773, 10.043, 13.264, 16.431, 19.533, 22.59, 25.618, 28.613, 31.587, 34.538, 37.46, 40.355, 43.214, 46.032, 48.796, 51.474, 54.081, 56.532, 58.777, 60.741, 62.294, 63.199, 63.31, 62.405, 60.393, 57.384, 53.49, 49.015, 44.436, 39.784, 35.623]","[1.0, 0.999, 0.998, 0.997, 0.997, 0.996, 0.995, 0.994, 0.993, 0.992, 0.991, 0.99, 0.99, 0.989, 0.988, 0.987, 0.986, 0.985, 0.984, 0.984, 0.983, 0.982, 0.981, 0.98, 0.979, 0.978, 0.977, 0.977, 0.976, 0.975, 0.974, 0.973]","[0.0, 0.0, 0.0, 0.0, 0.0, 0.0, 0.0, 0.0, 0.001, 0.001, 0.001, 0.001, 0.002, 0.002, 0.003, 0.005, 0.006, 0.009, 0.012, 0.016, 0.021, 0.03, 0.04, 0.051, 0.064, 0.073, 0.081, 0.084, 0.082, 0.079, 0.072, 0.062]"
4,1032192,1123.882,1000.000,0.000,1000,1000,3647.314,204.524,3129.475,4145.307,1164.261,1000.000,0.000,1000.000,1000.000,3886.955,198.886,2965.306,4429.293,36.791,0.000,470.750,0.000,0.000,0.211,1.053,0.000,1.412,0.000,0.000,2.547,2.547,115.365,35.121,57.400,368.238,14.284,"[5.071, 5.067, 5.063, 5.059, 5.055, 5.051, 5.047, 5.042, 5.038, 5.033, 5.028, 5.023, 5.017, 5.012, 5.006, 5.0, 4.994, 4.988, 4.981, 4.975, 4.969, 4.964, 4.958, 4.953, 4.949, 4.946, 4.944, 4.945, 4.946, 4.949, 4.954, 4.959]","[0.992, 0.984, 0.976, 0.969, 0.963, 0.955, 0.948, 0.94, 0.933, 0.925, 0.916, 0.908, 0.899, 0.89, 0.881, 0.871, 0.862, 0.852, 0.843, 0.834, 0.825, 0.816, 0.808, 0.802, 0.796, 0.792, 0.79, 0.791, 0.793, 0.798, 0.805, 0.813]","[3.694, 7.31, 10.852, 14.328, 17.75, 21.122, 24.446, 27.737, 31.005, 34.253, 37.477, 40.677, 43.853, 47.005, 50.129, 53.231, 56.292, 59.304, 62.258, 65.113, 67.852, 70.424, 72.8, 74.782, 76.252, 77.086, 77.031, 75.952, 73.931, 70.874, 67.174, 62.701]","[1.0, 0.998, 0.997, 0.995, 0.993, 0.991, 0.99, 0.988, 0.986, 0.984, 0.983, 0.981, 0.979, 0.977, 0.976, 0.974, 0.972, 0.97, 0.969, 0.967, 0.965, 0.964, 0.962, 0.96, 0.958, 0.957, 0.955, 0.953, 0.951, 0.95, 0.948, 0.946]","[0.0, 0.0, 0.0, 0.0, 0.0, 0.0, 0.0, 0.0, 0.0, 0.0, 0.0, 0.0, 0.001, 0.001, 0.001, 0.001, 0.002, 0.003, 0.004, 0.006, 0.008, 0.01, 0.015, 0.021, 0.027, 0.036, 0.046, 0.054, 0.063, 0.067, 0.072, 0.073]"
4,1179648,1124.215,1000.000,0.000,1000,1000,3962.245,198.808,2720.041,4481.852,1166.789,1000.000,0.000,1000.000,1000.000,4153.994,169.029,3769.985,4550.181,37.044,0.000,466.250,0.000,0.000,0.200,0.999,0.000,1.398,0.000,0.000,2.360,2.359,124.379,35.132,54.348,394.320,15.188,"[5.071, 5.067, 5.063, 5.06, 5.056, 5.053, 5.049, 5.045, 5.04, 5.036, 5.031, 5.026, 5.021, 5.016, 5.011, 5.005, 4.999, 4.993, 4.987, 4.981, 4.975, 4.969, 4.963, 4.957, 4.952, 4.948, 4.944, 4.942, 4.941, 4.942, 4.945, 4.949]","[0.992, 0.984, 0.978, 0.971, 0.965, 0.958, 0.952, 0.945, 0.938, 0.93, 0.923, 0.915, 0.907, 0.898, 0.89, 0.881, 0.872, 0.863, 0.853, 0.844, 0.835, 0.827, 0.818, 0.81, 0.802, 0.796, 0.791, 0.788, 0.788, 0.79, 0.794, 0.8]","[3.962, 7.874, 11.713, 15.49, 19.215, 22.901, 26.549, 30.166, 33.755, 37.322, 40.868, 44.399, 47.907, 51.399, 54.862, 58.294, 61.683, 65.041, 68.359, 71.59, 74.758, 77.837, 80.782, 83.483, 85.878, 87.793, 89.021, 89.397, 88.676, 86.772, 83.877, 79.872]","[1.0, 0.999, 0.998, 0.997, 0.997, 0.996, 0.995, 0.994, 0.993, 0.992, 0.991, 0.99, 0.99, 0.989, 0.988, 0.987, 0.986, 0.985, 0.984, 0.984, 0.983, 0.982, 0.981, 0.98, 0.979, 0.978, 0.977, 0.977, 0.976, 0.975, 0.974, 0.973]","[0.0, 0.0, 0.0, 0.001, 0.001, 0.001, 0.001, 0.001, 0.002, 0.002, 0.002, 0.002, 0.002, 0.002, 0.003, 0.003, 0.004, 0.004, 0.005, 0.006, 0.006, 0.008, 0.01, 0.014, 0.018, 0.025, 0.033, 0.042, 0.052, 0.059, 0.067, 0.071]"
4,1327104,1123.402,1000.000,0.000,1000,1000,4197.333,166.852,3651.207,4577.428,1164.613,1000.000,0.000,1000.000,1000.000,4374.923,161.788,3948.762,4780.854,36.070,0.000,461.750,0.000,0.000,0.192,0.961,0.000,1.385,0.000,0.000,2.187,2.186,132.513,35.106,50.179,419.597,14.144,"[5.072, 5.068, 5.064, 5.061, 5.058, 5.054, 5.051, 5.047, 5.043, 5.039, 5.035, 5.03, 5.025, 5.02, 5.015, 5.009, 5.004, 4.998, 4.992, 4.986, 4.98, 4.974, 4.968, 4.963, 4.957, 4.953, 4.949, 4.946, 4.944, 4.944, 4.945, 4.947]","[0.993, 0.986, 0.979, 0.973, 0.967, 0.961, 0.955, 0.949, 0.942, 0.936, 0.928, 0.921, 0.913, 0.905, 0.896, 0.888, 0.879, 0.87, 0.861, 0.852, 0.843, 0.834, 0.826, 0.818, 0.81, 0.804, 0.798, 0.794, 0.792, 0.792, 0.794, 0.797]","[4.216, 8.378, 12.494, 16.553, 20.56, 24.524, 28.451, 32.353, 36.233, 40.083, 43.915, 47.721, 51.504, 55.256, 58.984, 62.681, 66.331, 69.942, 73.524, 77.025, 80.426, 83.697, 86.833, 89.731, 92.32, 94.508, 96.034, 96.914, 96.821, 95.759, 93.72, 90.586]","[1.0, 0.999, 0.998, 0.997, 0.997, 0.996, 0.995, 0.994, 0.993, 0.992, 0.991, 0.99, 0.99, 0.989, 0.988, 0.987, 0.986, 0.985, 0.984, 0.984, 0.983, 0.982, 0.981, 0.98, 0.979, 0.978, 0.977, 0.977, 0.976, 0.975, 0.974, 0.973]","[0.0, 0.0, 0.0, 0.0, 0.0, 0.0, 0.0, 0.0, 0.0, 0.0, 0.0, 0.0, 0.001, 0.001, 0.001, 0.001, 0.002, 0.002, 0.003, 0.004, 0.006, 0.007, 0.009, 0.012, 0.016, 0.022, 0.027, 0.035, 0.042, 0.049, 0.056, 0.061]"
4,1474560,1122.981,1000.000,0.000,1000,1000,4393.592,143.413,3947.365,4704.355,1166.924,1000.000,0.000,1000.000,1000.000,4627.576,161.603,4197.781,5079.896,34.425,0.000,457.250,0.000,0.000,0.198,0.990,0.000,1.371,0.000,0.000,2.000,1.999,139.783,35.093,46.390,443.224,13.273,"[5.072, 5.068, 5.064, 5.061, 5.058, 5.054, 5.05, 5.046, 5.042, 5.038, 5.034, 5.029, 5.024, 5.019, 5.013, 5.008, 5.002, 4.996, 4.99, 4.984, 4.978, 4.972, 4.966, 4.961, 4.956, 4.951, 4.947, 4.944, 4.943, 4.942, 4.944, 4.946]","[0.993, 0.985, 0.979, 0.973, 0.967, 0.961, 0.955, 0.948, 0.941, 0.935, 0.927, 0.92, 0.912, 0.903, 0.895, 0.886, 0.878, 0.869, 0.86, 0.851, 0.842, 0.833, 0.825, 0.817, 0.809, 0.803, 0.798, 0.794, 0.792, 0.792, 0.794, 0.798]","[4.464, 8.862, 13.194, 17.476, 21.715, 25.912, 30.07, 34.198, 38.3, 42.385, 46.448, 50.488, 54.499, 58.487, 62.435, 66.36, 70.234, 74.072, 77.823, 81.498, 85.064, 88.496, 91.761, 94.759, 97.423, 99.654, 101.154, 101.953, 101.647, 100.342, 97.729, 94.056]","[1.0, 0.999, 0.998, 0.997, 0.997, 0.996, 0.995, 0.994, 0.993, 0.992, 0.991, 0.99, 0.99, 0.989, 0.988, 0.987, 0.986, 0.985, 0.984, 0.984, 0.983, 0.982, 0.981, 0.98, 0.979, 0.978, 0.977, 0.977, 0.976, 0.975, 0.974, 0.973]","[0.0, 0.0, 0.0, 0.0, 0.0, 0.0, 0.0, 0.0, 0.0, 0.0, 0.0, 0.0, 0.001, 0.001, 0.001, 0.002, 0.002, 0.003, 0.004, 0.005, 0.006, 0.008, 0.01, 0.013, 0.017, 0.023, 0.028, 0.037, 0.044, 0.053, 0.059, 0.065]"
4,1622016,1125.248,1000.000,0.000,1000,1000,4573.109,162.150,4077.075,4959.871,1164.326,1000.000,0.000,1000.000,1000.000,4787.328,150.230,4446.285,5107.821,33.772,0.000,452.750,0.000,0.000,0.199,0.996,0.000,1.358,0.000,0.000,1.817,1.816,147.016,35.164,44.779,465.455,12.912,"[5.072, 5.068, 5.064, 5.061, 5.057, 5.054, 5.05, 5.046, 5.042, 5.038, 5.033, 5.029, 5.024, 5.019, 5.013, 5.008, 5.002, 4.996, 4.99, 4.984, 4.978, 4.972, 4.966, 4.961, 4.955, 4.951, 4.947, 4.944, 4.942, 4.941, 4.942, 4.944]","[0.993, 0.985, 0.979, 0.973, 0.967, 0.961, 0.954, 0.948, 0.941, 0.934, 0.927, 0.92, 0.912, 0.904, 0.896, 0.887, 0.878, 0.869, 0.86, 0.851, 0.843, 0.834, 0.825, 0.817, 0.81, 0.803, 0.798, 0.794, 0.792, 0.791, 0.793, 0.796]","[4.675, 9.289, 13.847, 18.355, 22.806, 27.21, 31.58, 35.923, 40.245, 44.546, 48.821, 53.075, 57.304, 61.501, 65.666, 69.8, 73.88, 77.914, 81.874, 85.772, 89.542, 93.198, 96.655, 99.848, 102.693, 105.078, 106.769, 107.643, 107.473, 106.347, 103.946, 100.515]","[1.0, 0.999, 0.998, 0.997, 0.997, 0.996, 0.995, 0.994, 0.993, 0.992, 0.991, 0.99, 0.99, 0.989, 0.988, 0.987, 0.986, 0.985, 0.984, 0.984, 0.983, 0.982, 0.981, 0.98, 0.979, 0.978, 0.977, 0.977, 0.976, 0.975, 0.974, 0.973]","[0.0, 0.0, 0.0, 0.0, 0.0, 0.0, 0.0, 0.0, 0.001, 0.001, 0.001, 0.001, 0.001, 0.001, 0.002, 0.002, 0.003, 0.003, 0.004, 0.005, 0.006, 0.008, 0.01, 0.013, 0.017, 0.022, 0.028, 0.036, 0.042, 0.05, 0.056, 0.061]"
4,1769472,1125.837,1000.000,0.000,1000,1000,4737.536,160.494,4417.607,5156.658,1166.811,1000.000,0.000,1000.000,1000.000,4916.887,158.385,4412.934,5288.957,32.795,0.000,448.250,0.000,0.000,0.198,0.988,0.000,1.344,0.000,0.000,1.647,1.646,152.813,35.182,41.565,484.789,12.521,"[5.072, 5.068, 5.064, 5.061, 5.058, 5.055, 5.051, 5.047, 5.043, 5.039, 5.035, 5.03, 5.025, 5.02, 5.015, 5.01, 5.004, 4.998, 4.992, 4.987, 4.981, 4.975, 4.969, 4.963, 4.957, 4.952, 4.948, 4.945, 4.942, 4.941, 4.941, 4.942]","[0.993, 0.986, 0.98, 0.974, 0.968, 0.962, 0.956, 0.95, 0.944, 0.937, 0.93, 0.923, 0.915, 0.907, 0.899, 0.891, 0.882, 0.873, 0.865, 0.856, 0.847, 0.838, 0.83, 0.821, 0.814, 0.807, 0.801, 0.796, 0.793, 0.792, 0.792, 0.794]","[4.859, 9.648, 14.393, 19.09, 23.736, 28.34, 32.906, 37.434, 41.94, 46.418, 50.877, 55.319, 59.732, 64.115, 68.475, 72.792, 77.069, 81.302, 85.472, 89.562, 93.579, 97.489, 101.212, 104.697, 107.899, 110.631, 112.743, 113.991, 114.409, 113.769, 112.087, 109.064]","[1.0, 0.999, 0.998, 0.997, 0.997, 0.996, 0.995, 0.994, 0.993, 0.992, 0.991, 0.99, 0.99, 0.989, 0.988, 0.987, 0.986, 0.985, 0.984, 0.984, 0.983, 0.982, 0.981, 0.98, 0.979, 0.978, 0.977, 0.977, 0.976, 0.975, 0.974, 0.973]","[0.0, 0.0, 0.0, 0.0, 0.0, 0.0, 0.001, 0.001, 0.001, 0.001, 0.001, 0.001, 0.001, 0.001, 0.002, 0.002, 0.002, 0.003, 0.004, 0.004, 0.005, 0.007, 0.009, 0.011, 0.015, 0.02, 0.026, 0.032, 0.039, 0.045, 0.053, 0.059]"
4,1916928,1123.390,1000.000,0.000,1000,1000,4898.273,130.414,4469.476,5183.199,1164.622,1000.000,0.000,1000.000,1000.000,5082.811,130.077,4663.625,5356.383,31.399,0.000,443.750,0.000,0.000,0.199,0.994,0.000,1.331,0.000,0.000,1.477,1.475,158.269,35.106,38.787,502.518,12.196,"[5.072, 5.068, 5.064, 5.061, 5.058, 5.055, 5.051, 5.047, 5.044, 5.04, 5.035, 5.031, 5.026, 5.021, 5.016, 5.01, 5.005, 4.999, 4.993, 4.987, 4.981, 4.975, 4.969, 4.963, 4.958, 4.953, 4.948, 4.945, 4.942, 4.941, 4.941, 4.942]","[0.993, 0.986, 0.979, 0.974, 0.968, 0.962, 0.957, 0.951, 0.944, 0.938, 0.931, 0.924, 0.916, 0.909, 0.901, 0.892, 0.884, 0.875, 0.866, 0.857, 0.849, 0.84, 0.831, 0.823, 0.815, 0.808, 0.802, 0.797, 0.794, 0.792, 0.793, 0.794]","[5.023, 9.998, 14.921, 19.791, 24.605, 29.377, 34.116, 38.821, 43.502, 48.158, 52.796, 57.406, 61.996, 66.55, 71.071, 75.553, 79.987, 84.361, 88.665, 92.914, 97.036, 101.052, 104.88, 108.496, 111.696, 114.459, 116.548, 117.869, 118.201, 117.529, 115.514, 112.527]","[1.0, 0.999, 0.998, 0.997, 0.997, 0.996, 0.995, 0.994, 0.993, 0.992, 0.991, 0.99, 0.99, 0.989, 0.988, 0.987, 0.986, 0.985, 0.984, 0.984, 0.983, 0.982, 0.981, 0.98, 0.979, 0.977, 0.976, 0.974, 0.972, 0.97, 0.969, 0.967]","[0.0, 0.0, 0.0, 0.001, 0.001, 0.001, 0.001, 0.002, 0.002, 0.002, 0.002, 0.002, 0.002, 0.002, 0.003, 0.003, 0.004, 0.004, 0.005, 0.006, 0.006, 0.008, 0.01, 0.013, 0.016, 0.021, 0.026, 0.033, 0.039, 0.047, 0.052, 0.057]"
4,2064384,1122.572,1000.000,0.000,1000,1000,5092.636,154.274,4705.441,5452.279,1166.474,1000.000,0.000,1000.000,1000.000,5203.305,163.447,4167.392,5544.905,30.916,0.000,439.250,0.000,0.000,0.193,0.967,0.000,1.317,0.000,0.000,1.309,1.308,162.242,35.080,35.298,517.458,11.756,"[5.072, 5.068, 5.065, 5.062, 5.059, 5.056, 5.053, 5.049, 5.046, 5.042, 5.038, 5.034, 5.029, 5.025, 5.02, 5.015, 5.009, 5.004, 4.998, 4.992, 4.986, 4.98, 4.974, 4.968, 4.963, 4.957, 4.953, 4.948, 4.945, 4.943, 4.942, 4.943]","[0.993, 0.986, 0.98, 0.975, 0.97, 0.964, 0.959, 0.953, 0.948, 0.942, 0.935, 0.929, 0.922, 0.914, 0.906, 0.899, 0.89, 0.882, 0.873, 0.865, 0.856, 0.848, 0.839, 0.83, 0.822, 0.815, 0.808, 0.803, 0.798, 0.796, 0.795, 0.795]","[5.142, 10.242, 15.286, 20.267, 25.2, 30.083, 34.926, 39.736, 44.514, 49.263, 53.993, 58.693, 63.365, 68.01, 72.627, 77.204, 81.749, 86.252, 90.699, 95.107, 99.402, 103.595, 107.675, 111.544, 115.147, 118.381, 121.054, 123.117, 124.188, 124.33, 123.32, 121.25]","[1.0, 0.998, 0.997, 0.995, 0.993, 0.991, 0.99, 0.988, 0.986, 0.984, 0.983, 0.981, 0.979, 0.977, 0.976, 0.974, 0.972, 0.97, 0.969, 0.967, 0.965, 0.964, 0.962, 0.96, 0.958, 0.957, 0.957, 0.956, 0.955, 0.954, 0.953, 0.952]","[0.0, 0.0, 0.0, 0.001, 0.001, 0.001, 0.001, 0.001, 0.001, 0.001, 0.002, 0.002, 0.002, 0.002, 0.002, 0.003, 0.003, 0.003, 0.003, 0.004, 0.005, 0.006, 0.008, 0.01, 0.012, 0.016, 0.021, 0.027, 0.033, 0.04, 0.046, 0.052]"
4,2211840,1124.273,1000.000,0.000,1000,1000,5266.683,139.360,4970.679,5596.643,1164.721,1000.000,0.000,1000.000,1000.000,5333.580,130.136,5032.394,5668.531,29.244,0.000,434.750,0.001,0.000,0.202,1.008,0.000,1.304,0.000,0.000,1.145,1.144,165.193,35.134,34.650,531.006,12.004,"[5.071, 5.066, 5.062, 5.058, 5.054, 5.051, 5.047, 5.044, 5.04, 5.036, 5.031, 5.027, 5.022, 5.017, 5.012, 5.006, 5.0, 4.995, 4.989, 4.982, 4.976, 4.97, 4.964, 4.958, 4.952, 4.946, 4.942, 4.938, 4.935, 4.933, 4.933, 4.933]","[0.992, 0.984, 0.977, 0.971, 0.965, 0.96, 0.954, 0.949, 0.942, 0.936, 0.93, 0.923, 0.915, 0.908, 0.9, 0.891, 0.883, 0.874, 0.865, 0.856, 0.847, 0.838, 0.83, 0.821, 0.813, 0.805, 0.799, 0.794, 0.79, 0.788, 0.787, 0.788]","[5.269, 10.476, 15.593, 20.669, 25.708, 30.704, 35.687, 40.643, 45.573, 50.483, 55.355, 60.23, 65.055, 69.835, 74.603, 79.332, 84.009, 88.647, 93.209, 97.733, 102.166, 106.436, 110.516, 114.352, 117.832, 120.895, 123.268, 124.705, 125.27, 124.718, 123.011, 120.061]","[1.0, 0.999, 0.998, 0.997, 0.997, 0.996, 0.995, 0.994, 0.993, 0.992, 0.991, 0.99, 0.99, 0.989, 0.988, 0.987, 0.986, 0.985, 0.984, 0.984, 0.983, 0.982, 0.981, 0.98, 0.979, 0.978, 0.977, 0.977, 0.976, 0.975, 0.974, 0.973]","[0.001, 0.003, 0.005, 0.006, 0.007, 0.007, 0.008, 0.008, 0.008, 0.008, 0.008, 0.009, 0.009, 0.009, 0.01, 0.01, 0.011, 0.011, 0.012, 0.012, 0.014, 0.015, 0.017, 0.02, 0.023, 0.028, 0.034, 0.04, 0.047, 0.053, 0.06, 0.066]"
4,2359296,1123.626,1000.000,0.000,1000,1000,5223.976,454.438,3013.630,5688.474,1166.479,1000.000,0.000,1000.000,1000.000,5428.501,124.482,5151.603,5735.973,30.771,0.000,430.250,0.001,0.000,0.228,1.138,0.000,1.290,0.000,0.000,0.955,0.953,163.389,35.113,43.200,536.127,24.685,"[5.072, 5.068, 5.064, 5.061, 5.058, 5.055, 5.052, 5.049, 5.045, 5.041, 5.038, 5.034, 5.029, 5.025, 5.02, 5.015, 5.01, 5.005, 4.999, 4.994, 4.988, 4.982, 4.976, 4.97, 4.965, 4.959, 4.954, 4.949, 4.945, 4.942, 4.939, 4.938]","[0.993, 0.986, 0.98, 0.974, 0.969, 0.964, 0.959, 0.953, 0.948, 0.942, 0.936, 0.93, 0.923, 0.916, 0.909, 0.901, 0.893, 0.885, 0.877, 0.869, 0.861, 0.852, 0.844, 0.836, 0.827, 0.82, 0.812, 0.806, 0.8, 0.796, 0.793, 0.791]","[5.334, 10.614, 15.856, 21.046, 26.177, 31.262, 36.317, 41.336, 46.332, 51.301, 56.245, 61.167, 66.066, 70.931, 75.767, 80.586, 85.378, 90.127, 94.845, 99.521, 104.155, 108.7, 113.159, 117.439, 121.528, 125.32, 128.768, 131.657, 133.942, 135.544, 136.116, 135.628]","[1.0, 0.999, 0.998, 0.997, 0.997, 0.996, 0.995, 0.994, 0.993, 0.992, 0.991, 0.99, 0.99, 0.989, 0.988, 0.987, 0.986, 0.985, 0.984, 0.984, 0.983, 0.982, 0.981, 0.98, 0.979, 0.978, 0.977, 0.977, 0.976, 0.975, 0.974, 0.973]","[0.0, 0.001, 0.002, 0.003, 0.004, 0.005, 0.005, 0.006, 0.006, 0.007, 0.007, 0.007, 0.007, 0.008, 0.008, 0.008, 0.008, 0.009, 0.009, 0.009, 0.009, 0.01, 0.012, 0.013, 0.015, 0.017, 0.021, 0.025, 0.028, 0.034, 0.04, 0.046]"
4,2506752,1122.834,1000.000,0.000,1000,1000,5431.202,138.853,5089.477,5791.245,1166.728,1000.000,0.000,1000.000,1000.000,5534.405,131.837,5119.754,5871.223,28.876,0.000,425.750,0.000,0.000,0.185,0.925,0.000,1.277,0.000,0.000,0.851,0.850,173.619,35.089,31.630,551.140,11.289,"[5.072, 5.068, 5.065, 5.062, 5.059, 5.057, 5.054, 5.05, 5.047, 5.043, 5.039, 5.035, 5.031, 5.026, 5.022, 5.016, 5.011, 5.006, 5.0, 4.994, 4.988, 4.982, 4.976, 4.97, 4.965, 4.959, 4.954, 4.95, 4.946, 4.943, 4.941, 4.94]","[0.994, 0.987, 0.981, 0.976, 0.971, 0.966, 0.961, 0.956, 0.95, 0.944, 0.938, 0.932, 0.925, 0.918, 0.91, 0.903, 0.894, 0.886, 0.878, 0.869, 0.86, 0.851, 0.843, 0.834, 0.826, 0.818, 0.811, 0.805, 0.799, 0.796, 0.793, 0.792]","[5.512, 10.985, 16.405, 21.766, 27.087, 32.377, 37.635, 42.861, 48.063, 53.249, 58.409, 63.548, 68.659, 73.735, 78.789, 83.812, 88.804, 93.736, 98.627, 103.464, 108.238, 112.891, 117.417, 121.711, 125.732, 129.396, 132.545, 135.065, 136.86, 137.594, 137.308, 135.7]","[1.0, 0.999, 0.998, 0.997, 0.997, 0.996, 0.995, 0.994, 0.993, 0.992, 0.991, 0.99, 0.99, 0.989, 0.988, 0.987, 0.986, 0.985, 0.984, 0.984, 0.983, 0.982, 0.981, 0.98, 0.979, 0.978, 0.977, 0.977, 0.976, 0.975, 0.974, 0.973]","[0.0, 0.0, 0.0, 0.0, 0.001, 0.001, 0.001, 0.001, 0.001, 0.001, 0.001, 0.001, 0.002, 0.002, 0.002, 0.002, 0.003, 0.003, 0.004, 0.004, 0.005, 0.006, 0.008, 0.01, 0.012, 0.016, 0.019, 0.024, 0.03, 0.036, 0.043, 0.047]"
4,2654208,1123.218,1000.000,0.000,1000,1000,5516.370,128.845,5170.811,5937.142,1166.346,1000.000,0.000,1000.000,1000.000,5623.271,122.596,5325.073,5934.463,27.883,0.000,421.250,0.001,0.000,0.200,0.998,0.000,1.263,0.000,0.000,0.694,0.693,177.003,35.101,30.473,563.112,11.061,"[5.072, 5.068, 5.065, 5.062, 5.059, 5.056, 5.053, 5.049, 5.046, 5.042, 5.038, 5.034, 5.03, 5.025, 5.02, 5.015, 5.01, 5.004, 4.998, 4.993, 4.987, 4.98, 4.974, 4.968, 4.962, 4.957, 4.952, 4.947, 4.944, 4.941, 4.939, 4.939]","[0.993, 0.986, 0.98, 0.975, 0.97, 0.965, 0.96, 0.954, 0.949, 0.943, 0.937, 0.93, 0.923, 0.916, 0.909, 0.901, 0.893, 0.884, 0.876, 0.867, 0.858, 0.849, 0.84, 0.832, 0.823, 0.815, 0.808, 0.802, 0.797, 0.794, 0.792, 0.791]","[5.615, 11.19, 16.715, 22.185, 27.618, 33.013, 38.37, 43.696, 48.992, 54.264, 59.511, 64.731, 69.927, 75.097, 80.242, 85.361, 90.44, 95.465, 100.429, 105.341, 110.195, 114.953, 119.566, 123.98, 128.09, 131.755, 134.855, 137.221, 138.776, 139.16, 138.579, 136.646]","[1.0, 0.999, 0.998, 0.997, 0.997, 0.996, 0.995, 0.994, 0.993, 0.992, 0.991, 0.99, 0.99, 0.989, 0.988, 0.987, 0.986, 0.985, 0.984, 0.984, 0.983, 0.982, 0.981, 0.98, 0.979, 0.978, 0.977, 0.977, 0.976, 0.975, 0.974, 0.973]","[0.0, 0.0, 0.001, 0.001, 0.002, 0.002, 0.002, 0.002, 0.002, 0.003, 0.003, 0.003, 0.003, 0.003, 0.003, 0.004, 0.004, 0.005, 0.005, 0.006, 0.006, 0.007, 0.009, 0.011, 0.014, 0.018, 0.022, 0.027, 0.034, 0.039, 0.046, 0.052]"
4,2801664,1123.326,1000.000,0.000,1000,1000,5596.402,134.025,5039.811,5833.129,1164.975,1000.000,0.000,1000.000,1000.000,5735.445,130.187,5244.132,6054.803,27.014,0.000,416.750,0.001,0.000,0.196,0.981,0.000,1.250,0.000,0.000,0.554,0.553,180.014,35.104,28.482,572.330,10.646,"[5.072, 5.068, 5.065, 5.062, 5.059, 5.056, 5.053, 5.05, 5.046, 5.043, 5.039, 5.035, 5.03, 5.026, 5.021, 5.016, 5.01, 5.005, 4.999, 4.993, 4.987, 4.981, 4.975, 4.969, 4.963, 4.957, 4.952, 4.947, 4.943, 4.94, 4.939, 4.938]","[0.993, 0.986, 0.981, 0.975, 0.971, 0.966, 0.961, 0.955, 0.95, 0.944, 0.938, 0.932, 0.925, 0.917, 0.91, 0.902, 0.894, 0.885, 0.877, 0.868, 0.859, 0.85, 0.841, 0.832, 0.824, 0.816, 0.808, 0.802, 0.797, 0.793, 0.791, 0.79]","[5.711, 11.387, 17.024, 22.604, 28.139, 33.63, 39.097, 44.531, 49.934, 55.317, 60.679, 66.013, 71.319, 76.597, 81.839, 87.048, 92.219, 97.359, 102.435, 107.449, 112.394, 117.261, 121.911, 126.339, 130.448, 134.174, 137.376, 139.856, 141.41, 141.967, 141.173, 138.919]","[1.0, 0.999, 0.998, 0.997, 0.997, 0.996, 0.995, 0.994, 0.993, 0.992, 0.991, 0.99, 0.99, 0.989, 0.988, 0.987, 0.986, 0.985, 0.984, 0.984, 0.983, 0.982, 0.981, 0.98, 0.979, 0.978, 0.977, 0.977, 0.976, 0.975, 0.974, 0.973]","[0.0, 0.0, 0.001, 0.001, 0.001, 0.002, 0.002, 0.002, 0.002, 0.002, 0.002, 0.003, 0.003, 0.003, 0.004, 0.004, 0.004, 0.005, 0.005, 0.006, 0.006, 0.008, 0.01, 0.012, 0.014, 0.018, 0.022, 0.028, 0.033, 0.04, 0.048, 0.054]"
4,2949120,1122.948,1000.000,0.000,1000,1000,5739.834,132.038,5363.498,6067.505,1166.309,1000.000,0.000,1000.000,1000.000,5796.432,121.702,5481.534,6141.669,26.554,0.000,412.250,0.001,0.000,0.199,0.997,0.000,1.236,0.000,0.000,0.403,0.402,182.628,35.092,27.815,583.004,10.812,"[5.071, 5.067, 5.064, 5.061, 5.058, 5.055, 5.052, 5.049, 5.045, 5.042, 5.038, 5.034, 5.029, 5.025, 5.02, 5.014, 5.009, 5.004, 4.998, 4.992, 4.986, 4.98, 4.974, 4.968, 4.962, 4.957, 4.952, 4.948, 4.944, 4.942, 4.94, 4.94]","[0.992, 0.985, 0.979, 0.974, 0.969, 0.964, 0.959, 0.953, 0.948, 0.942, 0.936, 0.93, 0.923, 0.916, 0.908, 0.9, 0.892, 0.884, 0.875, 0.866, 0.858, 0.849, 0.84, 0.831, 0.823, 0.816, 0.809, 0.803, 0.798, 0.795, 0.793, 0.793]","[5.776, 11.515, 17.196, 22.825, 28.412, 33.945, 39.441, 44.9, 50.329, 55.731, 61.102, 66.436, 71.744, 77.01, 82.227, 87.411, 92.55, 97.648, 102.697, 107.676, 112.552, 117.287, 121.877, 126.205, 130.16, 133.723, 136.606, 138.699, 139.815, 139.842, 138.691, 136.262]","[1.0, 0.998, 0.997, 0.995, 0.993, 0.991, 0.99, 0.988, 0.986, 0.984, 0.983, 0.981, 0.979, 0.977, 0.976, 0.974, 0.972, 0.97, 0.969, 0.967, 0.965, 0.964, 0.962, 0.96, 0.958, 0.957, 0.955, 0.953, 0.951, 0.95, 0.948, 0.946]","[0.0, 0.0, 0.001, 0.001, 0.001, 0.001, 0.002, 0.002, 0.002, 0.002, 0.003, 0.003, 0.003, 0.003, 0.004, 0.004, 0.004, 0.005, 0.005, 0.006, 0.007, 0.008, 0.01, 0.012, 0.015, 0.019, 0.024, 0.03, 0.036, 0.042, 0.048, 0.056]"
5,147456,809.337,1000.000,0.000,1000,1000,473.996,93.061,199.995,663.740,905.900,1000.000,0.000,1000.000,1000.000,508.068,102.378,247.149,763.486,12.672,7.698,497.750,0.000,0.000,0.362,1.812,2.308,1.493,0.001,0.000,3.881,3.883,10.773,25.292,14.876,30.203,6.121,"[5.067, 5.061, 5.054, 5.048, 5.046, 5.029, 5.024, 5.025, 5.044, 5.024, 5.018, 5.02, 5.044, 5.023, 5.017, 5.019, 5.044, 5.023, 5.017, 5.019, 5.044, 5.023, 5.017, 5.019, 5.044, 5.024, 5.018, 5.019, 5.044, 5.024, 5.018, 5.019]","[0.985, 0.971, 0.959, 0.947, 0.944, 0.913, 0.903, 0.905, 0.94, 0.903, 0.893, 0.896, 0.939, 0.902, 0.891, 0.894, 0.939, 0.902, 0.891, 0.894, 0.939, 0.902, 0.891, 0.893, 0.94, 0.902, 0.891, 0.894, 0.94, 0.903, 0.891, 0.894]","[0.421, 0.76, 1.061, 1.341, -0.051, 0.047, 0.278, 0.578, -0.14, -0.113, 0.084, 0.37, -0.163, -0.158, 0.022, 0.294, -0.175, -0.179, -0.009, 0.255, -0.179, -0.187, -0.021, 0.236, -0.18, -0.189, -0.026, 0.227, -0.184, -0.195, -0.035, 0.217]","[1.0, 0.999, 0.998, 0.997, 0.997, 0.996, 0.995, 0.994, 0.993, 0.992, 0.991, 0.99, 0.99, 0.989, 0.988, 0.987, 0.986, 0.985, 0.984, 0.984, 0.983, 0.982, 0.981, 0.98, 0.979, 0.978, 0.977, 0.977, 0.976, 0.975, 0.974, 0.973]","[0.0, 0.0, 0.0, 1.0, 0.0, 0.0, 0.0, 1.0, 0.0, 0.0, 0.0, 1.0, 0.0, 0.0, 0.0, 1.0, 0.0, 0.0, 0.0, 1.0, 0.0, 0.0, 0.0, 1.0, 0.0, 0.0, 0.0, 1.0, 0.0, 0.0, 0.0, 1.0]"
5,294912,1181.701,1000.000,0.000,1000,1000,565.459,103.756,223.973,807.697,1222.067,1000.000,0.000,1000.000,1000.000,845.421,134.857,495.829,1175.768,16.696,3.214,493.250,0.000,0.000,0.290,1.452,0.963,1.480,0.002,0.000,3.840,3.842,14.133,36.928,18.418,52.112,7.534,"[5.068, 5.062, 5.056, 5.051, 5.051, 5.037, 5.033, 5.033, 5.049, 5.034, 5.029, 5.03, 5.049, 5.034, 5.029, 5.03, 5.05, 5.034, 5.029, 5.03, 5.05, 5.035, 5.03, 5.031, 5.05, 5.035, 5.03, 5.031, 5.05, 5.035, 5.03, 5.031]","[0.986, 0.974, 0.962, 0.951, 0.952, 0.927, 0.918, 0.918, 0.949, 0.92, 0.91, 0.913, 0.949, 0.92, 0.91, 0.913, 0.95, 0.92, 0.911, 0.913, 0.95, 0.921, 0.911, 0.913, 0.951, 0.922, 0.912, 0.914, 0.951, 0.922, 0.912, 0.914]","[0.515, 0.97, 1.387, 1.787, -0.04, 0.193, 0.555, 0.993, -0.15, 0.024, 0.357, 0.786, -0.185, -0.02, 0.299, 0.712, -0.199, -0.041, 0.269, 0.67, -0.205, -0.053, 0.249, 0.642, -0.206, -0.059, 0.236, 0.624, -0.206, -0.063, 0.23, 0.612]","[1.0, 0.999, 0.998, 0.997, 0.997, 0.996, 0.995, 0.994, 0.993, 0.992, 0.991, 0.99, 0.99, 0.989, 0.988, 0.987, 0.986, 0.985, 0.984, 0.984, 0.983, 0.982, 0.981, 0.98, 0.979, 0.978, 0.977, 0.977, 0.976, 0.975, 0.974, 0.973]","[0.0, 0.0, 0.0, 1.0, 0.0, 0.0, 0.0, 1.0, 0.0, 0.0, 0.0, 1.0, 0.0, 0.0, 0.0, 1.0, 0.0, 0.0, 0.0, 1.0, 0.0, 0.0, 0.0, 1.0, 0.0, 0.0, 0.0, 1.0, 0.0, 0.0, 0.0, 1.0]"
5,442368,1183.094,1000.000,0.000,1000,1000,941.895,115.837,702.641,1256.862,1220.404,1000.000,0.000,1000.000,1000.000,1628.643,162.767,1290.410,2121.610,21.704,0.491,488.750,0.000,0.000,0.401,2.003,0.146,1.466,0.001,0.000,3.676,3.679,25.028,36.972,37.170,87.361,11.197,"[5.064, 5.054, 5.045, 5.037, 5.037, 5.02, 5.013, 5.012, 5.035, 5.014, 5.007, 5.008, 5.035, 5.015, 5.008, 5.008, 5.036, 5.016, 5.009, 5.009, 5.037, 5.017, 5.01, 5.01, 5.038, 5.018, 5.011, 5.011, 5.038, 5.019, 5.012, 5.012]","[0.979, 0.959, 0.942, 0.926, 0.927, 0.896, 0.883, 0.881, 0.922, 0.886, 0.873, 0.874, 0.923, 0.887, 0.874, 0.874, 0.925, 0.888, 0.875, 0.875, 0.926, 0.89, 0.877, 0.877, 0.928, 0.892, 0.879, 0.879, 0.929, 0.893, 0.88, 0.88]","[1.004, 1.912, 2.791, 3.635, -0.154, 0.434, 1.205, 2.098, -0.442, 0.065, 0.792, 1.666, -0.569, -0.066, 0.647, 1.496, -0.627, -0.13, 0.565, 1.389, -0.652, -0.156, 0.525, 1.335, -0.66, -0.173, 0.491, 1.28, -0.672, -0.193, 0.463, 1.241]","[1.0, 0.999, 0.998, 0.997, 0.997, 0.996, 0.995, 0.994, 0.993, 0.992, 0.991, 0.99, 0.99, 0.989, 0.988, 0.987, 0.986, 0.985, 0.984, 0.984, 0.983, 0.982, 0.981, 0.98, 0.979, 0.978, 0.977, 0.977, 0.976, 0.975, 0.974, 0.973]","[0.0, 0.0, 0.0, 1.0, 0.0, 0.0, 0.0, 1.0, 0.0, 0.0, 0.0, 1.0, 0.0, 0.0, 0.0, 1.0, 0.0, 0.0, 0.0, 1.0, 0.0, 0.0, 0.0, 1.0, 0.0, 0.0, 0.0, 1.0, 0.0, 0.0, 0.0, 1.0]"
5,589824,1182.634,1000.000,0.000,1000,1000,1647.310,173.764,1014.373,2068.851,1222.352,1000.000,0.000,1000.000,1000.000,2176.536,154.565,1734.424,2501.116,26.839,0.051,484.250,0.001,0.000,0.505,2.527,0.015,1.452,0.000,0.001,3.312,3.313,45.125,36.957,57.184,159.582,13.874,"[5.065, 5.055, 5.046, 5.039, 5.035, 5.018, 5.011, 5.009, 5.031, 5.01, 5.003, 5.003, 5.03, 5.009, 5.002, 5.002, 5.031, 5.01, 5.002, 5.002, 5.031, 5.01, 5.003, 5.003, 5.032, 5.011, 5.004, 5.003, 5.032, 5.012, 5.004, 5.004]","[0.979, 0.961, 0.945, 0.931, 0.924, 0.893, 0.882, 0.879, 0.916, 0.88, 0.869, 0.869, 0.915, 0.878, 0.866, 0.867, 0.916, 0.879, 0.866, 0.866, 0.916, 0.88, 0.867, 0.867, 0.917, 0.881, 0.868, 0.868, 0.918, 0.882, 0.869, 0.869]","[1.728, 3.355, 4.921, 6.443, 0.201, 1.391, 2.789, 4.321, -0.263, 0.803, 2.122, 3.629, -0.485, 0.56, 1.849, 3.323, -0.636, 0.408, 1.674, 3.123, -0.753, 0.289, 1.538, 2.96, -0.82, 0.215, 1.437, 2.83, -0.876, 0.151, 1.353, 2.723]","[1.0, 0.999, 0.998, 0.997, 0.997, 0.996, 0.995, 0.994, 0.993, 0.992, 0.991, 0.99, 0.99, 0.989, 0.988, 0.987, 0.986, 0.985, 0.984, 0.984, 0.983, 0.982, 0.981, 0.98, 0.979, 0.978, 0.977, 0.977, 0.976, 0.975, 0.974, 0.973]","[0.0, 0.0, 0.0, 1.0, 0.0, 0.0, 0.0, 1.0, 0.0, 0.0, 0.0, 1.0, 0.0, 0.0, 0.0, 1.0, 0.0, 0.0, 0.0, 1.0, 0.0, 0.0, 0.0, 1.0, 0.0, 0.0, 0.0, 1.0, 0.0, 0.0, 0.0, 1.0]"
5,737280,1182.443,1000.000,0.000,1000,1000,2114.385,188.908,1644.816,2588.899,1220.154,1000.000,0.000,1000.000,1000.000,2445.042,205.004,1448.167,3116.056,31.207,0.007,479.750,0.001,0.000,0.415,2.076,0.002,1.439,0.000,0.001,2.969,2.969,60.630,36.951,56.972,215.062,13.795,"[5.068, 5.061, 5.055, 5.049, 5.045, 5.032, 5.027, 5.026, 5.04, 5.025, 5.02, 5.02, 5.04, 5.023, 5.019, 5.019, 5.04, 5.023, 5.018, 5.018, 5.039, 5.023, 5.018, 5.018, 5.04, 5.023, 5.018, 5.018, 5.04, 5.024, 5.018, 5.018]","[0.986, 0.973, 0.961, 0.951, 0.941, 0.918, 0.91, 0.909, 0.934, 0.906, 0.898, 0.899, 0.932, 0.903, 0.895, 0.897, 0.932, 0.903, 0.894, 0.895, 0.932, 0.902, 0.894, 0.895, 0.932, 0.903, 0.894, 0.895, 0.932, 0.903, 0.895, 0.895]","[2.184, 4.286, 6.299, 8.265, 0.753, 2.402, 4.225, 6.175, 0.275, 1.789, 3.532, 5.466, 0.043, 1.534, 3.242, 5.142, -0.149, 1.334, 3.012, 4.883, -0.303, 1.183, 2.834, 4.674, -0.402, 1.075, 2.694, 4.502, -0.484, 0.982, 2.577, 4.354]","[1.0, 0.999, 0.998, 0.997, 0.997, 0.996, 0.995, 0.994, 0.993, 0.992, 0.991, 0.99, 0.99, 0.989, 0.988, 0.987, 0.986, 0.985, 0.984, 0.984, 0.983, 0.982, 0.981, 0.98, 0.979, 0.978, 0.977, 0.977, 0.976, 0.975, 0.974, 0.973]","[0.0, 0.0, 0.0, 1.0, 0.0, 0.0, 0.0, 1.0, 0.0, 0.0, 0.0, 1.0, 0.0, 0.0, 0.0, 1.0, 0.0, 0.0, 0.0, 1.0, 0.0, 0.0, 0.0, 1.0, 0.0, 0.0, 0.0, 1.0, 0.0, 0.0, 0.0, 1.0]"
5,884736,1181.863,1000.000,0.000,1000,1000,2384.386,180.204,1873.079,2895.845,1222.804,1000.000,0.000,1000.000,1000.000,2633.363,186.992,2182.471,3045.382,35.208,0.001,475.250,0.001,0.000,0.323,1.614,0.000,1.425,0.000,0.001,2.688,2.687,69.354,36.933,57.146,244.422,14.232,"[5.07, 5.065, 5.06, 5.056, 5.051, 5.041, 5.037, 5.037, 5.048, 5.035, 5.031, 5.032, 5.047, 5.034, 5.03, 5.03, 5.047, 5.034, 5.03, 5.03, 5.046, 5.033, 5.029, 5.029, 5.046, 5.033, 5.029, 5.029, 5.046, 5.033, 5.029, 5.029]","[0.99, 0.98, 0.971, 0.963, 0.954, 0.936, 0.929, 0.928, 0.947, 0.924, 0.918, 0.92, 0.946, 0.922, 0.916, 0.917, 0.945, 0.921, 0.915, 0.916, 0.945, 0.921, 0.914, 0.915, 0.944, 0.921, 0.914, 0.915, 0.944, 0.921, 0.914, 0.915]","[2.43, 4.757, 7.024, 9.243, 1.089, 3.022, 5.083, 7.272, 0.609, 2.41, 4.388, 6.558, 0.373, 2.148, 4.089, 6.234, 0.167, 1.934, 3.838, 5.948, -0.006, 1.757, 3.624, 5.697, -0.124, 1.63, 3.463, 5.493, -0.217, 1.522, 3.324, 5.318]","[1.0, 0.999, 0.998, 0.997, 0.997, 0.996, 0.995, 0.994, 0.993, 0.992, 0.991, 0.99, 0.99, 0.989, 0.988, 0.987, 0.986, 0.985, 0.984, 0.984, 0.983, 0.982, 0.981, 0.98, 0.979, 0.978, 0.977, 0.977, 0.976, 0.975, 0.974, 0.973]","[0.0, 0.0, 0.0, 1.0, 0.0, 0.0, 0.0, 1.0, 0.0, 0.0, 0.0, 1.0, 0.0, 0.0, 0.0, 1.0, 0.0, 0.0, 0.0, 1.0, 0.0, 0.0, 0.0, 1.0, 0.0, 0.0, 0.0, 1.0, 0.0, 0.0, 0.0, 1.0]"
5,1032192,1182.068,1000.000,0.000,1000,1000,2613.599,212.135,1158.200,3165.576,1220.053,1000.000,0.000,1000.000,1000.000,2762.194,174.202,2307.876,3192.997,39.347,0.000,470.750,0.002,0.000,0.278,1.388,0.000,1.412,0.000,0.001,2.443,2.442,75.569,36.940,55.958,264.898,14.857,"[5.071, 5.067, 5.063, 5.059, 5.055, 5.047, 5.044, 5.043, 5.052, 5.041, 5.038, 5.039, 5.051, 5.04, 5.037, 5.037, 5.051, 5.04, 5.036, 5.037, 5.05, 5.039, 5.036, 5.037, 5.05, 5.039, 5.036, 5.037, 5.05, 5.039, 5.036, 5.037]","[0.992, 0.984, 0.976, 0.97, 0.961, 0.946, 0.941, 0.94, 0.955, 0.936, 0.931, 0.932, 0.953, 0.933, 0.928, 0.93, 0.952, 0.932, 0.927, 0.929, 0.952, 0.932, 0.927, 0.928, 0.952, 0.932, 0.927, 0.928, 0.952, 0.932, 0.927, 0.928]","[2.613, 5.14, 7.59, 10.004, 1.286, 3.432, 5.679, 8.032, 0.771, 2.757, 4.898, 7.224, 0.526, 2.463, 4.55, 6.832, 0.306, 2.218, 4.263, 6.502, 0.118, 2.02, 4.026, 6.223, -0.011, 1.87, 3.828, 5.97, -0.112, 1.754, 3.67, 5.77]","[1.0, 0.998, 0.997, 0.995, 0.993, 0.991, 0.99, 0.988, 0.986, 0.984, 0.983, 0.981, 0.979, 0.977, 0.976, 0.974, 0.972, 0.97, 0.969, 0.967, 0.965, 0.964, 0.962, 0.96, 0.958, 0.957, 0.955, 0.953, 0.951, 0.95, 0.948, 0.946]","[0.0, 0.0, 0.0, 1.0, 0.0, 0.0, 0.0, 1.0, 0.0, 0.0, 0.0, 1.0, 0.0, 0.0, 0.0, 1.0, 0.0, 0.0, 0.0, 1.0, 0.0, 0.0, 0.0, 1.0, 0.0, 0.0, 0.0, 1.0, 0.0, 0.0, 0.0, 1.0]"
5,1179648,1180.528,1000.000,0.000,1000,1000,2763.369,199.884,1781.097,3245.378,1220.883,1000.000,0.000,1000.000,1000.000,2885.367,199.881,2336.386,3364.592,43.282,0.000,466.250,0.002,0.000,0.242,1.211,0.000,1.398,0.000,0.001,2.212,2.210,79.677,36.892,59.166,279.226,15.282,"[5.071, 5.068, 5.064, 5.061, 5.057, 5.05, 5.047, 5.047, 5.054, 5.045, 5.042, 5.043, 5.053, 5.044, 5.041, 5.041, 5.053, 5.043, 5.04, 5.041, 5.052, 5.043, 5.04, 5.04, 5.052, 5.042, 5.04, 5.04, 5.052, 5.042, 5.039, 5.04]","[0.993, 0.985, 0.979, 0.974, 0.965, 0.951, 0.947, 0.946, 0.959, 0.942, 0.938, 0.939, 0.957, 0.94, 0.936, 0.937, 0.956, 0.939, 0.934, 0.936, 0.956, 0.938, 0.933, 0.935, 0.955, 0.937, 0.933, 0.934, 0.955, 0.937, 0.933, 0.934]","[2.717, 5.361, 7.958, 10.51, 1.395, 3.68, 6.081, 8.587, 0.873, 3.012, 5.311, 7.802, 0.608, 2.7, 4.954, 7.406, 0.365, 2.443, 4.664, 7.084, 0.155, 2.232, 4.418, 6.794, 0.006, 2.068, 4.212, 6.54, -0.107, 1.935, 4.039, 6.327]","[1.0, 0.999, 0.998, 0.997, 0.997, 0.996, 0.995, 0.994, 0.993, 0.992, 0.991, 0.99, 0.99, 0.989, 0.988, 0.987, 0.986, 0.985, 0.984, 0.984, 0.983, 0.982, 0.981, 0.98, 0.979, 0.978, 0.977, 0.977, 0.976, 0.975, 0.974, 0.973]","[0.0, 0.0, 0.0, 1.0, 0.0, 0.0, 0.0, 1.0, 0.0, 0.0, 0.0, 1.0, 0.0, 0.0, 0.0, 1.0, 0.0, 0.0, 0.0, 1.0, 0.0, 0.0, 0.0, 1.0, 0.0, 0.0, 0.0, 1.0, 0.0, 0.0, 0.0, 1.0]"
5,1327104,1182.100,1000.000,0.000,1000,1000,2879.503,173.523,2283.091,3360.478,1220.476,1000.000,0.000,1000.000,1000.000,2925.167,183.095,2490.378,3368.120,46.643,0.000,461.750,0.002,0.000,0.213,1.065,0.000,1.385,0.000,0.001,1.989,1.987,83.678,36.941,58.228,289.987,14.458,"[5.072, 5.069, 5.066, 5.063, 5.06, 5.054, 5.051, 5.051, 5.057, 5.049, 5.047, 5.047, 5.056, 5.048, 5.046, 5.046, 5.056, 5.047, 5.045, 5.045, 5.055, 5.047, 5.044, 5.045, 5.055, 5.047, 5.044, 5.045, 5.055, 5.046, 5.044, 5.044]","[0.994, 0.988, 0.982, 0.978, 0.97, 0.958, 0.954, 0.954, 0.964, 0.95, 0.946, 0.948, 0.963, 0.948, 0.944, 0.945, 0.962, 0.947, 0.943, 0.944, 0.961, 0.946, 0.942, 0.943, 0.961, 0.945, 0.941, 0.942, 0.96, 0.945, 0.941, 0.942]","[2.866, 5.648, 8.373, 11.057, 1.562, 4.009, 6.529, 9.167, 1.026, 3.351, 5.78, 8.392, 0.755, 3.02, 5.391, 7.966, 0.479, 2.726, 5.056, 7.59, 0.251, 2.487, 4.768, 7.251, 0.099, 2.315, 4.551, 6.983, -0.012, 2.184, 4.371, 6.762]","[1.0, 0.999, 0.998, 0.997, 0.997, 0.996, 0.995, 0.994, 0.993, 0.992, 0.991, 0.99, 0.99, 0.989, 0.988, 0.987, 0.986, 0.985, 0.984, 0.984, 0.983, 0.982, 0.981, 0.98, 0.979, 0.978, 0.977, 0.977, 0.976, 0.975, 0.974, 0.973]","[0.0, 0.0, 0.0, 1.0, 0.0, 0.0, 0.0, 1.0, 0.0, 0.0, 0.0, 1.0, 0.0, 0.0, 0.0, 1.0, 0.0, 0.0, 0.0, 1.0, 0.0, 0.0, 0.0, 1.0, 0.0, 0.0, 0.0, 1.0, 0.0, 0.0, 0.0, 1.0]"
5,1474560,1181.477,1000.000,0.000,1000,1000,2960.086,185.017,2496.877,3478.524,1220.679,1000.000,0.000,1000.000,1000.000,2998.046,214.540,2319.237,3548.043,49.392,0.000,457.250,0.002,0.000,0.209,1.045,0.000,1.371,0.000,0.001,1.787,1.785,86.169,36.921,61.879,298.867,15.472,"[5.072, 5.069, 5.066, 5.063, 5.059, 5.053, 5.051, 5.05, 5.056, 5.049, 5.047, 5.047, 5.055, 5.047, 5.045, 5.046, 5.055, 5.047, 5.044, 5.045, 5.054, 5.046, 5.044, 5.044, 5.054, 5.046, 5.043, 5.044, 5.054, 5.046, 5.043, 5.043]","[0.994, 0.987, 0.982, 0.978, 0.969, 0.958, 0.954, 0.954, 0.964, 0.95, 0.946, 0.947, 0.962, 0.947, 0.944, 0.945, 0.961, 0.946, 0.942, 0.944, 0.96, 0.945, 0.941, 0.942, 0.959, 0.944, 0.94, 0.942, 0.959, 0.944, 0.94, 0.941]","[2.893, 5.738, 8.526, 11.275, 1.546, 4.012, 6.582, 9.276, 0.996, 3.321, 5.794, 8.464, 0.712, 2.984, 5.397, 8.029, 0.425, 2.665, 5.029, 7.623, 0.183, 2.413, 4.724, 7.272, 0.025, 2.239, 4.499, 6.993, -0.084, 2.099, 4.315, 6.763]","[1.0, 0.999, 0.998, 0.997, 0.997, 0.996, 0.995, 0.994, 0.993, 0.992, 0.991, 0.99, 0.99, 0.989, 0.988, 0.987, 0.986, 0.985, 0.984, 0.984, 0.983, 0.982, 0.981, 0.98, 0.979, 0.978, 0.977, 0.977, 0.976, 0.975, 0.974, 0.973]","[0.0, 0.0, 0.0, 1.0, 0.0, 0.0, 0.0, 1.0, 0.0, 0.0, 0.0, 1.0, 0.0, 0.0, 0.0, 1.0, 0.0, 0.0, 0.0, 1.0, 0.0, 0.0, 0.0, 1.0, 0.0, 0.0, 0.0, 1.0, 0.0, 0.0, 0.0, 1.0]"
5,1622016,1180.693,1000.000,0.000,1000,1000,2940.742,303.790,121.402,3543.069,1220.332,1000.000,0.000,1000.000,1000.000,3044.360,205.433,2389.491,3502.027,51.832,0.000,452.750,0.002,0.000,0.207,1.033,0.000,1.358,0.000,0.001,1.582,1.579,88.340,36.897,64.118,302.969,18.644,"[5.072, 5.069, 5.067, 5.064, 5.06, 5.054, 5.052, 5.052, 5.057, 5.05, 5.048, 5.048, 5.056, 5.049, 5.047, 5.047, 5.056, 5.048, 5.046, 5.046, 5.055, 5.047, 5.045, 5.045, 5.055, 5.047, 5.044, 5.045, 5.054, 5.046, 5.044, 5.045]","[0.994, 0.988, 0.983, 0.979, 0.97, 0.96, 0.957, 0.956, 0.965, 0.952, 0.949, 0.95, 0.964, 0.949, 0.946, 0.947, 0.962, 0.947, 0.944, 0.945, 0.961, 0.946, 0.942, 0.944, 0.96, 0.945, 0.941, 0.943, 0.959, 0.944, 0.941, 0.942]","[2.974, 5.897, 8.749, 11.571, 1.604, 4.172, 6.818, 9.597, 1.007, 3.422, 5.969, 8.73, 0.697, 3.051, 5.539, 8.269, 0.371, 2.691, 5.135, 7.826, 0.091, 2.406, 4.799, 7.447, -0.077, 2.215, 4.554, 7.154, -0.205, 2.061, 4.356, 6.906]","[1.0, 0.999, 0.998, 0.997, 0.997, 0.996, 0.995, 0.994, 0.993, 0.992, 0.991, 0.99, 0.99, 0.989, 0.988, 0.987, 0.986, 0.985, 0.984, 0.984, 0.983, 0.982, 0.981, 0.98, 0.979, 0.978, 0.977, 0.977, 0.976, 0.975, 0.974, 0.973]","[0.0, 0.0, 0.0, 1.0, 0.0, 0.0, 0.0, 1.0, 0.0, 0.0, 0.0, 1.0, 0.0, 0.0, 0.0, 1.0, 0.0, 0.0, 0.0, 1.0, 0.0, 0.0, 0.0, 1.0, 0.0, 0.0, 0.0, 1.0, 0.0, 0.0, 0.0, 1.0]"
5,1769472,1180.508,1000.000,0.000,1000,1000,3074.947,183.109,2487.286,3444.468,1221.083,1000.000,0.000,1000.000,1000.000,3111.653,194.200,2695.645,3524.834,53.076,0.000,448.250,0.002,0.000,0.200,1.001,0.000,1.344,0.000,0.001,1.382,1.379,91.106,36.891,60.769,312.752,15.047,"[5.072, 5.069, 5.067, 5.065, 5.061, 5.056, 5.054, 5.053, 5.058, 5.052, 5.05, 5.05, 5.057, 5.05, 5.048, 5.049, 5.057, 5.05, 5.047, 5.048, 5.056, 5.049, 5.047, 5.047, 5.056, 5.048, 5.046, 5.047, 5.055, 5.048, 5.046, 5.046]","[0.994, 0.989, 0.984, 0.98, 0.972, 0.962, 0.959, 0.959, 0.967, 0.955, 0.952, 0.952, 0.965, 0.952, 0.949, 0.95, 0.964, 0.951, 0.947, 0.948, 0.963, 0.949, 0.946, 0.947, 0.962, 0.948, 0.945, 0.946, 0.961, 0.948, 0.944, 0.945]","[3.05, 6.038, 8.974, 11.87, 1.667, 4.331, 7.041, 9.885, 1.095, 3.627, 6.226, 9.05, 0.783, 3.259, 5.802, 8.598, 0.461, 2.916, 5.412, 8.163, 0.175, 2.621, 5.057, 7.761, -0.01, 2.413, 4.796, 7.443, -0.146, 2.255, 4.602, 7.202]","[1.0, 0.999, 0.998, 0.997, 0.997, 0.996, 0.995, 0.994, 0.993, 0.992, 0.991, 0.99, 0.99, 0.989, 0.988, 0.987, 0.986, 0.985, 0.984, 0.984, 0.983, 0.982, 0.981, 0.98, 0.979, 0.978, 0.977, 0.977, 0.976, 0.975, 0.974, 0.973]","[0.0, 0.0, 0.0, 1.0, 0.0, 0.0, 0.0, 1.0, 0.0, 0.0, 0.0, 1.0, 0.0, 0.0, 0.0, 1.0, 0.0, 0.0, 0.0, 1.0, 0.0, 0.0, 0.0, 1.0, 0.0, 0.0, 0.0, 1.0, 0.0, 0.0, 0.0, 1.0]"
5,1916928,1181.718,1000.000,0.000,1000,1000,3096.565,194.806,2614.120,3537.171,1220.082,1000.000,0.000,1000.000,1000.000,3161.562,269.143,1020.812,3688.677,53.341,0.000,443.750,0.002,0.000,0.202,1.012,0.000,1.331,0.000,0.001,1.195,1.191,92.800,36.929,61.137,318.322,15.046,"[5.072, 5.069, 5.067, 5.065, 5.06, 5.055, 5.053, 5.053, 5.057, 5.051, 5.049, 5.049, 5.057, 5.049, 5.047, 5.048, 5.056, 5.048, 5.046, 5.047, 5.055, 5.048, 5.046, 5.046, 5.055, 5.047, 5.045, 5.046, 5.054, 5.047, 5.045, 5.045]","[0.994, 0.988, 0.984, 0.98, 0.971, 0.961, 0.958, 0.957, 0.966, 0.953, 0.95, 0.951, 0.964, 0.95, 0.947, 0.949, 0.962, 0.949, 0.945, 0.947, 0.961, 0.947, 0.944, 0.945, 0.96, 0.946, 0.943, 0.944, 0.959, 0.945, 0.942, 0.943]","[3.111, 6.14, 9.131, 12.09, 1.696, 4.398, 7.182, 10.094, 1.106, 3.656, 6.324, 9.218, 0.79, 3.275, 5.881, 8.736, 0.45, 2.913, 5.463, 8.281, 0.151, 2.602, 5.104, 7.874, -0.035, 2.393, 4.836, 7.533, -0.168, 2.234, 4.62, 7.259]","[1.0, 0.999, 0.998, 0.997, 0.997, 0.996, 0.995, 0.994, 0.993, 0.992, 0.991, 0.99, 0.99, 0.989, 0.988, 0.987, 0.986, 0.985, 0.984, 0.984, 0.983, 0.982, 0.981, 0.98, 0.979, 0.977, 0.976, 0.974, 0.972, 0.97, 0.969, 0.967]","[0.0, 0.0, 0.0, 1.0, 0.0, 0.0, 0.0, 1.0, 0.0, 0.0, 0.0, 1.0, 0.0, 0.0, 0.0, 1.0, 0.0, 0.0, 0.0, 1.0, 0.0, 0.0, 0.0, 1.0, 0.0, 0.0, 0.0, 1.0, 0.0, 0.0, 0.0, 1.0]"
5,2064384,1181.887,1000.000,0.000,1000,1000,3185.103,203.618,2358.682,3726.244,1220.621,1000.000,0.000,1000.000,1000.000,3216.956,227.120,2485.002,3728.492,54.074,0.000,439.250,0.002,0.000,0.200,0.998,0.000,1.317,0.000,0.001,0.991,0.987,94.152,36.934,62.526,324.599,15.892,"[5.072, 5.069, 5.067, 5.065, 5.06, 5.054, 5.053, 5.052, 5.057, 5.05, 5.049, 5.049, 5.056, 5.049, 5.047, 5.048, 5.056, 5.048, 5.046, 5.047, 5.055, 5.048, 5.046, 5.046, 5.054, 5.047, 5.045, 5.046, 5.054, 5.047, 5.045, 5.046]","[0.994, 0.988, 0.984, 0.98, 0.97, 0.96, 0.957, 0.957, 0.965, 0.953, 0.95, 0.951, 0.963, 0.95, 0.947, 0.949, 0.962, 0.949, 0.946, 0.947, 0.961, 0.947, 0.944, 0.946, 0.96, 0.946, 0.943, 0.945, 0.959, 0.946, 0.942, 0.944]","[3.185, 6.306, 9.344, 12.336, 1.695, 4.432, 7.236, 10.174, 1.096, 3.667, 6.338, 9.238, 0.799, 3.297, 5.898, 8.746, 0.466, 2.914, 5.449, 8.242, 0.181, 2.612, 5.087, 7.821, -0.011, 2.399, 4.806, 7.479, -0.145, 2.238, 4.602, 7.219]","[1.0, 0.998, 0.997, 0.995, 0.993, 0.991, 0.99, 0.988, 0.986, 0.984, 0.983, 0.981, 0.979, 0.977, 0.976, 0.974, 0.972, 0.97, 0.969, 0.967, 0.965, 0.964, 0.962, 0.96, 0.958, 0.957, 0.957, 0.956, 0.955, 0.954, 0.953, 0.952]","[0.0, 0.0, 0.0, 1.0, 0.0, 0.0, 0.0, 1.0, 0.0, 0.0, 0.0, 1.0, 0.0, 0.0, 0.0, 1.0, 0.0, 0.0, 0.0, 1.0, 0.0, 0.0, 0.0, 1.0, 0.0, 0.0, 0.0, 1.0, 0.0, 0.0, 0.0, 1.0]"
5,2211840,1181.726,1000.000,0.000,1000,1000,3253.482,200.688,2799.129,3723.398,1220.023,1000.000,0.000,1000.000,1000.000,3253.970,251.010,1900.947,3843.677,56.030,0.000,434.750,0.002,0.000,0.207,1.034,0.000,1.304,0.000,0.001,0.815,0.811,95.297,36.929,64.389,329.637,16.287,"[5.072, 5.069, 5.067, 5.064, 5.059, 5.054, 5.053, 5.052, 5.057, 5.05, 5.048, 5.049, 5.056, 5.048, 5.047, 5.047, 5.055, 5.047, 5.045, 5.046, 5.054, 5.047, 5.045, 5.045, 5.053, 5.046, 5.044, 5.045, 5.053, 5.045, 5.043, 5.044]","[0.994, 0.988, 0.984, 0.98, 0.969, 0.96, 0.957, 0.957, 0.964, 0.952, 0.949, 0.95, 0.962, 0.949, 0.946, 0.947, 0.96, 0.947, 0.944, 0.945, 0.959, 0.945, 0.942, 0.944, 0.957, 0.943, 0.94, 0.942, 0.956, 0.943, 0.939, 0.941]","[3.212, 6.38, 9.48, 12.531, 1.691, 4.476, 7.347, 10.343, 1.079, 3.719, 6.478, 9.465, 0.74, 3.321, 6.007, 8.956, 0.373, 2.917, 5.55, 8.458, 0.04, 2.582, 5.159, 8.014, -0.186, 2.335, 4.858, 7.649, -0.338, 2.159, 4.632, 7.369]","[1.0, 0.999, 0.998, 0.997, 0.997, 0.996, 0.995, 0.994, 0.993, 0.992, 0.991, 0.99, 0.99, 0.989, 0.988, 0.987, 0.986, 0.985, 0.984, 0.984, 0.983, 0.982, 0.981, 0.98, 0.979, 0.978, 0.977, 0.977, 0.976, 0.975, 0.974, 0.973]","[0.0, 0.0, 0.0, 1.0, 0.0, 0.0, 0.0, 1.0, 0.0, 0.0, 0.0, 1.0, 0.0, 0.0, 0.0, 1.0, 0.0, 0.0, 0.0, 1.0, 0.0, 0.0, 0.0, 1.0, 0.0, 0.0, 0.0, 1.0, 0.0, 0.0, 0.0, 1.0]"
5,2359296,1181.490,1000.000,0.000,1000,1000,3271.877,208.436,2692.823,3832.798,1220.670,1000.000,0.000,1000.000,1000.000,3302.765,242.442,2497.152,3887.570,57.344,0.000,430.250,0.002,0.000,0.203,1.017,0.000,1.290,0.000,0.001,0.636,0.632,96.501,36.922,64.207,332.872,15.871,"[5.072, 5.069, 5.067, 5.065, 5.059, 5.054, 5.053, 5.052, 5.057, 5.05, 5.048, 5.049, 5.056, 5.049, 5.047, 5.048, 5.055, 5.047, 5.046, 5.046, 5.054, 5.046, 5.045, 5.045, 5.053, 5.046, 5.044, 5.045, 5.052, 5.045, 5.043, 5.044]","[0.994, 0.988, 0.984, 0.98, 0.969, 0.96, 0.957, 0.957, 0.964, 0.952, 0.949, 0.951, 0.962, 0.949, 0.946, 0.948, 0.96, 0.947, 0.944, 0.946, 0.958, 0.945, 0.942, 0.944, 0.956, 0.943, 0.94, 0.942, 0.955, 0.942, 0.939, 0.941]","[3.231, 6.43, 9.571, 12.655, 1.691, 4.498, 7.407, 10.455, 1.069, 3.722, 6.512, 9.545, 0.715, 3.299, 6.023, 9.014, 0.326, 2.874, 5.536, 8.485, -0.027, 2.521, 5.124, 8.019, -0.247, 2.292, 4.835, 7.668, -0.411, 2.103, 4.597, 7.377]","[1.0, 0.999, 0.998, 0.997, 0.997, 0.996, 0.995, 0.994, 0.993, 0.992, 0.991, 0.99, 0.99, 0.989, 0.988, 0.987, 0.986, 0.985, 0.984, 0.984, 0.983, 0.982, 0.981, 0.98, 0.979, 0.978, 0.977, 0.977, 0.976, 0.975, 0.974, 0.973]","[0.0, 0.0, 0.0, 1.0, 0.0, 0.0, 0.0, 1.0, 0.0, 0.0, 0.0, 1.0, 0.0, 0.0, 0.0, 1.0, 0.0, 0.0, 0.0, 1.0, 0.0, 0.0, 0.0, 1.0, 0.0, 0.0, 0.0, 1.0, 0.0, 0.0, 0.0, 1.0]"
5,2506752,1181.894,1000.000,0.000,1000,1000,3285.851,191.454,2696.139,3816.170,1220.098,1000.000,0.000,1000.000,1000.000,3283.422,232.769,2742.579,3915.796,58.698,0.000,425.750,0.002,0.000,0.202,1.008,0.000,1.276,0.000,0.001,0.469,0.465,97.570,36.934,63.129,334.717,15.550,"[5.072, 5.069, 5.067, 5.065, 5.06, 5.055, 5.053, 5.053, 5.057, 5.051, 5.049, 5.05, 5.056, 5.049, 5.048, 5.048, 5.055, 5.048, 5.046, 5.047, 5.054, 5.047, 5.045, 5.046, 5.053, 5.046, 5.044, 5.045, 5.052, 5.045, 5.043, 5.044]","[0.994, 0.988, 0.984, 0.981, 0.97, 0.961, 0.959, 0.958, 0.965, 0.953, 0.951, 0.952, 0.962, 0.95, 0.948, 0.949, 0.96, 0.948, 0.945, 0.947, 0.958, 0.945, 0.943, 0.944, 0.956, 0.944, 0.941, 0.943, 0.955, 0.942, 0.939, 0.941]","[3.245, 6.436, 9.585, 12.695, 1.718, 4.566, 7.478, 10.542, 1.102, 3.792, 6.581, 9.619, 0.739, 3.375, 6.089, 9.085, 0.344, 2.943, 5.595, 8.539, -0.01, 2.573, 5.16, 8.052, -0.227, 2.337, 4.855, 7.677, -0.388, 2.143, 4.606, 7.37]","[1.0, 0.999, 0.998, 0.997, 0.997, 0.996, 0.995, 0.994, 0.993, 0.992, 0.991, 0.99, 0.99, 0.989, 0.988, 0.987, 0.986, 0.985, 0.984, 0.984, 0.983, 0.982, 0.981, 0.98, 0.979, 0.978, 0.977, 0.977, 0.976, 0.975, 0.974, 0.973]","[0.0, 0.0, 0.0, 1.0, 0.0, 0.0, 0.0, 1.0, 0.0, 0.0, 0.0, 1.0, 0.0, 0.0, 0.0, 1.0, 0.0, 0.0, 0.0, 1.0, 0.0, 0.0, 0.0, 1.0, 0.0, 0.0, 0.0, 1.0, 0.0, 0.0, 0.0, 1.0]"
5,2654208,1181.335,1000.000,0.000,1000,1000,3261.777,242.881,1981.397,3873.200,1220.623,1000.000,0.000,1000.000,1000.000,3299.203,187.851,2785.839,3813.370,59.846,0.000,421.250,0.002,0.000,0.206,1.028,0.000,1.263,0.000,0.001,0.295,0.291,97.924,36.917,67.983,334.310,18.219,"[5.072, 5.069, 5.067, 5.065, 5.059, 5.054, 5.052, 5.052, 5.056, 5.05, 5.048, 5.048, 5.055, 5.048, 5.046, 5.047, 5.054, 5.047, 5.045, 5.046, 5.053, 5.046, 5.044, 5.044, 5.052, 5.045, 5.043, 5.044, 5.052, 5.045, 5.043, 5.043]","[0.993, 0.988, 0.984, 0.98, 0.968, 0.959, 0.957, 0.956, 0.963, 0.951, 0.949, 0.95, 0.961, 0.948, 0.946, 0.947, 0.959, 0.946, 0.943, 0.945, 0.957, 0.944, 0.941, 0.943, 0.955, 0.942, 0.94, 0.941, 0.954, 0.941, 0.938, 0.94]","[3.279, 6.478, 9.637, 12.744, 1.631, 4.486, 7.411, 10.48, 0.98, 3.674, 6.476, 9.517, 0.605, 3.241, 5.973, 8.975, 0.196, 2.799, 5.479, 8.434, -0.165, 2.435, 5.054, 7.947, -0.392, 2.198, 4.75, 7.583, -0.554, 2.014, 4.518, 7.297]","[1.0, 0.999, 0.998, 0.997, 0.997, 0.996, 0.995, 0.994, 0.993, 0.992, 0.991, 0.99, 0.99, 0.989, 0.988, 0.987, 0.986, 0.985, 0.984, 0.984, 0.983, 0.982, 0.981, 0.98, 0.979, 0.978, 0.977, 0.977, 0.976, 0.975, 0.974, 0.973]","[0.0, 0.0, 0.0, 1.0, 0.0, 0.0, 0.0, 1.0, 0.0, 0.0, 0.0, 1.0, 0.0, 0.0, 0.0, 1.0, 0.0, 0.0, 0.0, 1.0, 0.0, 0.0, 0.0, 1.0, 0.0, 0.0, 0.0, 1.0, 0.0, 0.0, 0.0, 1.0]"
5,2801664,1181.801,1000.000,0.000,1000,1000,3302.967,202.974,2756.254,3833.959,1220.411,1000.000,0.000,1000.000,1000.000,3327.088,223.175,2533.472,3897.953,61.657,0.000,416.750,0.003,0.000,0.202,1.010,0.000,1.249,0.000,0.001,0.145,0.139,99.042,36.931,67.204,337.186,16.148,"[5.072, 5.069, 5.067, 5.065, 5.059, 5.055, 5.053, 5.053, 5.056, 5.051, 5.049, 5.05, 5.055, 5.049, 5.048, 5.048, 5.054, 5.048, 5.046, 5.047, 5.053, 5.047, 5.045, 5.046, 5.053, 5.046, 5.045, 5.046, 5.052, 5.046, 5.044, 5.045]","[0.993, 0.988, 0.984, 0.981, 0.969, 0.961, 0.958, 0.958, 0.964, 0.953, 0.951, 0.952, 0.961, 0.95, 0.948, 0.949, 0.959, 0.948, 0.945, 0.947, 0.957, 0.946, 0.943, 0.945, 0.956, 0.944, 0.942, 0.944, 0.955, 0.943, 0.941, 0.943]","[3.278, 6.546, 9.732, 12.865, 1.655, 4.553, 7.521, 10.615, 1.01, 3.753, 6.603, 9.676, 0.643, 3.313, 6.083, 9.118, 0.227, 2.86, 5.575, 8.57, -0.132, 2.494, 5.144, 8.077, -0.371, 2.237, 4.831, 7.697, -0.543, 2.047, 4.579, 7.385]","[1.0, 0.999, 0.998, 0.997, 0.997, 0.996, 0.995, 0.994, 0.993, 0.992, 0.991, 0.99, 0.99, 0.989, 0.988, 0.987, 0.986, 0.985, 0.984, 0.984, 0.983, 0.982, 0.981, 0.98, 0.979, 0.978, 0.977, 0.977, 0.976, 0.975, 0.974, 0.973]","[0.0, 0.0, 0.0, 1.0, 0.0, 0.0, 0.0, 1.0, 0.0, 0.0, 0.0, 1.0, 0.0, 0.0, 0.0, 1.0, 0.0, 0.0, 0.0, 1.0, 0.0, 0.0, 0.0, 1.0, 0.0, 0.0, 0.0, 1.0, 0.0, 0.0, 0.0, 1.0]"
5,2949120,1182.298,1000.000,0.000,1000,1000,3336.387,216.607,2337.067,3922.531,1221.309,1000.000,0.000,1000.000,1000.000,3359.183,229.277,2809.116,3835.237,62.532,0.000,412.250,0.003,0.000,0.205,1.025,0.000,1.236,0.000,0.001,-0.052,-0.057,99.570,36.947,69.161,340.532,17.770,"[5.072, 5.069, 5.066, 5.064, 5.058, 5.054, 5.052, 5.052, 5.055, 5.049, 5.048, 5.049, 5.054, 5.048, 5.047, 5.047, 5.053, 5.047, 5.045, 5.046, 5.053, 5.046, 5.044, 5.045, 5.052, 5.045, 5.044, 5.045, 5.051, 5.045, 5.043, 5.044]","[0.993, 0.987, 0.983, 0.98, 0.967, 0.959, 0.956, 0.956, 0.962, 0.951, 0.949, 0.95, 0.959, 0.948, 0.946, 0.948, 0.958, 0.946, 0.943, 0.945, 0.956, 0.944, 0.942, 0.944, 0.955, 0.943, 0.94, 0.942, 0.954, 0.942, 0.939, 0.942]","[3.33, 6.583, 9.743, 12.868, 1.546, 4.411, 7.342, 10.431, 0.864, 3.561, 6.37, 9.432, 0.487, 3.106, 5.835, 8.854, 0.068, 2.638, 5.299, 8.261, -0.289, 2.276, 4.861, 7.764, -0.525, 2.018, 4.533, 7.363, -0.674, 1.838, 4.291, 7.063]","[1.0, 0.998, 0.997, 0.995, 0.993, 0.991, 0.99, 0.988, 0.986, 0.984, 0.983, 0.981, 0.979, 0.977, 0.976, 0.974, 0.972, 0.97, 0.969, 0.967, 0.965, 0.964, 0.962, 0.96, 0.958, 0.957, 0.955, 0.953, 0.951, 0.95, 0.948, 0.946]","[0.0, 0.0, 0.0, 1.0, 0.0, 0.0, 0.0, 1.0, 0.0, 0.0, 0.0, 1.0, 0.0, 0.0, 0.0, 1.0, 0.0, 0.0, 0.0, 1.0, 0.0, 0.0, 0.0, 1.0, 0.0, 0.0, 0.0, 1.0, 0.0, 0.0, 0.0, 1.0]"
6,147456,854.005,1000.000,0.000,1000,1000,486.872,105.553,26.085,721.662,942.589,1000.000,0.000,1000.000,1000.000,571.599,106.973,184.978,835.649,12.204,7.698,497.749,0.000,0.000,0.404,2.018,2.309,1.493,0.001,0.000,3.884,3.885,11.008,26.688,15.688,30.901,6.671,"[5.066, 5.058, 5.05, 5.044, 5.037, 5.029, 5.021, 5.011, 5.001, 4.991, 4.979, 4.967, 4.954, 4.941, 4.927, 4.913, 4.899, 4.887, 4.875, 4.865, 4.858, 4.854, 4.853, 4.856, 4.862, 4.871, 4.881, 4.891, 4.901, 4.909, 4.917, 4.921]","[0.982, 0.966, 0.951, 0.938, 0.925, 0.912, 0.896, 0.88, 0.862, 0.844, 0.825, 0.805, 0.784, 0.764, 0.743, 0.723, 0.704, 0.687, 0.673, 0.661, 0.654, 0.652, 0.655, 0.662, 0.673, 0.686, 0.701, 0.716, 0.729, 0.74, 0.749, 0.754]","[0.427, 0.782, 1.086, 1.372, 1.635, 1.869, 2.077, 2.263, 2.434, 2.592, 2.735, 2.865, 2.981, 3.087, 3.178, 3.254, 3.308, 3.334, 3.326, 3.282, 3.181, 3.03, 2.846, 2.613, 2.363, 2.104, 1.846, 1.609, 1.41, 1.239, 1.101, 1.01]","[1.0, 0.999, 0.998, 0.997, 0.997, 0.996, 0.995, 0.994, 0.993, 0.992, 0.991, 0.99, 0.99, 0.989, 0.988, 0.987, 0.986, 0.985, 0.984, 0.984, 0.983, 0.982, 0.981, 0.98, 0.979, 0.978, 0.977, 0.977, 0.976, 0.975, 0.974, 0.973]","[0.0, 0.0, 0.0, 0.0, 0.0, 0.0, 0.0, 0.0, 0.0, 0.0, 0.0, 0.001, 0.001, 0.002, 0.004, 0.006, 0.01, 0.016, 0.022, 0.031, 0.042, 0.05, 0.06, 0.067, 0.072, 0.074, 0.073, 0.069, 0.065, 0.059, 0.052, 0.046]"
6,294912,1157.612,1000.000,0.000,1000,1000,668.448,102.794,458.916,899.028,1188.497,1000.000,0.000,1000.000,1000.000,1149.771,152.198,805.662,1509.706,16.306,3.213,493.249,0.000,0.000,0.326,1.630,0.963,1.480,0.001,0.000,3.848,3.849,16.897,36.175,21.519,59.136,7.843,"[5.067, 5.058, 5.051, 5.044, 5.037, 5.03, 5.023, 5.014, 5.006, 4.997, 4.987, 4.977, 4.967, 4.956, 4.945, 4.934, 4.923, 4.913, 4.902, 4.893, 4.884, 4.877, 4.872, 4.868, 4.867, 4.867, 4.87, 4.875, 4.881, 4.888, 4.896, 4.903]","[0.983, 0.967, 0.952, 0.938, 0.926, 0.912, 0.898, 0.883, 0.867, 0.851, 0.835, 0.818, 0.8, 0.783, 0.766, 0.749, 0.733, 0.717, 0.703, 0.69, 0.68, 0.672, 0.667, 0.664, 0.665, 0.668, 0.676, 0.684, 0.694, 0.707, 0.718, 0.729]","[0.616, 1.157, 1.652, 2.131, 2.594, 3.03, 3.44, 3.829, 4.202, 4.564, 4.914, 5.253, 5.576, 5.886, 6.18, 6.449, 6.69, 6.891, 7.056, 7.175, 7.23, 7.225, 7.153, 7.013, 6.818, 6.565, 6.233, 5.876, 5.502, 5.094, 4.735, 4.389]","[1.0, 0.999, 0.998, 0.997, 0.997, 0.996, 0.995, 0.994, 0.993, 0.992, 0.991, 0.99, 0.99, 0.989, 0.988, 0.987, 0.986, 0.985, 0.984, 0.984, 0.983, 0.982, 0.981, 0.98, 0.979, 0.978, 0.977, 0.977, 0.976, 0.975, 0.974, 0.973]","[0.0, 0.0, 0.0, 0.0, 0.0, 0.0, 0.0, 0.0, 0.0, 0.0, 0.0, 0.001, 0.001, 0.002, 0.003, 0.005, 0.008, 0.01, 0.014, 0.019, 0.023, 0.029, 0.035, 0.041, 0.046, 0.053, 0.057, 0.059, 0.063, 0.06, 0.06, 0.058]"
6,442368,1159.282,1000.000,0.000,1000,1000,1351.693,171.193,964.076,1866.495,1190.341,1000.000,0.000,1000.000,1000.000,2569.319,188.184,2148.485,3001.391,21.400,0.490,488.749,0.000,0.000,0.510,2.552,0.146,1.466,0.001,0.000,3.635,3.635,38.836,36.228,60.844,122.107,14.543,"[5.057, 5.041, 5.025, 5.012, 4.999, 4.986, 4.972, 4.957, 4.942, 4.927, 4.912, 4.898, 4.885, 4.874, 4.864, 4.857, 4.853, 4.852, 4.854, 4.858, 4.863, 4.867, 4.872, 4.875, 4.877, 4.878, 4.879, 4.878, 4.876, 4.874, 4.872, 4.871]","[0.965, 0.934, 0.906, 0.882, 0.86, 0.838, 0.816, 0.793, 0.77, 0.748, 0.727, 0.708, 0.69, 0.675, 0.663, 0.655, 0.651, 0.651, 0.655, 0.661, 0.668, 0.674, 0.68, 0.685, 0.688, 0.689, 0.689, 0.688, 0.685, 0.683, 0.68, 0.678]","[1.528, 2.956, 4.285, 5.557, 6.789, 7.97, 9.101, 10.188, 11.231, 12.237, 13.177, 14.039, 14.781, 15.349, 15.724, 15.84, 15.659, 15.154, 14.298, 13.252, 12.119, 11.004, 9.9, 8.939, 8.167, 7.535, 7.059, 6.732, 6.532, 6.423, 6.369, 6.324]","[1.0, 0.999, 0.998, 0.997, 0.997, 0.996, 0.995, 0.994, 0.993, 0.992, 0.991, 0.99, 0.99, 0.989, 0.988, 0.987, 0.986, 0.985, 0.984, 0.984, 0.983, 0.982, 0.981, 0.98, 0.979, 0.978, 0.977, 0.977, 0.976, 0.975, 0.974, 0.973]","[0.0, 0.0, 0.0, 0.0, 0.0, 0.0, 0.001, 0.002, 0.004, 0.007, 0.011, 0.016, 0.023, 0.031, 0.041, 0.052, 0.062, 0.072, 0.077, 0.078, 0.076, 0.075, 0.071, 0.066, 0.062, 0.059, 0.055, 0.053, 0.053, 0.053, 0.055, 0.056]"
6,589824,1159.519,1000.000,0.000,1000,1000,2540.638,207.843,2067.891,3013.285,1188.126,1000.000,0.000,1000.000,1000.000,3137.629,337.350,699.518,3627.093,26.258,0.051,484.249,0.000,0.000,0.509,2.546,0.015,1.452,0.000,0.000,3.226,3.226,75.757,36.235,70.083,242.549,15.655,"[5.063, 5.051, 5.041, 5.031, 5.022, 5.012, 5.001, 4.989, 4.977, 4.965, 4.952, 4.939, 4.926, 4.912, 4.899, 4.885, 4.871, 4.858, 4.847, 4.838, 4.83, 4.825, 4.823, 4.824, 4.828, 4.835, 4.843, 4.853, 4.863, 4.872, 4.88, 4.885]","[0.976, 0.954, 0.936, 0.919, 0.903, 0.886, 0.869, 0.852, 0.834, 0.816, 0.798, 0.78, 0.762, 0.744, 0.726, 0.708, 0.692, 0.676, 0.663, 0.652, 0.644, 0.64, 0.638, 0.641, 0.647, 0.656, 0.667, 0.679, 0.691, 0.701, 0.71, 0.716]","[2.688, 5.251, 7.724, 10.136, 12.478, 14.734, 16.923, 19.056, 21.148, 23.211, 25.248, 27.257, 29.234, 31.179, 33.082, 34.937, 36.714, 38.369, 39.809, 40.963, 41.739, 42.122, 41.999, 41.255, 39.914, 37.948, 35.532, 32.806, 29.888, 27.169, 24.563, 22.427]","[1.0, 0.999, 0.998, 0.997, 0.997, 0.996, 0.995, 0.994, 0.993, 0.992, 0.991, 0.99, 0.99, 0.989, 0.988, 0.987, 0.986, 0.985, 0.984, 0.984, 0.983, 0.982, 0.981, 0.98, 0.979, 0.978, 0.977, 0.977, 0.976, 0.975, 0.974, 0.973]","[0.0, 0.0, 0.0, 0.0, 0.0, 0.0, 0.0, 0.0, 0.0, 0.001, 0.001, 0.001, 0.002, 0.003, 0.004, 0.006, 0.009, 0.014, 0.021, 0.028, 0.035, 0.044, 0.054, 0.063, 0.071, 0.075, 0.077, 0.076, 0.071, 0.067, 0.058, 0.051]"
6,737280,1158.344,1000.000,0.000,1000,1000,3082.347,181.336,2503.230,3595.804,1190.836,1000.000,0.000,1000.000,1000.000,3502.782,172.334,3091.914,3915.222,30.165,0.007,479.749,0.000,0.000,0.348,1.740,0.002,1.439,0.000,0.000,2.938,2.937,97.590,36.198,61.267,313.197,14.948,"[5.068, 5.061, 5.054, 5.048, 5.042, 5.036, 5.029, 5.022, 5.014, 5.006, 4.998, 4.989, 4.98, 4.97, 4.961, 4.95, 4.94, 4.929, 4.919, 4.908, 4.897, 4.885, 4.874, 4.864, 4.853, 4.843, 4.834, 4.826, 4.82, 4.816, 4.815, 4.817]","[0.985, 0.972, 0.96, 0.949, 0.939, 0.928, 0.917, 0.905, 0.893, 0.88, 0.868, 0.855, 0.841, 0.827, 0.813, 0.799, 0.784, 0.77, 0.755, 0.741, 0.727, 0.712, 0.699, 0.686, 0.673, 0.662, 0.652, 0.643, 0.638, 0.635, 0.636, 0.64]","[3.216, 6.351, 9.402, 12.392, 15.314, 18.177, 20.983, 23.749, 26.487, 29.194, 31.875, 34.535, 37.168, 39.781, 42.376, 44.943, 47.493, 50.029, 52.543, 55.035, 57.497, 59.918, 62.271, 64.537, 66.687, 68.633, 70.37, 71.735, 72.6, 72.925, 72.481, 71.392]","[1.0, 0.999, 0.998, 0.997, 0.997, 0.996, 0.995, 0.994, 0.993, 0.992, 0.991, 0.99, 0.99, 0.989, 0.988, 0.987, 0.986, 0.985, 0.984, 0.984, 0.983, 0.982, 0.981, 0.98, 0.979, 0.978, 0.977, 0.977, 0.976, 0.975, 0.974, 0.973]","[0.0, 0.0, 0.0, 0.0, 0.0, 0.0, 0.0, 0.0, 0.0, 0.001, 0.001, 0.001, 0.001, 0.001, 0.001, 0.001, 0.001, 0.001, 0.002, 0.002, 0.003, 0.004, 0.005, 0.006, 0.009, 0.012, 0.016, 0.023, 0.029, 0.037, 0.044, 0.052]"
6,884736,1159.987,1000.000,0.000,1000,1000,3438.653,177.433,3044.590,3824.981,1188.455,1000.000,0.000,1000.000,1000.000,3852.804,184.705,3360.356,4345.245,33.670,0.001,475.249,0.000,0.000,0.253,1.264,0.000,1.425,0.000,0.000,2.719,2.719,112.520,36.250,58.318,356.567,14.676,"[5.07, 5.065, 5.06, 5.055, 5.051, 5.046, 5.041, 5.035, 5.029, 5.023, 5.017, 5.01, 5.003, 4.996, 4.989, 4.981, 4.973, 4.965, 4.956, 4.948, 4.939, 4.93, 4.921, 4.911, 4.902, 4.892, 4.883, 4.873, 4.863, 4.854, 4.845, 4.836]","[0.989, 0.98, 0.971, 0.963, 0.955, 0.946, 0.937, 0.928, 0.919, 0.909, 0.899, 0.888, 0.877, 0.866, 0.855, 0.843, 0.831, 0.819, 0.807, 0.795, 0.783, 0.77, 0.758, 0.746, 0.734, 0.721, 0.709, 0.698, 0.686, 0.675, 0.665, 0.656]","[3.633, 7.177, 10.655, 14.077, 17.438, 20.745, 23.995, 27.21, 30.394, 33.558, 36.7, 39.82, 42.918, 45.996, 49.054, 52.099, 55.129, 58.139, 61.138, 64.12, 67.092, 70.048, 72.977, 75.886, 78.767, 81.623, 84.43, 87.183, 89.852, 92.439, 94.854, 97.059]","[1.0, 0.999, 0.998, 0.997, 0.997, 0.996, 0.995, 0.994, 0.993, 0.992, 0.991, 0.99, 0.99, 0.989, 0.988, 0.987, 0.986, 0.985, 0.984, 0.984, 0.983, 0.982, 0.981, 0.98, 0.979, 0.978, 0.977, 0.977, 0.976, 0.975, 0.974, 0.973]","[0.0, 0.0, 0.0, 0.0, 0.0, 0.0, 0.0, 0.0, 0.0, 0.0, 0.0, 0.0, 0.0, 0.0, 0.0, 0.0, 0.0, 0.0, 0.0, 0.0, 0.0, 0.001, 0.001, 0.001, 0.001, 0.002, 0.002, 0.003, 0.004, 0.005, 0.007, 0.01]"
6,1032192,1159.540,1000.000,0.000,1000,1000,3841.256,221.824,2851.547,4382.561,1190.179,1000.000,0.000,1000.000,1000.000,4113.062,166.561,3664.512,4499.518,36.463,0.000,470.749,0.000,0.000,0.209,1.044,0.000,1.412,0.000,0.000,2.523,2.522,122.826,36.236,56.172,388.332,14.926,"[5.071, 5.067, 5.063, 5.059, 5.055, 5.051, 5.047, 5.043, 5.038, 5.033, 5.028, 5.023, 5.018, 5.012, 5.006, 5.0, 4.993, 4.986, 4.98, 4.972, 4.965, 4.958, 4.95, 4.943, 4.935, 4.927, 4.919, 4.911, 4.902, 4.894, 4.885, 4.877]","[0.992, 0.983, 0.976, 0.969, 0.963, 0.956, 0.949, 0.941, 0.934, 0.926, 0.918, 0.909, 0.9, 0.891, 0.882, 0.872, 0.862, 0.852, 0.842, 0.831, 0.821, 0.81, 0.8, 0.789, 0.778, 0.768, 0.757, 0.746, 0.736, 0.725, 0.714, 0.704]","[3.872, 7.68, 11.428, 15.107, 18.728, 22.299, 25.825, 29.326, 32.799, 36.242, 39.659, 43.057, 46.435, 49.793, 53.133, 56.449, 59.745, 63.026, 66.298, 69.554, 72.794, 76.022, 79.234, 82.432, 85.611, 88.771, 91.905, 95.016, 98.101, 101.156, 104.166, 107.137]","[1.0, 0.998, 0.997, 0.995, 0.993, 0.991, 0.99, 0.988, 0.986, 0.984, 0.983, 0.981, 0.979, 0.977, 0.976, 0.974, 0.972, 0.97, 0.969, 0.967, 0.965, 0.964, 0.962, 0.96, 0.958, 0.957, 0.955, 0.953, 0.951, 0.95, 0.948, 0.946]","[0.0, 0.0, 0.0, 0.001, 0.001, 0.001, 0.001, 0.001, 0.001, 0.001, 0.001, 0.001, 0.001, 0.001, 0.001, 0.001, 0.001, 0.001, 0.001, 0.001, 0.001, 0.001, 0.001, 0.001, 0.001, 0.001, 0.002, 0.002, 0.002, 0.002, 0.002, 0.003]"
6,1179648,1160.153,1000.000,0.000,1000,1000,4189.535,169.734,3642.860,4547.188,1187.933,1000.000,0.000,1000.000,1000.000,4383.860,144.828,3909.000,4789.826,36.538,0.000,466.249,0.000,0.000,0.195,0.975,0.000,1.398,0.000,0.000,2.344,2.344,131.526,36.255,53.307,414.016,15.514,"[5.071, 5.067, 5.064, 5.061, 5.057, 5.053, 5.049, 5.045, 5.041, 5.037, 5.032, 5.027, 5.022, 5.016, 5.011, 5.005, 4.999, 4.992, 4.986, 4.979, 4.972, 4.965, 4.958, 4.95, 4.943, 4.935, 4.927, 4.919, 4.911, 4.903, 4.894, 4.886]","[0.993, 0.985, 0.978, 0.972, 0.966, 0.959, 0.953, 0.946, 0.939, 0.931, 0.924, 0.916, 0.907, 0.898, 0.889, 0.88, 0.871, 0.861, 0.851, 0.841, 0.831, 0.821, 0.811, 0.8, 0.79, 0.779, 0.769, 0.758, 0.747, 0.737, 0.726, 0.716]","[4.178, 8.301, 12.368, 16.365, 20.31, 24.211, 28.077, 31.91, 35.719, 39.504, 43.275, 47.024, 50.752, 54.459, 58.148, 61.819, 65.475, 69.116, 72.745, 76.358, 79.961, 83.548, 87.121, 90.681, 94.227, 97.76, 101.275, 104.773, 108.255, 111.705, 115.134, 118.514]","[1.0, 0.999, 0.998, 0.997, 0.997, 0.996, 0.995, 0.994, 0.993, 0.992, 0.991, 0.99, 0.99, 0.989, 0.988, 0.987, 0.986, 0.985, 0.984, 0.984, 0.983, 0.982, 0.981, 0.98, 0.979, 0.978, 0.977, 0.977, 0.976, 0.975, 0.974, 0.973]","[0.0, 0.0, 0.0, 0.0, 0.0, 0.0, 0.0, 0.0, 0.0, 0.0, 0.0, 0.0, 0.0, 0.0, 0.0, 0.0, 0.0, 0.0, 0.0, 0.0, 0.0, 0.0, 0.0, 0.0, 0.0, 0.0, 0.0, 0.0, 0.001, 0.001, 0.001, 0.001]"
6,1327104,1158.495,1000.000,0.000,1000,1000,4394.937,170.673,3794.247,4761.116,1190.651,1000.000,0.000,1000.000,1000.000,4623.504,157.427,4220.248,5001.550,34.531,0.000,461.749,0.000,0.000,0.197,0.986,0.000,1.385,0.000,0.000,2.155,2.154,139.657,36.203,50.613,440.765,14.078,"[5.071, 5.067, 5.063, 5.06, 5.056, 5.053, 5.049, 5.044, 5.04, 5.035, 5.031, 5.026, 5.02, 5.015, 5.009, 5.003, 4.997, 4.99, 4.983, 4.976, 4.969, 4.962, 4.954, 4.947, 4.939, 4.931, 4.922, 4.914, 4.906, 4.897, 4.888, 4.88]","[0.992, 0.985, 0.978, 0.971, 0.965, 0.958, 0.951, 0.944, 0.937, 0.93, 0.922, 0.914, 0.905, 0.897, 0.888, 0.878, 0.869, 0.859, 0.848, 0.838, 0.828, 0.817, 0.807, 0.796, 0.785, 0.775, 0.764, 0.753, 0.742, 0.732, 0.721, 0.71]","[4.455, 8.834, 13.164, 17.431, 21.653, 25.827, 29.963, 34.072, 38.159, 42.226, 46.269, 50.292, 54.295, 58.279, 62.242, 66.188, 70.118, 74.03, 77.924, 81.807, 85.672, 89.528, 93.369, 97.188, 100.991, 104.778, 108.55, 112.295, 116.011, 119.699, 123.343, 126.947]","[1.0, 0.999, 0.998, 0.997, 0.997, 0.996, 0.995, 0.994, 0.993, 0.992, 0.991, 0.99, 0.99, 0.989, 0.988, 0.987, 0.986, 0.985, 0.984, 0.984, 0.983, 0.982, 0.981, 0.98, 0.979, 0.978, 0.977, 0.977, 0.976, 0.975, 0.974, 0.973]","[0.0, 0.0, 0.0, 0.0, 0.0, 0.0, 0.0, 0.0, 0.0, 0.0, 0.0, 0.0, 0.0, 0.0, 0.0, 0.0, 0.0, 0.0, 0.0, 0.0, 0.0, 0.0, 0.0, 0.0, 0.0, 0.0, 0.0, 0.001, 0.001, 0.001, 0.001, 0.002]"
6,1474560,1160.016,1000.000,0.000,1000,1000,4633.411,163.508,4235.544,4959.118,1187.798,1000.000,0.000,1000.000,1000.000,4802.488,135.643,4396.442,5180.737,33.186,0.000,457.249,0.000,0.000,0.198,0.988,0.000,1.371,0.000,0.000,1.977,1.976,147.715,36.251,45.270,467.111,13.335,"[5.071, 5.067, 5.064, 5.06, 5.057, 5.053, 5.05, 5.046, 5.042, 5.037, 5.033, 5.028, 5.023, 5.017, 5.011, 5.005, 4.999, 4.993, 4.986, 4.979, 4.972, 4.965, 4.957, 4.95, 4.942, 4.934, 4.926, 4.917, 4.909, 4.9, 4.892, 4.883]","[0.993, 0.985, 0.978, 0.972, 0.966, 0.96, 0.953, 0.947, 0.94, 0.933, 0.925, 0.917, 0.909, 0.9, 0.891, 0.882, 0.872, 0.863, 0.853, 0.842, 0.832, 0.822, 0.811, 0.8, 0.79, 0.779, 0.768, 0.757, 0.746, 0.736, 0.725, 0.714]","[4.696, 9.329, 13.917, 18.448, 22.925, 27.354, 31.752, 36.12, 40.464, 44.784, 49.086, 53.366, 57.627, 61.867, 66.091, 70.298, 74.486, 78.66, 82.823, 86.971, 91.104, 95.217, 99.317, 103.395, 107.457, 111.505, 115.525, 119.515, 123.485, 127.421, 131.322, 135.183]","[1.0, 0.999, 0.998, 0.997, 0.997, 0.996, 0.995, 0.994, 0.993, 0.992, 0.991, 0.99, 0.99, 0.989, 0.988, 0.987, 0.986, 0.985, 0.984, 0.984, 0.983, 0.982, 0.981, 0.98, 0.979, 0.978, 0.977, 0.977, 0.976, 0.975, 0.974, 0.973]","[0.0, 0.0, 0.0, 0.0, 0.0, 0.0, 0.0, 0.0, 0.0, 0.0, 0.0, 0.0, 0.0, 0.0, 0.0, 0.0, 0.0, 0.0, 0.0, 0.0, 0.0, 0.0, 0.0, 0.0, 0.0, 0.0, 0.001, 0.001, 0.001, 0.001, 0.001, 0.002]"
6,1622016,1158.887,1000.000,0.000,1000,1000,4804.403,151.996,4420.357,5218.300,1190.304,1000.000,0.000,1000.000,1000.000,4962.948,159.758,4571.528,5283.739,31.424,0.000,452.749,0.000,0.000,0.198,0.991,0.000,1.358,0.000,0.000,1.793,1.792,154.624,36.215,40.590,488.298,12.428,"[5.072, 5.068, 5.064, 5.061, 5.058, 5.054, 5.05, 5.047, 5.043, 5.038, 5.034, 5.029, 5.024, 5.018, 5.013, 5.007, 5.0, 4.994, 4.987, 4.98, 4.973, 4.966, 4.958, 4.951, 4.943, 4.935, 4.926, 4.918, 4.909, 4.901, 4.892, 4.883]","[0.993, 0.986, 0.979, 0.973, 0.967, 0.961, 0.955, 0.948, 0.942, 0.934, 0.927, 0.919, 0.911, 0.903, 0.894, 0.884, 0.875, 0.865, 0.855, 0.845, 0.835, 0.824, 0.814, 0.803, 0.792, 0.781, 0.77, 0.759, 0.748, 0.737, 0.726, 0.715]","[4.901, 9.74, 14.532, 19.282, 23.985, 28.637, 33.253, 37.843, 42.409, 46.951, 51.474, 55.979, 60.461, 64.923, 69.37, 73.794, 78.205, 82.601, 86.982, 91.352, 95.709, 100.049, 104.368, 108.674, 112.958, 117.227, 121.47, 125.69, 129.891, 134.049, 138.172, 142.243]","[1.0, 0.999, 0.998, 0.997, 0.997, 0.996, 0.995, 0.994, 0.993, 0.992, 0.991, 0.99, 0.99, 0.989, 0.988, 0.987, 0.986, 0.985, 0.984, 0.984, 0.983, 0.982, 0.981, 0.98, 0.979, 0.978, 0.977, 0.977, 0.976, 0.975, 0.974, 0.973]","[0.0, 0.0, 0.0, 0.0, 0.0, 0.0, 0.0, 0.0, 0.0, 0.0, 0.0, 0.0, 0.0, 0.0, 0.0, 0.0, 0.0, 0.0, 0.0, 0.0, 0.0, 0.0, 0.0, 0.0, 0.0, 0.0, 0.0, 0.0, 0.001, 0.001, 0.001, 0.002]"
6,1769472,1158.373,1000.000,0.000,1000,1000,4984.804,136.351,4689.509,5317.277,1188.958,1000.000,0.000,1000.000,1000.000,5139.402,142.042,4837.614,5462.057,30.370,0.000,448.249,0.000,0.000,0.199,0.994,0.000,1.344,0.000,0.000,1.606,1.605,160.790,36.199,37.617,508.743,11.901,"[5.071, 5.068, 5.064, 5.061, 5.058, 5.054, 5.051, 5.047, 5.043, 5.039, 5.034, 5.029, 5.024, 5.019, 5.013, 5.007, 5.001, 4.995, 4.988, 4.981, 4.974, 4.967, 4.959, 4.951, 4.943, 4.935, 4.927, 4.918, 4.91, 4.901, 4.892, 4.883]","[0.993, 0.985, 0.979, 0.973, 0.967, 0.961, 0.955, 0.949, 0.942, 0.935, 0.928, 0.921, 0.913, 0.904, 0.895, 0.886, 0.877, 0.867, 0.857, 0.847, 0.837, 0.826, 0.815, 0.805, 0.794, 0.783, 0.772, 0.761, 0.75, 0.739, 0.728, 0.717]","[5.101, 10.147, 15.147, 20.088, 24.975, 29.823, 34.634, 39.421, 44.179, 48.916, 53.631, 58.327, 63.002, 67.654, 72.29, 76.902, 81.502, 86.083, 90.653, 95.206, 99.74, 104.259, 108.758, 113.239, 117.701, 122.136, 126.553, 130.946, 135.313, 139.639, 143.912, 148.168]","[1.0, 0.999, 0.998, 0.997, 0.997, 0.996, 0.995, 0.994, 0.993, 0.992, 0.991, 0.99, 0.99, 0.989, 0.988, 0.987, 0.986, 0.985, 0.984, 0.984, 0.983, 0.982, 0.981, 0.98, 0.979, 0.978, 0.977, 0.977, 0.976, 0.975, 0.974, 0.973]","[0.0, 0.0, 0.0, 0.0, 0.0, 0.0, 0.0, 0.0, 0.0, 0.0, 0.0, 0.0, 0.0, 0.0, 0.0, 0.0, 0.0, 0.0, 0.0, 0.0, 0.0, 0.0, 0.0, 0.0, 0.001, 0.001, 0.001, 0.001, 0.001, 0.001, 0.001, 0.002]"
6,1916928,1158.753,1000.000,0.000,1000,1000,5103.510,145.846,4694.544,5472.629,1190.784,1000.000,0.000,1000.000,1000.000,5287.607,147.573,4825.726,5606.770,29.249,0.000,443.749,0.000,0.000,0.197,0.987,0.000,1.331,0.000,0.000,1.449,1.448,165.551,36.211,35.497,523.837,11.595,"[5.072, 5.068, 5.064, 5.061, 5.058, 5.055, 5.051, 5.047, 5.043, 5.039, 5.035, 5.03, 5.025, 5.019, 5.014, 5.008, 5.001, 4.995, 4.988, 4.981, 4.974, 4.967, 4.959, 4.952, 4.944, 4.936, 4.927, 4.919, 4.91, 4.902, 4.893, 4.884]","[0.993, 0.985, 0.979, 0.973, 0.968, 0.962, 0.956, 0.95, 0.943, 0.937, 0.929, 0.922, 0.914, 0.905, 0.897, 0.888, 0.878, 0.868, 0.858, 0.848, 0.838, 0.828, 0.817, 0.806, 0.795, 0.785, 0.774, 0.763, 0.752, 0.741, 0.73, 0.719]","[5.24, 10.424, 15.567, 20.665, 25.708, 30.71, 35.676, 40.609, 45.518, 50.411, 55.28, 60.125, 64.95, 69.754, 74.54, 79.302, 84.05, 88.785, 93.51, 98.217, 102.912, 107.595, 112.256, 116.89, 121.515, 126.108, 130.675, 135.197, 139.692, 144.176, 148.59, 152.948]","[1.0, 0.999, 0.998, 0.997, 0.997, 0.996, 0.995, 0.994, 0.993, 0.992, 0.991, 0.99, 0.99, 0.989, 0.988, 0.987, 0.986, 0.985, 0.984, 0.984, 0.983, 0.982, 0.981, 0.98, 0.979, 0.977, 0.976, 0.974, 0.972, 0.97, 0.969, 0.967]","[0.0, 0.0, 0.0, 0.0, 0.0, 0.0, 0.0, 0.0, 0.0, 0.0, 0.0, 0.0, 0.0, 0.0, 0.0, 0.0, 0.0, 0.0, 0.0, 0.001, 0.001, 0.001, 0.001, 0.001, 0.001, 0.001, 0.001, 0.001, 0.001, 0.001, 0.002, 0.002]"
6,2064384,1160.211,1000.000,0.000,1000,1000,5295.061,144.919,4910.607,5755.185,1188.848,1000.000,0.000,1000.000,1000.000,5433.340,129.093,5121.756,5745.296,28.369,0.000,439.249,0.000,0.000,0.197,0.987,0.000,1.317,0.000,0.000,1.275,1.274,168.942,36.257,34.965,538.466,12.100,"[5.071, 5.067, 5.064, 5.06, 5.057, 5.054, 5.05, 5.047, 5.043, 5.038, 5.034, 5.029, 5.024, 5.019, 5.014, 5.008, 5.002, 4.995, 4.989, 4.982, 4.975, 4.968, 4.96, 4.953, 4.945, 4.937, 4.929, 4.921, 4.912, 4.904, 4.895, 4.886]","[0.992, 0.984, 0.978, 0.972, 0.966, 0.961, 0.955, 0.949, 0.942, 0.936, 0.929, 0.921, 0.914, 0.905, 0.897, 0.888, 0.879, 0.869, 0.859, 0.849, 0.839, 0.829, 0.819, 0.808, 0.798, 0.787, 0.776, 0.766, 0.755, 0.744, 0.734, 0.723]","[5.35, 10.626, 15.85, 21.026, 26.159, 31.242, 36.287, 41.297, 46.282, 51.244, 56.188, 61.104, 65.994, 70.861, 75.712, 80.54, 85.353, 90.144, 94.92, 99.681, 104.415, 109.136, 113.831, 118.508, 123.166, 127.805, 132.421, 137.006, 141.575, 146.118, 150.634, 155.057]","[1.0, 0.998, 0.997, 0.995, 0.993, 0.991, 0.99, 0.988, 0.986, 0.984, 0.983, 0.981, 0.979, 0.977, 0.976, 0.974, 0.972, 0.97, 0.969, 0.967, 0.965, 0.964, 0.962, 0.96, 0.958, 0.957, 0.957, 0.956, 0.955, 0.954, 0.953, 0.952]","[0.0, 0.0, 0.0, 0.0, 0.0, 0.0, 0.0, 0.0, 0.0, 0.0, 0.0, 0.0, 0.0, 0.0, 0.0, 0.0, 0.0, 0.0, 0.0, 0.0, 0.0, 0.0, 0.0, 0.0, 0.0, 0.0, 0.001, 0.001, 0.001, 0.001, 0.001, 0.002]"
6,2211840,1159.162,1000.000,0.000,1000,1000,5465.479,131.073,5118.511,5995.057,1190.643,1000.000,0.000,1000.000,1000.000,5570.691,131.110,5265.506,5853.352,27.248,0.000,434.749,0.000,0.000,0.198,0.991,0.000,1.304,0.000,0.000,1.127,1.126,173.081,36.224,32.427,551.375,11.884,"[5.071, 5.067, 5.064, 5.06, 5.057, 5.054, 5.05, 5.046, 5.042, 5.038, 5.034, 5.029, 5.024, 5.018, 5.013, 5.007, 5.0, 4.994, 4.987, 4.98, 4.973, 4.965, 4.958, 4.95, 4.942, 4.933, 4.925, 4.916, 4.908, 4.899, 4.89, 4.881]","[0.992, 0.984, 0.978, 0.972, 0.966, 0.961, 0.955, 0.949, 0.942, 0.936, 0.929, 0.921, 0.913, 0.905, 0.896, 0.887, 0.878, 0.868, 0.858, 0.848, 0.838, 0.827, 0.816, 0.806, 0.795, 0.784, 0.773, 0.762, 0.751, 0.74, 0.729, 0.718]","[5.527, 11.002, 16.431, 21.809, 27.146, 32.445, 37.707, 42.939, 48.147, 53.335, 58.504, 63.651, 68.771, 73.868, 78.948, 84.008, 89.049, 94.073, 99.08, 104.076, 109.057, 114.02, 118.964, 123.896, 128.805, 133.693, 138.571, 143.413, 148.223, 153.021, 157.775, 162.454]","[1.0, 0.999, 0.998, 0.997, 0.997, 0.996, 0.995, 0.994, 0.993, 0.992, 0.991, 0.99, 0.99, 0.989, 0.988, 0.987, 0.986, 0.985, 0.984, 0.984, 0.983, 0.982, 0.981, 0.98, 0.979, 0.978, 0.977, 0.977, 0.976, 0.975, 0.974, 0.973]","[0.0, 0.0, 0.0, 0.0, 0.0, 0.0, 0.0, 0.0, 0.0, 0.0, 0.0, 0.0, 0.0, 0.0, 0.0, 0.0, 0.0, 0.0, 0.0, 0.0, 0.0, 0.0, 0.0, 0.001, 0.001, 0.001, 0.001, 0.001, 0.001, 0.001, 0.001, 0.002]"
6,2359296,1158.617,1000.000,0.000,1000,1000,5585.113,140.587,5264.566,5916.008,1189.406,1000.000,0.000,1000.000,1000.000,5691.595,127.840,5334.812,5999.198,26.409,0.000,430.249,0.000,0.000,0.198,0.989,0.000,1.290,0.000,0.000,0.973,0.972,177.153,36.207,30.327,565.402,11.679,"[5.072, 5.067, 5.064, 5.061, 5.058, 5.054, 5.051, 5.047, 5.044, 5.04, 5.035, 5.031, 5.026, 5.02, 5.015, 5.009, 5.003, 4.996, 4.989, 4.982, 4.975, 4.968, 4.96, 4.952, 4.944, 4.936, 4.928, 4.919, 4.91, 4.902, 4.893, 4.884]","[0.993, 0.985, 0.979, 0.973, 0.968, 0.962, 0.956, 0.951, 0.944, 0.938, 0.931, 0.924, 0.916, 0.907, 0.899, 0.89, 0.88, 0.871, 0.861, 0.851, 0.84, 0.83, 0.819, 0.808, 0.797, 0.786, 0.775, 0.764, 0.753, 0.742, 0.731, 0.72]","[5.646, 11.234, 16.777, 22.282, 27.747, 33.171, 38.566, 43.931, 49.275, 54.603, 59.906, 65.187, 70.443, 75.681, 80.902, 86.104, 91.29, 96.458, 101.614, 106.754, 111.88, 116.98, 122.065, 127.105, 132.131, 137.123, 142.108, 147.028, 151.931, 156.781, 161.605, 166.325]","[1.0, 0.999, 0.998, 0.997, 0.997, 0.996, 0.995, 0.994, 0.993, 0.992, 0.991, 0.99, 0.99, 0.989, 0.988, 0.987, 0.986, 0.985, 0.984, 0.984, 0.983, 0.982, 0.981, 0.98, 0.979, 0.978, 0.977, 0.977, 0.976, 0.975, 0.974, 0.973]","[0.0, 0.0, 0.0, 0.0, 0.0, 0.0, 0.0, 0.0, 0.0, 0.0, 0.0, 0.0, 0.0, 0.0, 0.0, 0.0, 0.0, 0.0, 0.0, 0.0, 0.0, 0.0, 0.001, 0.001, 0.001, 0.001, 0.001, 0.001, 0.001, 0.002, 0.002, 0.003]"
6,2506752,1158.056,1000.000,0.000,1000,1000,5635.580,306.350,2475.568,5924.999,1186.549,1000.000,0.000,1000.000,1000.000,5768.589,125.957,5466.609,6066.398,26.519,0.000,425.749,0.001,0.000,0.203,1.016,0.000,1.277,0.000,0.000,0.801,0.799,179.441,36.189,32.214,573.907,15.628,"[5.071, 5.067, 5.063, 5.059, 5.056, 5.053, 5.049, 5.046, 5.042, 5.038, 5.034, 5.029, 5.024, 5.019, 5.014, 5.008, 5.002, 4.996, 4.989, 4.982, 4.975, 4.968, 4.961, 4.953, 4.946, 4.938, 4.929, 4.921, 4.913, 4.904, 4.896, 4.887]","[0.993, 0.985, 0.978, 0.972, 0.967, 0.962, 0.956, 0.95, 0.944, 0.938, 0.931, 0.924, 0.917, 0.909, 0.901, 0.892, 0.883, 0.874, 0.864, 0.854, 0.844, 0.834, 0.824, 0.813, 0.803, 0.792, 0.781, 0.77, 0.76, 0.749, 0.738, 0.727]","[5.724, 11.413, 17.034, 22.604, 28.141, 33.651, 39.128, 44.563, 49.975, 55.371, 60.743, 66.094, 71.428, 76.733, 82.026, 87.299, 92.552, 97.791, 103.002, 108.199, 113.387, 118.554, 123.701, 128.831, 133.951, 139.051, 144.133, 149.2, 154.239, 159.224, 164.188, 169.086]","[1.0, 0.999, 0.998, 0.997, 0.997, 0.996, 0.995, 0.994, 0.993, 0.992, 0.991, 0.99, 0.99, 0.989, 0.988, 0.987, 0.986, 0.985, 0.984, 0.984, 0.983, 0.982, 0.981, 0.98, 0.979, 0.978, 0.977, 0.977, 0.976, 0.975, 0.974, 0.973]","[0.0, 0.001, 0.001, 0.002, 0.002, 0.002, 0.002, 0.003, 0.003, 0.003, 0.003, 0.003, 0.003, 0.003, 0.003, 0.003, 0.003, 0.003, 0.003, 0.003, 0.003, 0.003, 0.004, 0.003, 0.003, 0.004, 0.003, 0.004, 0.004, 0.004, 0.004, 0.004]"
6,2654208,1158.060,1000.000,0.000,1000,1000,5744.125,130.485,5349.411,6042.139,1189.147,1000.000,0.000,1000.000,1000.000,5874.506,117.608,5512.305,6165.334,25.518,0.000,421.249,0.000,0.000,0.196,0.980,0.000,1.264,0.000,0.000,0.674,0.673,184.969,36.189,28.473,586.019,10.704,"[5.072, 5.068, 5.064, 5.061, 5.058, 5.055, 5.051, 5.048, 5.044, 5.04, 5.036, 5.031, 5.026, 5.021, 5.016, 5.01, 5.004, 4.998, 4.991, 4.984, 4.977, 4.97, 4.962, 4.955, 4.947, 4.939, 4.93, 4.922, 4.913, 4.905, 4.896, 4.887]","[0.993, 0.986, 0.979, 0.974, 0.968, 0.963, 0.958, 0.952, 0.946, 0.94, 0.933, 0.926, 0.918, 0.91, 0.902, 0.893, 0.884, 0.875, 0.865, 0.855, 0.845, 0.834, 0.824, 0.813, 0.802, 0.792, 0.781, 0.77, 0.759, 0.748, 0.737, 0.726]","[5.849, 11.656, 17.425, 23.149, 28.833, 34.479, 40.095, 45.676, 51.238, 56.78, 62.304, 67.803, 73.278, 78.735, 84.171, 89.589, 94.987, 100.372, 105.744, 111.1, 116.439, 121.764, 127.073, 132.365, 137.639, 142.899, 148.124, 153.33, 158.502, 163.662, 168.767, 173.792]","[1.0, 0.999, 0.998, 0.997, 0.997, 0.996, 0.995, 0.994, 0.993, 0.992, 0.991, 0.99, 0.99, 0.989, 0.988, 0.987, 0.986, 0.985, 0.984, 0.984, 0.983, 0.982, 0.981, 0.98, 0.979, 0.978, 0.977, 0.977, 0.976, 0.975, 0.974, 0.973]","[0.0, 0.0, 0.0, 0.0, 0.0, 0.0, 0.0, 0.0, 0.0, 0.0, 0.0, 0.0, 0.0, 0.0, 0.0, 0.0, 0.0, 0.0, 0.0, 0.0, 0.0, 0.0, 0.0, 0.0, 0.0, 0.0, 0.0, 0.001, 0.001, 0.001, 0.001, 0.002]"
6,2801664,1156.415,1000.000,0.000,1000,1000,5826.531,121.602,5534.506,6115.287,1186.525,1000.000,0.000,1000.000,1000.000,5960.641,123.961,5610.696,6289.958,24.280,0.000,416.749,0.000,0.000,0.198,0.990,0.000,1.250,0.000,0.000,0.516,0.515,188.161,36.138,26.701,597.023,10.467,"[5.072, 5.068, 5.064, 5.061, 5.058, 5.055, 5.052, 5.048, 5.045, 5.041, 5.037, 5.032, 5.027, 5.022, 5.017, 5.011, 5.004, 4.998, 4.991, 4.984, 4.977, 4.969, 4.961, 4.953, 4.945, 4.937, 4.928, 4.919, 4.91, 4.901, 4.892, 4.883]","[0.993, 0.985, 0.979, 0.974, 0.968, 0.963, 0.958, 0.952, 0.946, 0.94, 0.934, 0.927, 0.919, 0.911, 0.902, 0.893, 0.884, 0.874, 0.864, 0.853, 0.843, 0.832, 0.821, 0.81, 0.799, 0.788, 0.776, 0.765, 0.753, 0.742, 0.73, 0.719]","[5.957, 11.877, 17.767, 23.617, 29.432, 35.204, 40.942, 46.656, 52.353, 58.03, 63.68, 69.304, 74.905, 80.479, 86.035, 91.568, 97.085, 102.586, 108.072, 113.542, 118.999, 124.429, 129.85, 135.253, 140.632, 145.99, 151.317, 156.628, 161.9, 167.114, 172.286, 177.382]","[1.0, 0.999, 0.998, 0.997, 0.997, 0.996, 0.995, 0.994, 0.993, 0.992, 0.991, 0.99, 0.99, 0.989, 0.988, 0.987, 0.986, 0.985, 0.984, 0.984, 0.983, 0.982, 0.981, 0.98, 0.979, 0.978, 0.977, 0.977, 0.976, 0.975, 0.974, 0.973]","[0.0, 0.0, 0.0, 0.0, 0.0, 0.0, 0.0, 0.0, 0.0, 0.0, 0.0, 0.0, 0.0, 0.0, 0.0, 0.0, 0.0, 0.0, 0.0, 0.0, 0.0, 0.0, 0.0, 0.0, 0.0, 0.001, 0.001, 0.001, 0.001, 0.001, 0.002, 0.002]"
6,2949120,1158.797,1000.000,0.000,1000,1000,5986.105,139.142,4985.628,6345.083,1188.949,1000.000,0.000,1000.000,1000.000,6042.635,119.872,5683.635,6270.648,23.924,0.000,412.249,0.001,0.000,0.201,1.004,0.000,1.236,0.000,0.000,0.379,0.378,190.315,36.212,26.917,608.442,11.382,"[5.071, 5.066, 5.062, 5.059, 5.055, 5.052, 5.049, 5.045, 5.041, 5.037, 5.033, 5.029, 5.024, 5.019, 5.013, 5.007, 5.001, 4.994, 4.987, 4.98, 4.973, 4.965, 4.958, 4.949, 4.941, 4.933, 4.925, 4.916, 4.907, 4.898, 4.889, 4.88]","[0.992, 0.983, 0.976, 0.97, 0.965, 0.959, 0.954, 0.948, 0.942, 0.936, 0.929, 0.922, 0.915, 0.907, 0.898, 0.889, 0.88, 0.87, 0.86, 0.85, 0.839, 0.828, 0.818, 0.807, 0.796, 0.785, 0.773, 0.762, 0.751, 0.74, 0.729, 0.718]","[6.049, 12.033, 17.955, 23.83, 29.666, 35.457, 41.214, 46.935, 52.633, 58.306, 63.948, 69.563, 75.142, 80.694, 86.218, 91.722, 97.219, 102.684, 108.139, 113.565, 118.972, 124.368, 129.74, 135.078, 140.39, 145.692, 150.951, 156.188, 161.37, 166.464, 171.556, 176.537]","[1.0, 0.998, 0.997, 0.995, 0.993, 0.991, 0.99, 0.988, 0.986, 0.984, 0.983, 0.981, 0.979, 0.977, 0.976, 0.974, 0.972, 0.97, 0.969, 0.967, 0.965, 0.964, 0.962, 0.96, 0.958, 0.957, 0.955, 0.953, 0.951, 0.95, 0.948, 0.946]","[0.0, 0.0, 0.001, 0.001, 0.001, 0.001, 0.001, 0.001, 0.001, 0.001, 0.001, 0.001, 0.001, 0.001, 0.001, 0.001, 0.001, 0.001, 0.001, 0.001, 0.001, 0.001, 0.001, 0.001, 0.001, 0.001, 0.002, 0.002, 0.002, 0.002, 0.003, 0.003]"
7,147456,923.035,1000.000,0.000,1000,1000,502.032,98.666,208.975,746.973,1016.574,1000.000,0.000,1000.000,1000.000,571.069,89.671,312.505,800.402,12.129,7.698,497.749,0.000,0.000,0.424,2.119,2.309,1.493,0.001,0.000,3.885,3.885,11.363,28.845,14.959,31.003,6.009,"[5.066, 5.059, 5.052, 5.045, 5.039, 5.032, 5.024, 5.015, 5.005, 4.995, 4.983, 4.971, 4.958, 4.945, 4.931, 4.916, 4.901, 4.885, 4.869, 4.852, 4.836, 4.819, 4.803, 4.788, 4.773, 4.759, 4.746, 4.735, 4.725, 4.718, 4.713, 4.71]","[0.983, 0.968, 0.954, 0.942, 0.93, 0.916, 0.901, 0.885, 0.868, 0.85, 0.831, 0.811, 0.79, 0.769, 0.748, 0.726, 0.705, 0.684, 0.662, 0.642, 0.622, 0.603, 0.586, 0.57, 0.555, 0.543, 0.532, 0.524, 0.518, 0.515, 0.514, 0.516]","[0.482, 0.85, 1.175, 1.477, 1.756, 2.009, 2.231, 2.432, 2.616, 2.787, 2.943, 3.083, 3.214, 3.334, 3.447, 3.55, 3.645, 3.732, 3.81, 3.88, 3.942, 3.989, 4.026, 4.053, 4.064, 4.062, 4.041, 3.999, 3.937, 3.863, 3.769, 3.661]","[1.0, 0.999, 0.998, 0.997, 0.997, 0.996, 0.995, 0.994, 0.993, 0.992, 0.991, 0.99, 0.99, 0.989, 0.988, 0.987, 0.986, 0.985, 0.984, 0.984, 0.983, 0.982, 0.981, 0.98, 0.979, 0.978, 0.977, 0.977, 0.976, 0.975, 0.974, 0.973]","[0.0, 0.0, 0.0, 0.0, 0.0, 0.0, 0.0, 0.0, 0.0, 0.0, 0.0, 0.0, 0.0, 0.0, 0.0, 0.0, 0.0, 0.0, 0.001, 0.002, 0.003, 0.004, 0.005, 0.007, 0.009, 0.011, 0.014, 0.017, 0.02, 0.023, 0.027, 0.029]"
7,294912,1193.019,1000.000,0.000,1000,1000,689.782,110.090,458.823,1012.390,1248.994,1000.000,0.000,1000.000,1000.000,1110.240,159.948,698.728,1497.204,16.166,3.213,493.249,0.000,0.000,0.332,1.658,0.963,1.480,0.001,0.000,3.848,3.849,17.428,37.282,21.185,60.753,7.459,"[5.066, 5.058, 5.051, 5.044, 5.038, 5.031, 5.023, 5.015, 5.006, 4.997, 4.987, 4.977, 4.967, 4.956, 4.944, 4.932, 4.92, 4.908, 4.895, 4.882, 4.869, 4.855, 4.842, 4.829, 4.816, 4.804, 4.792, 4.781, 4.77, 4.761, 4.753, 4.745]","[0.983, 0.967, 0.952, 0.939, 0.926, 0.913, 0.899, 0.883, 0.868, 0.851, 0.835, 0.817, 0.8, 0.782, 0.764, 0.746, 0.728, 0.71, 0.692, 0.674, 0.657, 0.64, 0.624, 0.608, 0.594, 0.581, 0.569, 0.558, 0.549, 0.542, 0.536, 0.531]","[0.71, 1.281, 1.805, 2.305, 2.786, 3.241, 3.667, 4.072, 4.463, 4.841, 5.207, 5.561, 5.907, 6.243, 6.57, 6.888, 7.196, 7.496, 7.784, 8.061, 8.326, 8.575, 8.805, 9.016, 9.21, 9.384, 9.528, 9.645, 9.739, 9.801, 9.824, 9.827]","[1.0, 0.999, 0.998, 0.997, 0.997, 0.996, 0.995, 0.994, 0.993, 0.992, 0.991, 0.99, 0.99, 0.989, 0.988, 0.987, 0.986, 0.985, 0.984, 0.984, 0.983, 0.982, 0.981, 0.98, 0.979, 0.978, 0.977, 0.977, 0.976, 0.975, 0.974, 0.973]","[0.0, 0.0, 0.0, 0.0, 0.0, 0.0, 0.0, 0.0, 0.0, 0.0, 0.0, 0.0, 0.0, 0.0, 0.0, 0.0, 0.0, 0.001, 0.001, 0.001, 0.002, 0.003, 0.004, 0.005, 0.006, 0.008, 0.009, 0.011, 0.013, 0.015, 0.017, 0.018]"
7,442368,1194.120,1000.000,0.000,1000,1000,1374.186,182.711,950.739,1818.866,1248.203,1000.000,0.000,1000.000,1000.000,2526.853,190.697,1982.736,2948.846,21.196,0.490,488.749,0.000,0.000,0.489,2.444,0.147,1.466,0.000,0.000,3.643,3.644,39.894,37.316,56.033,123.801,14.075,"[5.059, 5.043, 5.029, 5.016, 5.003, 4.991, 4.977, 4.963, 4.948, 4.933, 4.918, 4.902, 4.886, 4.87, 4.853, 4.836, 4.819, 4.802, 4.786, 4.77, 4.754, 4.74, 4.728, 4.718, 4.711, 4.706, 4.703, 4.703, 4.706, 4.71, 4.717, 4.725]","[0.968, 0.939, 0.912, 0.889, 0.868, 0.846, 0.825, 0.802, 0.78, 0.758, 0.736, 0.714, 0.692, 0.671, 0.65, 0.63, 0.61, 0.591, 0.573, 0.557, 0.543, 0.53, 0.52, 0.513, 0.509, 0.508, 0.509, 0.512, 0.519, 0.527, 0.536, 0.546]","[1.667, 3.071, 4.394, 5.669, 6.916, 8.108, 9.239, 10.336, 11.412, 12.471, 13.514, 14.539, 15.548, 16.544, 17.524, 18.487, 19.425, 20.333, 21.202, 21.996, 22.711, 23.316, 23.794, 24.104, 24.219, 24.159, 23.912, 23.518, 22.9, 22.152, 21.254, 20.285]","[1.0, 0.999, 0.998, 0.997, 0.997, 0.996, 0.995, 0.994, 0.993, 0.992, 0.991, 0.99, 0.99, 0.989, 0.988, 0.987, 0.986, 0.985, 0.984, 0.984, 0.983, 0.982, 0.981, 0.98, 0.979, 0.978, 0.977, 0.977, 0.976, 0.975, 0.974, 0.973]","[0.0, 0.0, 0.0, 0.0, 0.0, 0.0, 0.0, 0.0, 0.0, 0.0, 0.0, 0.0, 0.0, 0.001, 0.001, 0.002, 0.003, 0.004, 0.007, 0.009, 0.012, 0.016, 0.021, 0.026, 0.031, 0.035, 0.038, 0.044, 0.046, 0.049, 0.05, 0.051]"
7,589824,1192.560,1000.000,0.000,1000,1000,2474.199,242.636,649.032,2892.653,1249.276,1000.000,0.000,1000.000,1000.000,3143.240,175.734,2763.622,3680.297,26.012,0.051,484.249,0.000,0.000,0.480,2.401,0.015,1.452,0.000,0.000,3.254,3.254,76.959,37.268,66.603,238.744,16.630,"[5.063, 5.052, 5.042, 5.032, 5.023, 5.013, 5.003, 4.992, 4.981, 4.969, 4.957, 4.944, 4.931, 4.918, 4.904, 4.89, 4.875, 4.86, 4.845, 4.83, 4.814, 4.798, 4.782, 4.766, 4.75, 4.735, 4.719, 4.705, 4.691, 4.679, 4.668, 4.659]","[0.977, 0.956, 0.937, 0.921, 0.905, 0.889, 0.873, 0.856, 0.839, 0.822, 0.805, 0.788, 0.77, 0.752, 0.734, 0.717, 0.698, 0.681, 0.663, 0.646, 0.628, 0.611, 0.595, 0.579, 0.564, 0.549, 0.536, 0.523, 0.513, 0.503, 0.496, 0.491]","[2.95, 5.507, 7.975, 10.375, 12.705, 14.962, 17.158, 19.312, 21.425, 23.51, 25.564, 27.6, 29.608, 31.594, 33.559, 35.507, 37.44, 39.359, 41.263, 43.151, 45.028, 46.885, 48.714, 50.508, 52.256, 53.937, 55.537, 57.024, 58.353, 59.547, 60.554, 61.337]","[1.0, 0.999, 0.998, 0.997, 0.997, 0.996, 0.995, 0.994, 0.993, 0.992, 0.991, 0.99, 0.99, 0.989, 0.988, 0.987, 0.986, 0.985, 0.984, 0.984, 0.983, 0.982, 0.981, 0.98, 0.979, 0.978, 0.977, 0.977, 0.976, 0.975, 0.974, 0.973]","[0.0, 0.0, 0.0, 0.0, 0.0, 0.0, 0.0, 0.0, 0.0, 0.0, 0.0, 0.0, 0.0, 0.0, 0.0, 0.0, 0.0, 0.0, 0.0, 0.001, 0.001, 0.001, 0.002, 0.003, 0.004, 0.005, 0.007, 0.009, 0.011, 0.014, 0.017, 0.021]"
7,737280,1192.662,1000.000,0.000,1000,1000,3084.855,175.160,2713.642,3548.004,1248.575,1000.000,0.000,1000.000,1000.000,3522.858,185.822,2884.595,3975.402,29.735,0.007,479.749,0.000,0.000,0.313,1.565,0.002,1.439,0.000,0.000,2.970,2.969,99.758,37.271,58.286,313.412,13.643,"[5.068, 5.062, 5.056, 5.05, 5.044, 5.038, 5.032, 5.025, 5.018, 5.01, 5.003, 4.994, 4.986, 4.977, 4.968, 4.958, 4.949, 4.939, 4.928, 4.918, 4.907, 4.896, 4.885, 4.873, 4.861, 4.849, 4.837, 4.824, 4.811, 4.798, 4.785, 4.771]","[0.986, 0.974, 0.963, 0.952, 0.942, 0.932, 0.921, 0.91, 0.899, 0.887, 0.875, 0.863, 0.85, 0.837, 0.823, 0.81, 0.796, 0.782, 0.768, 0.754, 0.739, 0.725, 0.711, 0.697, 0.683, 0.668, 0.654, 0.64, 0.626, 0.613, 0.599, 0.586]","[3.591, 6.755, 9.86, 12.908, 15.886, 18.804, 21.675, 24.507, 27.307, 30.084, 32.837, 35.573, 38.283, 40.966, 43.634, 46.288, 48.921, 51.543, 54.154, 56.751, 59.34, 61.919, 64.482, 67.028, 69.565, 72.093, 74.604, 77.101, 79.581, 82.043, 84.485, 86.906]","[1.0, 0.999, 0.998, 0.997, 0.997, 0.996, 0.995, 0.994, 0.993, 0.992, 0.991, 0.99, 0.99, 0.989, 0.988, 0.987, 0.986, 0.985, 0.984, 0.984, 0.983, 0.982, 0.981, 0.98, 0.979, 0.978, 0.977, 0.977, 0.976, 0.975, 0.974, 0.973]","[0.0, 0.0, 0.0, 0.0, 0.0, 0.0, 0.0, 0.0, 0.0, 0.0, 0.0, 0.0, 0.0, 0.0, 0.0, 0.0, 0.0, 0.0, 0.0, 0.0, 0.0, 0.0, 0.0, 0.0, 0.0, 0.0, 0.0, 0.0, 0.0, 0.0, 0.0, 0.001]"
7,884736,1191.719,1000.000,0.000,1000,1000,3448.993,148.978,3134.031,3838.667,1249.554,1000.000,0.000,1000.000,1000.000,3854.943,209.141,2547.909,4305.058,33.082,0.001,475.249,0.000,0.000,0.234,1.168,0.000,1.425,0.000,0.000,2.753,2.753,114.059,37.241,51.475,357.117,13.163,"[5.071, 5.066, 5.062, 5.058, 5.053, 5.049, 5.044, 5.04, 5.034, 5.029, 5.023, 5.017, 5.011, 5.004, 4.998, 4.99, 4.983, 4.976, 4.968, 4.96, 4.952, 4.943, 4.935, 4.926, 4.917, 4.907, 4.898, 4.888, 4.878, 4.868, 4.857, 4.847]","[0.991, 0.982, 0.974, 0.967, 0.959, 0.952, 0.944, 0.935, 0.927, 0.918, 0.909, 0.899, 0.889, 0.879, 0.868, 0.857, 0.846, 0.835, 0.823, 0.812, 0.8, 0.788, 0.776, 0.764, 0.752, 0.74, 0.728, 0.716, 0.703, 0.691, 0.679, 0.667]","[4.055, 7.647, 11.172, 14.637, 18.042, 21.395, 24.706, 27.986, 31.242, 34.478, 37.691, 40.887, 44.062, 47.221, 50.364, 53.489, 56.598, 59.695, 62.777, 65.848, 68.907, 71.952, 74.986, 78.001, 81.007, 83.998, 86.979, 89.946, 92.901, 95.84, 98.771, 101.687]","[1.0, 0.999, 0.998, 0.997, 0.997, 0.996, 0.995, 0.994, 0.993, 0.992, 0.991, 0.99, 0.99, 0.989, 0.988, 0.987, 0.986, 0.985, 0.984, 0.984, 0.983, 0.982, 0.981, 0.98, 0.979, 0.978, 0.977, 0.977, 0.976, 0.975, 0.974, 0.973]","[0.0, 0.0, 0.0, 0.0, 0.0, 0.0, 0.0, 0.0, 0.0, 0.0, 0.0, 0.0, 0.0, 0.0, 0.0, 0.0, 0.0, 0.0, 0.0, 0.0, 0.0, 0.0, 0.0, 0.0, 0.0, 0.0, 0.0, 0.0, 0.0, 0.0, 0.0, 0.0]"
7,1032192,1192.264,1000.000,0.000,1000,1000,3897.683,215.667,3130.651,4362.000,1248.438,1000.000,0.000,1000.000,1000.000,4138.896,167.759,3790.718,4595.267,34.662,0.000,470.749,0.000,0.000,0.200,1.001,0.000,1.412,0.000,0.000,2.548,2.548,125.179,37.258,50.900,392.721,13.443,"[5.071, 5.067, 5.063, 5.06, 5.056, 5.052, 5.048, 5.044, 5.04, 5.035, 5.03, 5.025, 5.02, 5.015, 5.009, 5.003, 4.997, 4.99, 4.983, 4.977, 4.97, 4.962, 4.955, 4.947, 4.939, 4.932, 4.923, 4.915, 4.907, 4.898, 4.889, 4.88]","[0.992, 0.984, 0.977, 0.971, 0.964, 0.958, 0.951, 0.944, 0.937, 0.929, 0.921, 0.913, 0.905, 0.896, 0.887, 0.878, 0.868, 0.858, 0.848, 0.838, 0.828, 0.818, 0.807, 0.797, 0.786, 0.775, 0.764, 0.754, 0.743, 0.732, 0.721, 0.71]","[4.376, 8.258, 12.078, 15.844, 19.554, 23.215, 26.835, 30.426, 33.987, 37.519, 41.029, 44.516, 47.982, 51.43, 54.858, 58.269, 61.662, 65.04, 68.403, 71.753, 75.084, 78.403, 81.708, 84.995, 88.271, 91.53, 94.774, 98.006, 101.223, 104.426, 107.617, 110.794]","[1.0, 0.998, 0.997, 0.995, 0.993, 0.991, 0.99, 0.988, 0.986, 0.984, 0.983, 0.981, 0.979, 0.977, 0.976, 0.974, 0.972, 0.97, 0.969, 0.967, 0.965, 0.964, 0.962, 0.96, 0.958, 0.957, 0.955, 0.953, 0.951, 0.95, 0.948, 0.946]","[0.0, 0.0, 0.0, 0.0, 0.0, 0.0, 0.0, 0.0, 0.0, 0.0, 0.0, 0.0, 0.0, 0.0, 0.0, 0.0, 0.0, 0.0, 0.0, 0.0, 0.0, 0.0, 0.0, 0.0, 0.0, 0.0, 0.0, 0.0, 0.0, 0.0, 0.0, 0.0]"
7,1179648,1193.807,1000.000,0.000,1000,1000,4254.800,149.495,3788.164,4606.761,1249.194,1000.000,0.000,1000.000,1000.000,4410.750,151.610,3949.888,4781.518,33.326,0.000,466.249,0.000,0.000,0.196,0.980,0.000,1.398,0.000,0.000,2.375,2.374,134.024,37.306,45.659,422.375,12.867,"[5.071, 5.067, 5.064, 5.061, 5.057, 5.054, 5.05, 5.046, 5.042, 5.037, 5.033, 5.028, 5.023, 5.017, 5.012, 5.006, 4.999, 4.993, 4.986, 4.979, 4.972, 4.965, 4.958, 4.95, 4.942, 4.934, 4.926, 4.917, 4.909, 4.9, 4.891, 4.882]","[0.992, 0.985, 0.978, 0.972, 0.966, 0.96, 0.954, 0.947, 0.94, 0.933, 0.925, 0.918, 0.909, 0.901, 0.892, 0.883, 0.873, 0.863, 0.854, 0.843, 0.833, 0.823, 0.812, 0.802, 0.791, 0.78, 0.769, 0.758, 0.747, 0.736, 0.725, 0.714]","[4.716, 8.929, 13.065, 17.16, 21.208, 25.21, 29.175, 33.111, 37.023, 40.916, 44.791, 48.644, 52.476, 56.291, 60.085, 63.861, 67.618, 71.364, 75.09, 78.805, 82.51, 86.196, 89.875, 93.537, 97.187, 100.832, 104.454, 108.068, 111.666, 115.258, 118.837, 122.405]","[1.0, 0.999, 0.998, 0.997, 0.997, 0.996, 0.995, 0.994, 0.993, 0.992, 0.991, 0.99, 0.99, 0.989, 0.988, 0.987, 0.986, 0.985, 0.984, 0.984, 0.983, 0.982, 0.981, 0.98, 0.979, 0.978, 0.977, 0.977, 0.976, 0.975, 0.974, 0.973]","[0.0, 0.0, 0.0, 0.0, 0.0, 0.0, 0.0, 0.0, 0.0, 0.0, 0.0, 0.0, 0.0, 0.0, 0.0, 0.0, 0.0, 0.0, 0.0, 0.0, 0.0, 0.0, 0.0, 0.0, 0.0, 0.0, 0.0, 0.0, 0.0, 0.0, 0.0, 0.0]"
7,1327104,1194.082,1000.000,0.000,1000,1000,4479.484,148.983,4147.690,4904.796,1248.165,1000.000,0.000,1000.000,1000.000,4697.090,150.652,4347.908,5054.932,32.035,0.000,461.749,0.000,0.000,0.198,0.988,0.000,1.385,0.000,0.000,2.192,2.191,142.322,37.315,44.482,447.126,12.874,"[5.071, 5.067, 5.064, 5.06, 5.057, 5.053, 5.049, 5.045, 5.041, 5.036, 5.032, 5.027, 5.022, 5.016, 5.01, 5.004, 4.998, 4.991, 4.985, 4.978, 4.97, 4.963, 4.955, 4.947, 4.939, 4.931, 4.923, 4.914, 4.905, 4.896, 4.887, 4.878]","[0.992, 0.985, 0.978, 0.971, 0.965, 0.959, 0.952, 0.945, 0.938, 0.931, 0.923, 0.915, 0.907, 0.898, 0.889, 0.88, 0.87, 0.86, 0.85, 0.84, 0.829, 0.819, 0.808, 0.797, 0.786, 0.775, 0.764, 0.753, 0.742, 0.731, 0.719, 0.708]","[4.987, 9.446, 13.853, 18.211, 22.524, 26.791, 31.025, 35.226, 39.408, 43.574, 47.716, 51.838, 55.942, 60.023, 64.09, 68.138, 72.17, 76.192, 80.193, 84.186, 88.164, 92.13, 96.081, 100.023, 103.953, 107.867, 111.773, 115.668, 119.551, 123.421, 127.279, 131.123]","[1.0, 0.999, 0.998, 0.997, 0.997, 0.996, 0.995, 0.994, 0.993, 0.992, 0.991, 0.99, 0.99, 0.989, 0.988, 0.987, 0.986, 0.985, 0.984, 0.984, 0.983, 0.982, 0.981, 0.98, 0.979, 0.978, 0.977, 0.977, 0.976, 0.975, 0.974, 0.973]","[0.0, 0.0, 0.0, 0.0, 0.0, 0.0, 0.0, 0.0, 0.0, 0.0, 0.0, 0.0, 0.0, 0.0, 0.0, 0.0, 0.0, 0.0, 0.0, 0.0, 0.0, 0.0, 0.0, 0.0, 0.0, 0.0, 0.0, 0.0, 0.0, 0.0, 0.0, 0.0]"
7,1474560,1194.613,1000.000,0.000,1000,1000,4690.926,144.580,4246.055,5004.955,1249.255,1000.000,0.000,1000.000,1000.000,4884.621,138.323,4446.367,5247.305,30.755,0.000,457.249,0.000,0.000,0.198,0.990,0.000,1.371,0.000,0.000,2.007,2.006,150.157,37.332,41.050,472.840,12.326,"[5.071, 5.067, 5.063, 5.06, 5.057, 5.053, 5.049, 5.046, 5.041, 5.037, 5.033, 5.028, 5.023, 5.017, 5.012, 5.006, 4.999, 4.993, 4.986, 4.979, 4.972, 4.965, 4.957, 4.949, 4.941, 4.933, 4.925, 4.916, 4.907, 4.898, 4.889, 4.88]","[0.992, 0.985, 0.978, 0.972, 0.966, 0.96, 0.953, 0.947, 0.94, 0.933, 0.926, 0.918, 0.91, 0.902, 0.893, 0.883, 0.874, 0.864, 0.854, 0.844, 0.834, 0.823, 0.813, 0.802, 0.791, 0.78, 0.769, 0.758, 0.746, 0.735, 0.724, 0.713]","[5.254, 9.952, 14.609, 19.223, 23.789, 28.313, 32.797, 37.252, 41.687, 46.102, 50.49, 54.86, 59.208, 63.536, 67.845, 72.138, 76.42, 80.689, 84.932, 89.18, 93.405, 97.622, 101.831, 106.013, 110.177, 114.329, 118.469, 122.587, 126.69, 130.791, 134.876, 138.948]","[1.0, 0.999, 0.998, 0.997, 0.997, 0.996, 0.995, 0.994, 0.993, 0.992, 0.991, 0.99, 0.99, 0.989, 0.988, 0.987, 0.986, 0.985, 0.984, 0.984, 0.983, 0.982, 0.981, 0.98, 0.979, 0.978, 0.977, 0.977, 0.976, 0.975, 0.974, 0.973]","[0.0, 0.0, 0.0, 0.0, 0.0, 0.0, 0.0, 0.0, 0.0, 0.0, 0.0, 0.0, 0.0, 0.0, 0.0, 0.0, 0.0, 0.0, 0.001, 0.001, 0.0, 0.001, 0.001, 0.001, 0.001, 0.001, 0.001, 0.001, 0.001, 0.001, 0.001, 0.001]"
7,1622016,1193.121,1000.000,0.000,1000,1000,4840.420,171.698,3902.791,5182.321,1248.298,1000.000,0.000,1000.000,1000.000,5023.269,144.280,4630.938,5346.675,30.015,0.000,452.749,0.000,0.000,0.198,0.990,0.000,1.358,0.000,0.000,1.824,1.823,156.386,37.285,39.576,492.752,12.306,"[5.071, 5.067, 5.064, 5.061, 5.057, 5.054, 5.05, 5.046, 5.042, 5.038, 5.033, 5.028, 5.023, 5.018, 5.012, 5.007, 5.0, 4.994, 4.987, 4.981, 4.974, 4.966, 4.959, 4.951, 4.944, 4.935, 4.927, 4.919, 4.91, 4.901, 4.892, 4.883]","[0.993, 0.985, 0.979, 0.973, 0.967, 0.961, 0.954, 0.948, 0.942, 0.935, 0.927, 0.92, 0.912, 0.904, 0.895, 0.886, 0.877, 0.867, 0.857, 0.847, 0.837, 0.827, 0.817, 0.806, 0.795, 0.785, 0.774, 0.763, 0.752, 0.741, 0.73, 0.719]","[5.455, 10.343, 15.183, 19.973, 24.711, 29.41, 34.081, 38.722, 43.336, 47.928, 52.506, 57.066, 61.603, 66.121, 70.623, 75.108, 79.582, 84.039, 88.485, 92.918, 97.335, 101.739, 106.129, 110.509, 114.875, 119.23, 123.572, 127.9, 132.215, 136.52, 140.814, 145.096]","[1.0, 0.999, 0.998, 0.997, 0.997, 0.996, 0.995, 0.994, 0.993, 0.992, 0.991, 0.99, 0.99, 0.989, 0.988, 0.987, 0.986, 0.985, 0.984, 0.984, 0.983, 0.982, 0.981, 0.98, 0.979, 0.978, 0.977, 0.977, 0.976, 0.975, 0.974, 0.973]","[0.0, 0.0, 0.0, 0.0, 0.0, 0.0, 0.0, 0.0, 0.0, 0.0, 0.0, 0.0, 0.0, 0.0, 0.0, 0.0, 0.0, 0.0, 0.0, 0.0, 0.0, 0.0, 0.0, 0.0, 0.0, 0.0, 0.0, 0.0, 0.0, 0.0, 0.0, 0.0]"
7,1769472,1191.746,1000.000,0.000,1000,1000,5004.328,143.226,4681.260,5416.694,1249.707,1000.000,0.000,1000.000,1000.000,5222.657,135.454,4854.253,5528.281,28.554,0.000,448.249,0.000,0.000,0.198,0.990,0.000,1.344,0.000,0.000,1.654,1.653,163.019,37.242,35.412,512.133,11.326,"[5.071, 5.067, 5.064, 5.061, 5.057, 5.054, 5.05, 5.047, 5.043, 5.038, 5.034, 5.029, 5.024, 5.018, 5.013, 5.007, 5.001, 4.994, 4.987, 4.98, 4.973, 4.966, 4.958, 4.95, 4.942, 4.934, 4.925, 4.916, 4.908, 4.898, 4.889, 4.88]","[0.993, 0.985, 0.979, 0.973, 0.967, 0.961, 0.955, 0.949, 0.943, 0.936, 0.929, 0.921, 0.913, 0.905, 0.896, 0.887, 0.878, 0.868, 0.858, 0.848, 0.838, 0.827, 0.816, 0.806, 0.795, 0.784, 0.772, 0.761, 0.75, 0.739, 0.727, 0.716]","[5.679, 10.796, 15.855, 20.868, 25.831, 30.755, 35.647, 40.515, 45.352, 50.16, 54.951, 59.721, 64.467, 69.196, 73.906, 78.599, 83.272, 87.933, 92.581, 97.213, 101.832, 106.438, 111.032, 115.608, 120.174, 124.732, 129.273, 133.8, 138.311, 142.814, 147.301, 151.779]","[1.0, 0.999, 0.998, 0.997, 0.997, 0.996, 0.995, 0.994, 0.993, 0.992, 0.991, 0.99, 0.99, 0.989, 0.988, 0.987, 0.986, 0.985, 0.984, 0.984, 0.983, 0.982, 0.981, 0.98, 0.979, 0.978, 0.977, 0.977, 0.976, 0.975, 0.974, 0.973]","[0.0, 0.0, 0.0, 0.0, 0.0, 0.0, 0.0, 0.0, 0.0, 0.0, 0.0, 0.0, 0.0, 0.0, 0.0, 0.0, 0.0, 0.0, 0.0, 0.0, 0.0, 0.0, 0.0, 0.0, 0.0, 0.0, 0.0, 0.0, 0.0, 0.0, 0.0, 0.0]"
7,1916928,1193.871,1000.000,0.000,1000,1000,5177.980,138.958,4768.951,5538.506,1248.413,1000.000,0.000,1000.000,1000.000,5366.281,121.192,5070.053,5681.347,27.687,0.000,443.749,0.000,0.000,0.198,0.992,0.000,1.331,0.000,0.000,1.478,1.477,168.594,37.308,33.068,531.856,11.132,"[5.072, 5.068, 5.064, 5.061, 5.058, 5.054, 5.051, 5.047, 5.043, 5.039, 5.034, 5.029, 5.024, 5.019, 5.013, 5.007, 5.001, 4.995, 4.988, 4.981, 4.974, 4.966, 4.959, 4.951, 4.943, 4.934, 4.926, 4.917, 4.908, 4.899, 4.89, 4.881]","[0.993, 0.985, 0.979, 0.973, 0.968, 0.962, 0.956, 0.95, 0.943, 0.936, 0.929, 0.922, 0.914, 0.906, 0.897, 0.888, 0.879, 0.869, 0.859, 0.849, 0.839, 0.828, 0.817, 0.807, 0.796, 0.784, 0.773, 0.762, 0.751, 0.74, 0.728, 0.717]","[5.868, 11.152, 16.387, 21.575, 26.723, 31.829, 36.901, 41.938, 46.954, 51.949, 56.925, 61.876, 66.804, 71.713, 76.609, 81.486, 86.346, 91.191, 96.021, 100.835, 105.638, 110.424, 115.199, 119.959, 124.705, 129.434, 134.148, 138.845, 143.523, 148.183, 152.829, 157.458]","[1.0, 0.999, 0.998, 0.997, 0.997, 0.996, 0.995, 0.994, 0.993, 0.992, 0.991, 0.99, 0.99, 0.989, 0.988, 0.987, 0.986, 0.985, 0.984, 0.984, 0.983, 0.982, 0.981, 0.98, 0.979, 0.977, 0.976, 0.974, 0.972, 0.97, 0.969, 0.967]","[0.0, 0.0, 0.0, 0.0, 0.0, 0.0, 0.0, 0.0, 0.0, 0.0, 0.0, 0.0, 0.0, 0.0, 0.0, 0.0, 0.0, 0.0, 0.0, 0.0, 0.0, 0.0, 0.0, 0.0, 0.0, 0.0, 0.0, 0.0, 0.0, 0.0, 0.0, 0.0]"
7,2064384,1193.139,1000.000,0.000,1000,1000,5374.829,144.537,4950.669,5740.660,1250.295,1000.000,0.000,1000.000,1000.000,5506.861,141.632,5114.323,5866.003,26.608,0.000,439.249,0.000,0.000,0.198,0.990,0.000,1.317,0.000,0.000,1.302,1.301,172.019,37.286,31.623,546.222,11.270,"[5.071, 5.067, 5.063, 5.06, 5.057, 5.053, 5.05, 5.046, 5.042, 5.038, 5.033, 5.029, 5.024, 5.018, 5.013, 5.007, 5.001, 4.995, 4.988, 4.981, 4.974, 4.967, 4.959, 4.951, 4.943, 4.935, 4.927, 4.918, 4.909, 4.9, 4.891, 4.882]","[0.992, 0.984, 0.978, 0.972, 0.966, 0.96, 0.954, 0.948, 0.942, 0.935, 0.928, 0.921, 0.913, 0.905, 0.896, 0.887, 0.878, 0.869, 0.859, 0.849, 0.839, 0.828, 0.818, 0.807, 0.796, 0.785, 0.774, 0.763, 0.752, 0.741, 0.729, 0.718]","[5.979, 11.356, 16.683, 21.963, 27.2, 32.383, 37.529, 42.641, 47.725, 52.781, 57.812, 62.822, 67.808, 72.774, 77.719, 82.646, 87.557, 92.449, 97.327, 102.189, 107.037, 111.862, 116.67, 121.462, 126.237, 131.001, 135.75, 140.486, 145.215, 149.928, 154.63, 159.32]","[1.0, 0.998, 0.997, 0.995, 0.993, 0.991, 0.99, 0.988, 0.986, 0.984, 0.983, 0.981, 0.979, 0.977, 0.976, 0.974, 0.972, 0.97, 0.969, 0.967, 0.965, 0.964, 0.962, 0.96, 0.958, 0.957, 0.957, 0.956, 0.955, 0.954, 0.953, 0.952]","[0.0, 0.0, 0.0, 0.0, 0.0, 0.0, 0.0, 0.0, 0.0, 0.0, 0.0, 0.0, 0.0, 0.0, 0.0, 0.0, 0.0, 0.0, 0.0, 0.0, 0.0, 0.0, 0.0, 0.0, 0.0, 0.0, 0.0, 0.0, 0.0, 0.0, 0.0, 0.0]"
7,2211840,1193.987,1000.000,0.000,1000,1000,5540.074,235.399,3713.656,5871.465,1247.765,1000.000,0.000,1000.000,1000.000,5628.009,115.737,5350.233,5929.955,26.239,0.000,434.749,0.001,0.000,0.203,1.015,0.000,1.304,0.000,0.000,1.137,1.136,174.867,37.312,32.321,559.477,14.122,"[5.071, 5.067, 5.063, 5.059, 5.056, 5.053, 5.049, 5.046, 5.042, 5.038, 5.034, 5.029, 5.024, 5.019, 5.014, 5.008, 5.001, 4.995, 4.988, 4.982, 4.974, 4.967, 4.959, 4.951, 4.944, 4.935, 4.927, 4.918, 4.909, 4.9, 4.891, 4.881]","[0.992, 0.984, 0.978, 0.972, 0.967, 0.961, 0.955, 0.95, 0.944, 0.937, 0.931, 0.924, 0.916, 0.908, 0.899, 0.89, 0.881, 0.872, 0.862, 0.852, 0.842, 0.831, 0.82, 0.809, 0.798, 0.787, 0.776, 0.765, 0.753, 0.742, 0.73, 0.719]","[6.157, 11.697, 17.207, 22.665, 28.08, 33.45, 38.788, 44.096, 49.374, 54.63, 59.855, 65.068, 70.243, 75.412, 80.563, 85.688, 90.804, 95.897, 100.98, 106.044, 111.093, 116.129, 121.153, 126.157, 131.154, 136.134, 141.101, 146.053, 150.993, 155.926, 160.839, 165.741]","[1.0, 0.999, 0.998, 0.997, 0.997, 0.996, 0.995, 0.994, 0.993, 0.992, 0.991, 0.99, 0.99, 0.989, 0.988, 0.987, 0.986, 0.985, 0.984, 0.984, 0.983, 0.982, 0.981, 0.98, 0.979, 0.978, 0.977, 0.977, 0.976, 0.975, 0.974, 0.973]","[0.0, 0.0, 0.001, 0.001, 0.001, 0.001, 0.002, 0.002, 0.002, 0.002, 0.002, 0.002, 0.002, 0.002, 0.002, 0.002, 0.002, 0.002, 0.002, 0.002, 0.002, 0.002, 0.002, 0.002, 0.002, 0.002, 0.002, 0.002, 0.002, 0.002, 0.002, 0.002]"
7,2359296,1192.719,1000.000,0.000,1000,1000,5637.863,126.609,5271.122,5926.678,1250.301,1000.000,0.000,1000.000,1000.000,5731.195,118.352,5323.112,6086.263,25.451,0.000,430.249,0.000,0.000,0.197,0.984,0.000,1.290,0.000,0.000,0.994,0.993,179.713,37.272,30.413,571.257,11.531,"[5.072, 5.068, 5.064, 5.061, 5.058, 5.054, 5.051, 5.047, 5.043, 5.039, 5.035, 5.03, 5.025, 5.02, 5.014, 5.008, 5.001, 4.995, 4.988, 4.981, 4.973, 4.966, 4.958, 4.95, 4.942, 4.933, 4.924, 4.916, 4.906, 4.897, 4.888, 4.878]","[0.993, 0.985, 0.979, 0.973, 0.968, 0.962, 0.956, 0.95, 0.944, 0.937, 0.93, 0.923, 0.915, 0.907, 0.898, 0.889, 0.879, 0.87, 0.86, 0.849, 0.839, 0.828, 0.817, 0.806, 0.795, 0.783, 0.772, 0.761, 0.749, 0.738, 0.726, 0.715]","[6.281, 11.942, 17.569, 23.147, 28.683, 34.19, 39.664, 45.105, 50.517, 55.904, 61.273, 66.621, 71.944, 77.244, 82.524, 87.791, 93.043, 98.278, 103.497, 108.698, 113.887, 119.059, 124.217, 129.362, 134.491, 139.606, 144.71, 149.8, 154.877, 159.941, 164.993, 170.029]","[1.0, 0.999, 0.998, 0.997, 0.997, 0.996, 0.995, 0.994, 0.993, 0.992, 0.991, 0.99, 0.99, 0.989, 0.988, 0.987, 0.986, 0.985, 0.984, 0.984, 0.983, 0.982, 0.981, 0.98, 0.979, 0.978, 0.977, 0.977, 0.976, 0.975, 0.974, 0.973]","[0.0, 0.0, 0.0, 0.0, 0.0, 0.0, 0.0, 0.0, 0.0, 0.0, 0.0, 0.0, 0.0, 0.0, 0.0, 0.0, 0.0, 0.0, 0.0, 0.0, 0.0, 0.0, 0.0, 0.0, 0.0, 0.0, 0.0, 0.0, 0.0, 0.0, 0.0, 0.0]"
7,2506752,1194.225,1000.000,0.000,1000,1000,5745.128,111.066,5444.783,5997.254,1247.935,1000.000,0.000,1000.000,1000.000,5815.857,116.891,5496.192,6059.333,24.600,0.000,425.749,0.000,0.000,0.200,0.999,0.000,1.277,0.000,0.000,0.836,0.835,184.183,37.320,27.889,583.836,10.898,"[5.071, 5.067, 5.064, 5.061, 5.057, 5.054, 5.051, 5.047, 5.043, 5.039, 5.035, 5.03, 5.025, 5.02, 5.014, 5.008, 5.002, 4.995, 4.988, 4.981, 4.974, 4.966, 4.958, 4.95, 4.942, 4.933, 4.924, 4.915, 4.906, 4.897, 4.887, 4.877]","[0.993, 0.985, 0.979, 0.973, 0.967, 0.962, 0.956, 0.95, 0.944, 0.938, 0.931, 0.924, 0.916, 0.908, 0.899, 0.89, 0.88, 0.87, 0.86, 0.85, 0.839, 0.828, 0.817, 0.806, 0.795, 0.783, 0.772, 0.76, 0.749, 0.737, 0.725, 0.713]","[6.422, 12.221, 17.981, 23.693, 29.357, 34.978, 40.577, 46.152, 51.7, 57.223, 62.725, 68.209, 73.67, 79.11, 84.53, 89.929, 95.312, 100.679, 106.033, 111.367, 116.687, 121.993, 127.285, 132.559, 137.826, 143.074, 148.311, 153.535, 158.748, 163.948, 169.133, 174.305]","[1.0, 0.999, 0.998, 0.997, 0.997, 0.996, 0.995, 0.994, 0.993, 0.992, 0.991, 0.99, 0.99, 0.989, 0.988, 0.987, 0.986, 0.985, 0.984, 0.984, 0.983, 0.982, 0.981, 0.98, 0.979, 0.978, 0.977, 0.977, 0.976, 0.975, 0.974, 0.973]","[0.0, 0.0, 0.0, 0.0, 0.0, 0.0, 0.0, 0.0, 0.0, 0.0, 0.0, 0.0, 0.0, 0.0, 0.0, 0.0, 0.0, 0.0, 0.0, 0.0, 0.0, 0.0, 0.0, 0.0, 0.0, 0.0, 0.0, 0.0, 0.0, 0.0, 0.0, 0.0]"
7,2654208,1192.998,1000.000,0.000,1000,1000,5831.952,118.510,5538.901,6176.394,1249.920,1000.000,0.000,1000.000,1000.000,5894.365,117.150,5587.174,6229.862,24.477,0.000,421.249,0.000,0.000,0.200,0.999,0.000,1.263,0.000,0.000,0.679,0.678,187.627,37.281,27.583,594.809,10.779,"[5.072, 5.067, 5.064, 5.061, 5.058, 5.054, 5.051, 5.048, 5.044, 5.04, 5.035, 5.031, 5.026, 5.02, 5.015, 5.009, 5.002, 4.996, 4.989, 4.982, 4.974, 4.967, 4.959, 4.951, 4.943, 4.934, 4.925, 4.917, 4.907, 4.898, 4.889, 4.879]","[0.993, 0.985, 0.979, 0.973, 0.968, 0.962, 0.957, 0.951, 0.945, 0.939, 0.932, 0.924, 0.917, 0.908, 0.9, 0.891, 0.881, 0.872, 0.862, 0.851, 0.841, 0.83, 0.819, 0.808, 0.797, 0.786, 0.774, 0.763, 0.751, 0.74, 0.728, 0.716]","[6.502, 12.385, 18.236, 24.035, 29.79, 35.506, 41.189, 46.848, 52.479, 58.088, 63.678, 69.246, 74.794, 80.319, 85.826, 91.319, 96.795, 102.254, 107.698, 113.129, 118.541, 123.942, 129.329, 134.696, 140.056, 145.396, 150.725, 156.042, 161.336, 166.612, 171.872, 177.118]","[1.0, 0.999, 0.998, 0.997, 0.997, 0.996, 0.995, 0.994, 0.993, 0.992, 0.991, 0.99, 0.99, 0.989, 0.988, 0.987, 0.986, 0.985, 0.984, 0.984, 0.983, 0.982, 0.981, 0.98, 0.979, 0.978, 0.977, 0.977, 0.976, 0.975, 0.974, 0.973]","[0.0, 0.0, 0.0, 0.0, 0.0, 0.0, 0.0, 0.0, 0.0, 0.0, 0.0, 0.0, 0.0, 0.0, 0.0, 0.0, 0.0, 0.0, 0.0, 0.0, 0.0, 0.0, 0.0, 0.0, 0.0, 0.0, 0.0, 0.0, 0.0, 0.0, 0.0, 0.0]"
7,2801664,1190.399,1000.000,0.000,1000,1000,5898.759,122.466,5457.106,6210.488,1247.810,1000.000,0.000,1000.000,1000.000,6010.167,106.045,5698.205,6281.210,23.848,0.000,416.749,0.000,0.000,0.199,0.993,0.000,1.250,0.000,0.000,0.536,0.535,190.384,37.200,25.736,602.757,10.487,"[5.072, 5.068, 5.064, 5.061, 5.058, 5.055, 5.052, 5.048, 5.044, 5.04, 5.036, 5.032, 5.027, 5.022, 5.016, 5.01, 5.004, 4.998, 4.991, 4.984, 4.977, 4.969, 4.961, 4.953, 4.945, 4.936, 4.928, 4.919, 4.91, 4.9, 4.891, 4.881]","[0.993, 0.986, 0.979, 0.974, 0.968, 0.963, 0.958, 0.952, 0.946, 0.94, 0.933, 0.926, 0.919, 0.911, 0.902, 0.893, 0.884, 0.874, 0.864, 0.854, 0.843, 0.833, 0.822, 0.811, 0.799, 0.788, 0.776, 0.765, 0.753, 0.741, 0.729, 0.718]","[6.624, 12.606, 18.555, 24.457, 30.325, 36.163, 41.965, 47.732, 53.468, 59.182, 64.88, 70.556, 76.212, 81.847, 87.468, 93.074, 98.666, 104.238, 109.798, 115.343, 120.875, 126.389, 131.888, 137.367, 142.833, 148.284, 153.722, 159.139, 164.551, 169.955, 175.344, 180.703]","[1.0, 0.999, 0.998, 0.997, 0.997, 0.996, 0.995, 0.994, 0.993, 0.992, 0.991, 0.99, 0.99, 0.989, 0.988, 0.987, 0.986, 0.985, 0.984, 0.984, 0.983, 0.982, 0.981, 0.98, 0.979, 0.978, 0.977, 0.977, 0.976, 0.975, 0.974, 0.973]","[0.0, 0.0, 0.0, 0.0, 0.0, 0.0, 0.0, 0.0, 0.0, 0.0, 0.0, 0.0, 0.0, 0.0, 0.0, 0.0, 0.0, 0.0, 0.0, 0.0, 0.0, 0.0, 0.0, 0.0, 0.0, 0.0, 0.0, 0.0, 0.0, 0.0, 0.0, 0.0]"
7,2949120,1190.389,1000.000,0.000,1000,1000,6022.397,124.238,5660.768,6429.640,1249.932,1000.000,0.000,1000.000,1000.000,6111.489,123.759,5766.214,6402.525,23.543,0.000,412.249,0.000,0.000,0.200,1.002,0.000,1.237,0.000,0.000,0.406,0.405,193.137,37.200,26.118,612.967,10.857,"[5.071, 5.067, 5.063, 5.06, 5.056, 5.053, 5.05, 5.046, 5.042, 5.038, 5.034, 5.029, 5.024, 5.019, 5.013, 5.007, 5.001, 4.994, 4.988, 4.981, 4.973, 4.966, 4.958, 4.95, 4.942, 4.933, 4.924, 4.915, 4.906, 4.897, 4.888, 4.878]","[0.992, 0.984, 0.977, 0.971, 0.966, 0.96, 0.954, 0.949, 0.943, 0.936, 0.929, 0.922, 0.915, 0.906, 0.898, 0.889, 0.88, 0.87, 0.86, 0.85, 0.839, 0.829, 0.818, 0.807, 0.796, 0.784, 0.773, 0.762, 0.75, 0.739, 0.727, 0.716]","[6.666, 12.682, 18.664, 24.606, 30.5, 36.342, 42.143, 47.909, 53.64, 59.345, 65.024, 70.676, 76.307, 81.915, 87.504, 93.078, 98.632, 104.168, 109.689, 115.195, 120.679, 126.149, 131.593, 137.026, 142.435, 147.826, 153.197, 158.553, 163.905, 169.224, 174.531, 179.819]","[1.0, 0.998, 0.997, 0.995, 0.993, 0.991, 0.99, 0.988, 0.986, 0.984, 0.983, 0.981, 0.979, 0.977, 0.976, 0.974, 0.972, 0.97, 0.969, 0.967, 0.965, 0.964, 0.962, 0.96, 0.958, 0.957, 0.955, 0.953, 0.951, 0.95, 0.948, 0.946]","[0.0, 0.0, 0.0, 0.0, 0.0, 0.0, 0.0, 0.0, 0.0, 0.0, 0.0, 0.0, 0.0, 0.0, 0.0, 0.0, 0.0, 0.0, 0.0, 0.0, 0.0, 0.0, 0.0, 0.0, 0.0, 0.0, 0.0, 0.0, 0.0, 0.0, 0.0, 0.0]"
8,147456,913.669,1000.000,0.000,1000,1000,475.181,110.720,10.807,697.791,1027.386,1000.000,0.000,1000.000,1000.000,518.371,89.670,221.272,776.221,12.557,7.698,497.748,0.000,0.000,0.405,2.027,2.308,1.493,0.001,0.001,3.883,3.884,10.706,28.552,15.289,30.296,6.719,"[5.067, 5.06, 5.053, 5.047, 5.044, 5.026, 5.021, 5.022, 5.042, 5.02, 5.015, 5.017, 5.042, 5.02, 5.014, 5.016, 5.042, 5.02, 5.014, 5.016, 5.042, 5.02, 5.014, 5.016, 5.042, 5.02, 5.014, 5.016, 5.042, 5.02, 5.014, 5.016]","[0.984, 0.97, 0.956, 0.944, 0.941, 0.907, 0.897, 0.9, 0.936, 0.897, 0.886, 0.891, 0.935, 0.895, 0.885, 0.889, 0.935, 0.895, 0.884, 0.888, 0.936, 0.895, 0.884, 0.888, 0.936, 0.896, 0.884, 0.888, 0.936, 0.896, 0.884, 0.888]","[0.423, 0.767, 1.069, 1.347, -0.063, 0.026, 0.258, 0.56, -0.163, -0.153, 0.042, 0.333, -0.186, -0.199, -0.024, 0.252, -0.196, -0.218, -0.052, 0.213, -0.2, -0.225, -0.065, 0.193, -0.205, -0.233, -0.074, 0.181, -0.205, -0.237, -0.082, 0.172]","[1.0, 0.999, 0.998, 0.997, 0.997, 0.996, 0.995, 0.994, 0.993, 0.992, 0.991, 0.99, 0.99, 0.989, 0.988, 0.987, 0.986, 0.985, 0.984, 0.984, 0.983, 0.982, 0.981, 0.98, 0.979, 0.978, 0.977, 0.977, 0.976, 0.975, 0.974, 0.973]","[0.0, 0.0, 0.0, 1.0, 0.0, 0.0, 0.0, 1.0, 0.0, 0.0, 0.0, 1.0, 0.0, 0.0, 0.0, 1.0, 0.0, 0.0, 0.0, 1.0, 0.0, 0.0, 0.0, 1.0, 0.0, 0.0, 0.0, 1.0, 0.0, 0.0, 0.0, 1.0]"
8,294912,1194.239,1000.000,0.000,1000,1000,611.255,93.807,364.532,820.020,1250.056,1000.000,0.000,1000.000,1000.000,878.736,129.717,518.317,1330.102,16.601,3.214,493.248,0.000,0.000,0.323,1.614,0.963,1.480,0.001,0.000,3.848,3.849,14.870,37.320,19.853,55.214,7.610,"[5.068, 5.061, 5.054, 5.048, 5.049, 5.034, 5.029, 5.029, 5.047, 5.03, 5.025, 5.027, 5.047, 5.03, 5.025, 5.026, 5.047, 5.031, 5.025, 5.027, 5.048, 5.031, 5.026, 5.027, 5.048, 5.032, 5.026, 5.027, 5.048, 5.032, 5.027, 5.028]","[0.985, 0.971, 0.958, 0.947, 0.948, 0.921, 0.911, 0.912, 0.945, 0.913, 0.904, 0.906, 0.945, 0.913, 0.904, 0.906, 0.946, 0.914, 0.904, 0.906, 0.946, 0.915, 0.905, 0.907, 0.947, 0.916, 0.905, 0.907, 0.947, 0.916, 0.906, 0.908]","[0.558, 1.047, 1.487, 1.91, -0.051, 0.192, 0.573, 1.037, -0.174, 0.003, 0.355, 0.808, -0.21, -0.046, 0.288, 0.725, -0.222, -0.067, 0.256, 0.676, -0.229, -0.08, 0.234, 0.645, -0.232, -0.088, 0.22, 0.624, -0.233, -0.092, 0.21, 0.608]","[1.0, 0.999, 0.998, 0.997, 0.997, 0.996, 0.995, 0.994, 0.993, 0.992, 0.991, 0.99, 0.99, 0.989, 0.988, 0.987, 0.986, 0.985, 0.984, 0.984, 0.983, 0.982, 0.981, 0.98, 0.979, 0.978, 0.977, 0.977, 0.976, 0.975, 0.974, 0.973]","[0.0, 0.0, 0.0, 1.0, 0.0, 0.0, 0.0, 1.0, 0.0, 0.0, 0.0, 1.0, 0.0, 0.0, 0.0, 1.0, 0.0, 0.0, 0.0, 1.0, 0.0, 0.0, 0.0, 1.0, 0.0, 0.0, 0.0, 1.0, 0.0, 0.0, 0.0, 1.0]"
8,442368,1195.255,1000.000,0.000,1000,1000,1031.635,122.597,595.566,1354.557,1250.516,1000.000,0.000,1000.000,1000.000,1851.344,194.089,1366.984,2424.612,21.653,0.490,488.748,0.000,0.000,0.475,2.375,0.146,1.466,0.001,0.000,3.691,3.692,27.640,37.352,42.993,94.963,11.751,"[5.063, 5.052, 5.041, 5.032, 5.032, 5.012, 5.004, 5.003, 5.029, 5.006, 4.997, 4.998, 5.03, 5.006, 4.998, 4.999, 5.031, 5.008, 4.999, 5.0, 5.032, 5.009, 5.001, 5.001, 5.033, 5.011, 5.002, 5.002, 5.033, 5.012, 5.003, 5.003]","[0.976, 0.954, 0.934, 0.917, 0.918, 0.882, 0.867, 0.865, 0.913, 0.871, 0.856, 0.857, 0.913, 0.872, 0.857, 0.858, 0.915, 0.874, 0.859, 0.859, 0.917, 0.876, 0.861, 0.861, 0.918, 0.878, 0.863, 0.863, 0.92, 0.88, 0.865, 0.865]","[1.09, 2.099, 3.045, 3.961, -0.191, 0.429, 1.261, 2.242, -0.519, 0.001, 0.774, 1.743, -0.655, -0.129, 0.631, 1.575, -0.717, -0.194, 0.551, 1.472, -0.756, -0.237, 0.496, 1.398, -0.769, -0.255, 0.459, 1.338, -0.775, -0.27, 0.431, 1.293]","[1.0, 0.999, 0.998, 0.997, 0.997, 0.996, 0.995, 0.994, 0.993, 0.992, 0.991, 0.99, 0.99, 0.989, 0.988, 0.987, 0.986, 0.985, 0.984, 0.984, 0.983, 0.982, 0.981, 0.98, 0.979, 0.978, 0.977, 0.977, 0.976, 0.975, 0.974, 0.973]","[0.0, 0.0, 0.0, 1.0, 0.0, 0.0, 0.0, 1.0, 0.0, 0.0, 0.0, 1.0, 0.0, 0.0, 0.0, 1.0, 0.0, 0.0, 0.0, 1.0, 0.0, 0.0, 0.0, 1.0, 0.0, 0.0, 0.0, 1.0, 0.0, 0.0, 0.0, 1.0]"
8,589824,1195.018,1000.000,0.000,1000,1000,1846.585,200.503,1146.017,2435.700,1249.861,1000.000,0.000,1000.000,1000.000,2549.215,185.849,1987.959,3001.122,26.881,0.052,484.264,0.001,0.000,0.671,3.355,0.015,1.452,0.000,0.000,3.324,3.325,52.238,37.344,69.035,180.466,16.470,"[5.063, 5.051, 5.04, 5.031, 5.026, 5.006, 4.997, 4.994, 5.021, 4.996, 4.987, 4.987, 5.02, 4.995, 4.986, 4.985, 5.021, 4.995, 4.986, 4.985, 5.021, 4.996, 4.986, 4.985, 5.021, 4.996, 4.987, 4.986, 5.022, 4.997, 4.988, 4.987]","[0.976, 0.954, 0.934, 0.917, 0.908, 0.872, 0.858, 0.855, 0.898, 0.856, 0.842, 0.842, 0.897, 0.854, 0.84, 0.84, 0.897, 0.854, 0.839, 0.839, 0.898, 0.855, 0.839, 0.839, 0.899, 0.856, 0.84, 0.84, 0.9, 0.857, 0.841, 0.841]","[1.977, 3.852, 5.633, 7.362, 0.179, 1.494, 3.062, 4.807, -0.364, 0.787, 2.252, 3.988, -0.609, 0.535, 1.97, 3.677, -0.795, 0.345, 1.754, 3.429, -0.946, 0.211, 1.596, 3.242, -1.03, 0.12, 1.483, 3.099, -1.099, 0.043, 1.385, 2.974]","[1.0, 0.999, 0.998, 0.997, 0.997, 0.996, 0.995, 0.994, 0.993, 0.992, 0.991, 0.99, 0.99, 0.989, 0.988, 0.987, 0.986, 0.985, 0.984, 0.984, 0.983, 0.982, 0.981, 0.98, 0.979, 0.978, 0.977, 0.977, 0.976, 0.975, 0.974, 0.973]","[0.0, 0.0, 0.0, 1.0, 0.0, 0.0, 0.0, 1.0, 0.0, 0.0, 0.0, 1.0, 0.0, 0.0, 0.0, 1.0, 0.0, 0.0, 0.0, 1.0, 0.0, 0.0, 0.0, 1.0, 0.0, 0.0, 0.0, 1.0, 0.0, 0.0, 0.0, 1.0]"
8,737280,1195.466,1000.000,0.000,1000,1000,2444.422,173.478,1883.504,2830.667,1250.817,1000.000,0.000,1000.000,1000.000,2807.128,195.715,2256.753,3315.442,31.175,0.007,479.750,0.001,0.000,0.498,2.488,0.002,1.439,0.000,0.000,3.005,3.005,70.732,37.358,61.782,246.808,14.683,"[5.068, 5.061, 5.054, 5.048, 5.043, 5.029, 5.024, 5.022, 5.038, 5.021, 5.016, 5.015, 5.037, 5.019, 5.014, 5.014, 5.036, 5.019, 5.013, 5.013, 5.036, 5.019, 5.013, 5.012, 5.036, 5.019, 5.013, 5.012, 5.036, 5.019, 5.013, 5.012]","[0.985, 0.972, 0.96, 0.949, 0.938, 0.914, 0.905, 0.903, 0.929, 0.899, 0.891, 0.892, 0.927, 0.896, 0.887, 0.888, 0.926, 0.895, 0.886, 0.887, 0.926, 0.895, 0.885, 0.886, 0.926, 0.895, 0.885, 0.886, 0.926, 0.895, 0.885, 0.886]","[2.521, 4.943, 7.3, 9.598, 1.015, 2.951, 5.065, 7.327, 0.482, 2.25, 4.263, 6.507, 0.229, 1.953, 3.912, 6.131, -0.002, 1.716, 3.637, 5.824, -0.192, 1.533, 3.424, 5.576, -0.305, 1.406, 3.259, 5.367, -0.402, 1.299, 3.118, 5.194]","[1.0, 0.999, 0.998, 0.997, 0.997, 0.996, 0.995, 0.994, 0.993, 0.992, 0.991, 0.99, 0.99, 0.989, 0.988, 0.987, 0.986, 0.985, 0.984, 0.984, 0.983, 0.982, 0.981, 0.98, 0.979, 0.978, 0.977, 0.977, 0.976, 0.975, 0.974, 0.973]","[0.0, 0.0, 0.0, 1.0, 0.0, 0.0, 0.0, 1.0, 0.0, 0.0, 0.0, 1.0, 0.0, 0.0, 0.0, 1.0, 0.0, 0.0, 0.0, 1.0, 0.0, 0.0, 0.0, 1.0, 0.0, 0.0, 0.0, 1.0, 0.0, 0.0, 0.0, 1.0]"
8,884736,1195.368,1000.000,0.000,1000,1000,2755.254,181.934,2210.504,3212.817,1250.223,1000.000,0.000,1000.000,1000.000,3060.794,248.287,1244.197,3525.408,35.237,0.001,475.250,0.001,0.000,0.377,1.885,0.000,1.425,0.000,0.000,2.747,2.747,82.289,37.355,58.351,285.983,13.784,"[5.07, 5.065, 5.06, 5.056, 5.051, 5.041, 5.037, 5.036, 5.047, 5.035, 5.031, 5.031, 5.046, 5.033, 5.029, 5.029, 5.045, 5.032, 5.028, 5.028, 5.045, 5.031, 5.027, 5.028, 5.045, 5.031, 5.027, 5.027, 5.045, 5.031, 5.027, 5.027]","[0.99, 0.98, 0.972, 0.964, 0.953, 0.935, 0.929, 0.928, 0.946, 0.923, 0.917, 0.919, 0.944, 0.92, 0.914, 0.915, 0.943, 0.919, 0.912, 0.914, 0.942, 0.918, 0.911, 0.912, 0.941, 0.917, 0.91, 0.911, 0.941, 0.917, 0.91, 0.911]","[2.89, 5.677, 8.411, 11.097, 1.515, 3.869, 6.372, 9.009, 0.987, 3.196, 5.596, 8.216, 0.715, 2.867, 5.21, 7.793, 0.439, 2.56, 4.854, 7.4, 0.21, 2.324, 4.565, 7.063, 0.064, 2.168, 4.361, 6.812, -0.047, 2.03, 4.181, 6.59]","[1.0, 0.999, 0.998, 0.997, 0.997, 0.996, 0.995, 0.994, 0.993, 0.992, 0.991, 0.99, 0.99, 0.989, 0.988, 0.987, 0.986, 0.985, 0.984, 0.984, 0.983, 0.982, 0.981, 0.98, 0.979, 0.978, 0.977, 0.977, 0.976, 0.975, 0.974, 0.973]","[0.0, 0.0, 0.0, 1.0, 0.0, 0.0, 0.0, 1.0, 0.0, 0.0, 0.0, 1.0, 0.0, 0.0, 0.0, 1.0, 0.0, 0.0, 0.0, 1.0, 0.0, 0.0, 0.0, 1.0, 0.0, 0.0, 0.0, 1.0, 0.0, 0.0, 0.0, 1.0]"
8,1032192,1196.478,1000.000,0.000,1000,1000,3075.122,252.742,592.133,3615.685,1250.751,1000.000,0.000,1000.000,1000.000,3245.507,185.935,2809.232,3746.418,39.350,0.000,470.750,0.001,0.000,0.318,1.589,0.000,1.412,0.000,0.000,2.529,2.528,89.595,37.390,58.528,311.285,16.948,"[5.071, 5.067, 5.063, 5.059, 5.055, 5.046, 5.043, 5.042, 5.051, 5.04, 5.037, 5.037, 5.05, 5.038, 5.035, 5.035, 5.049, 5.038, 5.034, 5.034, 5.049, 5.037, 5.033, 5.034, 5.049, 5.037, 5.033, 5.034, 5.049, 5.037, 5.033, 5.033]","[0.992, 0.984, 0.976, 0.97, 0.96, 0.944, 0.939, 0.938, 0.953, 0.934, 0.928, 0.929, 0.952, 0.931, 0.925, 0.926, 0.95, 0.929, 0.923, 0.925, 0.949, 0.928, 0.922, 0.924, 0.949, 0.928, 0.922, 0.923, 0.949, 0.928, 0.921, 0.923]","[3.064, 6.051, 8.962, 11.815, 1.706, 4.259, 6.928, 9.733, 1.153, 3.53, 6.072, 8.829, 0.866, 3.168, 5.634, 8.351, 0.578, 2.842, 5.258, 7.934, 0.341, 2.591, 4.941, 7.565, 0.196, 2.421, 4.709, 7.277, 0.076, 2.27, 4.51, 7.026]","[1.0, 0.998, 0.997, 0.995, 0.993, 0.991, 0.99, 0.988, 0.986, 0.984, 0.983, 0.981, 0.979, 0.977, 0.976, 0.974, 0.972, 0.97, 0.969, 0.967, 0.965, 0.964, 0.962, 0.96, 0.958, 0.957, 0.955, 0.953, 0.951, 0.95, 0.948, 0.946]","[0.0, 0.0, 0.0, 1.0, 0.0, 0.0, 0.0, 1.0, 0.0, 0.0, 0.0, 1.0, 0.0, 0.0, 0.0, 1.0, 0.0, 0.0, 0.0, 1.0, 0.0, 0.0, 0.0, 1.0, 0.0, 0.0, 0.0, 1.0, 0.0, 0.0, 0.0, 1.0]"
8,1179648,1196.474,1000.000,0.000,1000,1000,3282.717,200.290,2697.203,3702.868,1250.234,1000.000,0.000,1000.000,1000.000,3405.115,186.097,2880.536,3936.735,43.366,0.000,466.250,0.001,0.000,0.264,1.321,0.000,1.398,0.000,0.000,2.328,2.327,95.110,37.390,60.066,328.376,15.736,"[5.072, 5.068, 5.065, 5.062, 5.058, 5.051, 5.049, 5.048, 5.055, 5.046, 5.044, 5.044, 5.054, 5.045, 5.042, 5.042, 5.053, 5.044, 5.041, 5.041, 5.053, 5.043, 5.04, 5.041, 5.052, 5.043, 5.04, 5.04, 5.052, 5.043, 5.04, 5.04]","[0.993, 0.987, 0.981, 0.975, 0.967, 0.954, 0.95, 0.949, 0.961, 0.945, 0.941, 0.941, 0.959, 0.942, 0.938, 0.939, 0.958, 0.941, 0.936, 0.937, 0.957, 0.939, 0.934, 0.935, 0.956, 0.939, 0.933, 0.934, 0.955, 0.938, 0.933, 0.934]","[3.252, 6.455, 9.599, 12.683, 1.942, 4.753, 7.647, 10.669, 1.367, 4.036, 6.823, 9.814, 1.065, 3.677, 6.395, 9.353, 0.737, 3.314, 5.972, 8.888, 0.463, 3.041, 5.634, 8.499, 0.29, 2.851, 5.382, 8.191, 0.16, 2.694, 5.178, 7.93]","[1.0, 0.999, 0.998, 0.997, 0.997, 0.996, 0.995, 0.994, 0.993, 0.992, 0.991, 0.99, 0.99, 0.989, 0.988, 0.987, 0.986, 0.985, 0.984, 0.984, 0.983, 0.982, 0.981, 0.98, 0.979, 0.978, 0.977, 0.977, 0.976, 0.975, 0.974, 0.973]","[0.0, 0.0, 0.0, 1.0, 0.0, 0.0, 0.0, 1.0, 0.0, 0.0, 0.0, 1.0, 0.0, 0.0, 0.0, 1.0, 0.0, 0.0, 0.0, 1.0, 0.0, 0.0, 0.0, 1.0, 0.0, 0.0, 0.0, 1.0, 0.0, 0.0, 0.0, 1.0]"
8,1327104,1194.075,1000.000,0.000,1000,1000,3402.991,188.036,2874.773,3813.655,1250.558,1000.000,0.000,1000.000,1000.000,3460.730,205.209,2818.071,4005.507,47.566,0.000,461.750,0.001,0.000,0.253,1.264,0.000,1.385,0.000,0.000,2.150,2.149,99.563,37.315,63.212,343.182,15.606,"[5.072, 5.069, 5.066, 5.063, 5.059, 5.053, 5.05, 5.049, 5.056, 5.048, 5.045, 5.045, 5.055, 5.046, 5.044, 5.044, 5.054, 5.045, 5.043, 5.043, 5.053, 5.044, 5.042, 5.042, 5.053, 5.044, 5.041, 5.042, 5.053, 5.044, 5.041, 5.041]","[0.994, 0.988, 0.982, 0.977, 0.968, 0.957, 0.952, 0.952, 0.963, 0.947, 0.943, 0.945, 0.961, 0.945, 0.94, 0.942, 0.959, 0.943, 0.939, 0.94, 0.958, 0.941, 0.937, 0.938, 0.957, 0.94, 0.936, 0.937, 0.956, 0.94, 0.935, 0.936]","[3.381, 6.702, 9.953, 13.142, 1.977, 4.887, 7.879, 11.021, 1.388, 4.151, 7.023, 10.14, 1.068, 3.778, 6.584, 9.674, 0.722, 3.404, 6.157, 9.205, 0.42, 3.101, 5.781, 8.777, 0.228, 2.899, 5.509, 8.442, 0.078, 2.718, 5.278, 8.157]","[1.0, 0.999, 0.998, 0.997, 0.997, 0.996, 0.995, 0.994, 0.993, 0.992, 0.991, 0.99, 0.99, 0.989, 0.988, 0.987, 0.986, 0.985, 0.984, 0.984, 0.983, 0.982, 0.981, 0.98, 0.979, 0.978, 0.977, 0.977, 0.976, 0.975, 0.974, 0.973]","[0.0, 0.0, 0.0, 1.0, 0.0, 0.0, 0.0, 1.0, 0.0, 0.0, 0.0, 1.0, 0.0, 0.0, 0.0, 1.0, 0.0, 0.0, 0.0, 1.0, 0.0, 0.0, 0.0, 1.0, 0.0, 0.0, 0.0, 1.0, 0.0, 0.0, 0.0, 1.0]"
8,1474560,1196.167,1000.000,0.000,1000,1000,3442.965,214.226,2754.012,4104.477,1250.139,1000.000,0.000,1000.000,1000.000,3564.676,198.956,3041.655,4001.285,50.948,0.000,457.250,0.001,0.000,0.215,1.075,0.000,1.371,0.000,0.000,1.999,1.997,103.183,37.380,59.757,351.264,15.088,"[5.073, 5.07, 5.068, 5.065, 5.062, 5.057, 5.055, 5.054, 5.059, 5.053, 5.051, 5.051, 5.059, 5.051, 5.049, 5.05, 5.058, 5.051, 5.048, 5.049, 5.057, 5.05, 5.048, 5.048, 5.057, 5.05, 5.047, 5.048, 5.057, 5.049, 5.047, 5.047]","[0.995, 0.99, 0.985, 0.981, 0.974, 0.964, 0.961, 0.96, 0.969, 0.957, 0.954, 0.954, 0.968, 0.955, 0.951, 0.952, 0.966, 0.953, 0.949, 0.95, 0.965, 0.952, 0.948, 0.949, 0.964, 0.951, 0.947, 0.948, 0.964, 0.95, 0.946, 0.947]","[3.49, 6.91, 10.274, 13.589, 2.21, 5.263, 8.383, 11.637, 1.664, 4.562, 7.557, 10.779, 1.361, 4.179, 7.089, 10.272, 1.026, 3.797, 6.646, 9.792, 0.719, 3.473, 6.254, 9.349, 0.528, 3.26, 5.961, 8.992, 0.386, 3.088, 5.732, 8.697]","[1.0, 0.999, 0.998, 0.997, 0.997, 0.996, 0.995, 0.994, 0.993, 0.992, 0.991, 0.99, 0.99, 0.989, 0.988, 0.987, 0.986, 0.985, 0.984, 0.984, 0.983, 0.982, 0.981, 0.98, 0.979, 0.978, 0.977, 0.977, 0.976, 0.975, 0.974, 0.973]","[0.0, 0.0, 0.0, 1.0, 0.0, 0.0, 0.0, 1.0, 0.0, 0.0, 0.0, 1.0, 0.0, 0.0, 0.0, 1.0, 0.0, 0.0, 0.0, 1.0, 0.0, 0.0, 0.0, 1.0, 0.0, 0.0, 0.0, 1.0, 0.0, 0.0, 0.0, 1.0]"
8,1622016,1193.835,1000.000,0.000,1000,1000,3556.972,195.187,3028.344,4142.943,1250.920,1000.000,0.000,1000.000,1000.000,3637.324,186.409,3225.158,4074.430,53.894,0.000,452.750,0.001,0.000,0.214,1.070,0.000,1.358,0.000,0.000,1.828,1.826,106.396,37.307,65.243,360.644,16.706,"[5.073, 5.07, 5.067, 5.065, 5.061, 5.056, 5.054, 5.054, 5.059, 5.052, 5.05, 5.05, 5.058, 5.051, 5.049, 5.049, 5.057, 5.05, 5.048, 5.048, 5.056, 5.049, 5.047, 5.047, 5.056, 5.048, 5.046, 5.047, 5.055, 5.048, 5.045, 5.046]","[0.995, 0.99, 0.985, 0.981, 0.973, 0.963, 0.96, 0.96, 0.968, 0.955, 0.952, 0.953, 0.966, 0.953, 0.95, 0.951, 0.965, 0.951, 0.948, 0.949, 0.963, 0.95, 0.946, 0.948, 0.962, 0.949, 0.945, 0.946, 0.962, 0.948, 0.944, 0.945]","[3.523, 6.98, 10.397, 13.76, 2.143, 5.251, 8.455, 11.793, 1.538, 4.499, 7.577, 10.884, 1.215, 4.088, 7.092, 10.357, 0.836, 3.674, 6.614, 9.849, 0.485, 3.313, 6.173, 9.356, 0.266, 3.073, 5.852, 8.975, 0.107, 2.886, 5.607, 8.668]","[1.0, 0.999, 0.998, 0.997, 0.997, 0.996, 0.995, 0.994, 0.993, 0.992, 0.991, 0.99, 0.99, 0.989, 0.988, 0.987, 0.986, 0.985, 0.984, 0.984, 0.983, 0.982, 0.981, 0.98, 0.979, 0.978, 0.977, 0.977, 0.976, 0.975, 0.974, 0.973]","[0.0, 0.0, 0.0, 1.0, 0.0, 0.0, 0.0, 1.0, 0.0, 0.0, 0.0, 1.0, 0.0, 0.0, 0.0, 1.0, 0.0, 0.0, 0.0, 1.0, 0.0, 0.0, 0.0, 1.0, 0.0, 0.0, 0.0, 1.0, 0.0, 0.0, 0.0, 1.0]"
8,1769472,1196.946,1000.000,0.000,1000,1000,3571.743,319.001,681.358,3993.541,1250.750,1000.000,0.000,1000.000,1000.000,3684.044,198.802,3286.448,4191.444,57.009,0.000,448.250,0.001,0.000,0.205,1.027,0.000,1.344,0.000,0.000,1.691,1.689,109.057,37.405,65.047,366.601,19.440,"[5.073, 5.07, 5.068, 5.066, 5.063, 5.058, 5.056, 5.056, 5.06, 5.054, 5.052, 5.053, 5.059, 5.053, 5.051, 5.051, 5.059, 5.052, 5.05, 5.05, 5.058, 5.051, 5.049, 5.049, 5.057, 5.05, 5.048, 5.048, 5.056, 5.049, 5.047, 5.048]","[0.995, 0.991, 0.987, 0.983, 0.976, 0.967, 0.964, 0.964, 0.971, 0.96, 0.957, 0.958, 0.969, 0.957, 0.954, 0.955, 0.968, 0.955, 0.952, 0.953, 0.966, 0.953, 0.95, 0.951, 0.965, 0.952, 0.948, 0.95, 0.964, 0.95, 0.947, 0.948]","[3.641, 7.218, 10.752, 14.234, 2.267, 5.494, 8.777, 12.202, 1.65, 4.716, 7.878, 11.282, 1.321, 4.302, 7.376, 10.746, 0.908, 3.834, 6.834, 10.17, 0.538, 3.442, 6.364, 9.647, 0.285, 3.172, 6.014, 9.233, 0.101, 2.956, 5.741, 8.9]","[1.0, 0.999, 0.998, 0.997, 0.997, 0.996, 0.995, 0.994, 0.993, 0.992, 0.991, 0.99, 0.99, 0.989, 0.988, 0.987, 0.986, 0.985, 0.984, 0.984, 0.983, 0.982, 0.981, 0.98, 0.979, 0.978, 0.977, 0.977, 0.976, 0.975, 0.974, 0.973]","[0.0, 0.0, 0.0, 1.0, 0.0, 0.0, 0.0, 1.0, 0.0, 0.0, 0.0, 1.0, 0.0, 0.0, 0.0, 1.0, 0.0, 0.0, 0.0, 1.0, 0.0, 0.0, 0.0, 1.0, 0.0, 0.0, 0.0, 1.0, 0.0, 0.0, 0.0, 1.0]"
8,1916928,1195.497,1000.000,0.000,1000,1000,3671.505,185.398,3168.995,4153.185,1251.001,1000.000,0.000,1000.000,1000.000,3745.743,313.521,1088.211,4274.271,57.628,0.000,443.750,0.001,0.000,0.200,0.998,0.000,1.331,0.000,0.000,1.534,1.532,111.802,37.359,61.900,376.197,15.582,"[5.073, 5.071, 5.069, 5.067, 5.063, 5.059, 5.057, 5.057, 5.061, 5.055, 5.053, 5.054, 5.06, 5.054, 5.052, 5.052, 5.059, 5.053, 5.051, 5.051, 5.058, 5.052, 5.05, 5.051, 5.057, 5.051, 5.049, 5.05, 5.057, 5.051, 5.049, 5.049]","[0.995, 0.991, 0.987, 0.984, 0.976, 0.968, 0.965, 0.965, 0.972, 0.961, 0.958, 0.959, 0.97, 0.958, 0.956, 0.957, 0.968, 0.957, 0.954, 0.955, 0.967, 0.955, 0.952, 0.953, 0.966, 0.954, 0.95, 0.952, 0.965, 0.953, 0.95, 0.951]","[3.719, 7.381, 10.988, 14.538, 2.353, 5.671, 9.058, 12.565, 1.742, 4.905, 8.171, 11.654, 1.414, 4.49, 7.669, 11.123, 1.015, 4.033, 7.137, 10.55, 0.622, 3.615, 6.64, 10.009, 0.377, 3.338, 6.279, 9.561, 0.209, 3.119, 5.982, 9.183]","[1.0, 0.999, 0.998, 0.997, 0.997, 0.996, 0.995, 0.994, 0.993, 0.992, 0.991, 0.99, 0.99, 0.989, 0.988, 0.987, 0.986, 0.985, 0.984, 0.984, 0.983, 0.982, 0.981, 0.98, 0.979, 0.977, 0.976, 0.974, 0.972, 0.97, 0.969, 0.967]","[0.0, 0.0, 0.0, 1.0, 0.0, 0.0, 0.0, 1.0, 0.0, 0.0, 0.0, 1.0, 0.0, 0.0, 0.0, 1.0, 0.0, 0.0, 0.0, 1.0, 0.0, 0.0, 0.0, 1.0, 0.0, 0.0, 0.0, 1.0, 0.0, 0.0, 0.0, 1.0]"
8,2064384,1196.420,1000.000,0.000,1000,1000,3781.321,213.484,2442.424,4349.435,1250.568,1000.000,0.000,1000.000,1000.000,3779.281,204.654,3169.909,4298.567,57.288,0.000,439.250,0.001,0.000,0.205,1.023,0.000,1.317,0.000,0.000,1.394,1.392,113.543,37.388,62.912,385.988,17.813,"[5.073, 5.07, 5.068, 5.066, 5.062, 5.058, 5.056, 5.056, 5.06, 5.053, 5.052, 5.052, 5.059, 5.052, 5.05, 5.051, 5.058, 5.051, 5.049, 5.05, 5.057, 5.05, 5.048, 5.049, 5.056, 5.049, 5.047, 5.048, 5.056, 5.049, 5.047, 5.047]","[0.995, 0.991, 0.987, 0.983, 0.975, 0.966, 0.964, 0.963, 0.97, 0.959, 0.956, 0.957, 0.968, 0.956, 0.954, 0.955, 0.967, 0.954, 0.951, 0.953, 0.965, 0.953, 0.95, 0.951, 0.964, 0.951, 0.948, 0.95, 0.963, 0.95, 0.947, 0.948]","[3.757, 7.448, 11.108, 14.709, 2.358, 5.696, 9.099, 12.619, 1.717, 4.868, 8.129, 11.603, 1.376, 4.421, 7.593, 11.025, 0.961, 3.943, 7.03, 10.414, 0.567, 3.513, 6.508, 9.825, 0.32, 3.229, 6.133, 9.374, 0.156, 3.034, 5.866, 9.043]","[1.0, 0.998, 0.997, 0.995, 0.993, 0.991, 0.99, 0.988, 0.986, 0.984, 0.983, 0.981, 0.979, 0.977, 0.976, 0.974, 0.972, 0.97, 0.969, 0.967, 0.965, 0.964, 0.962, 0.96, 0.958, 0.957, 0.957, 0.956, 0.955, 0.954, 0.953, 0.952]","[0.0, 0.0, 0.0, 1.0, 0.0, 0.0, 0.0, 1.0, 0.0, 0.0, 0.0, 1.0, 0.0, 0.0, 0.0, 1.0, 0.0, 0.0, 0.0, 1.0, 0.0, 0.0, 0.0, 1.0, 0.0, 0.0, 0.0, 1.0, 0.0, 0.0, 0.0, 1.0]"
8,2211840,1195.118,1000.000,0.000,1000,1000,3818.576,189.197,3430.401,4370.440,1251.116,1000.000,0.000,1000.000,1000.000,3846.981,204.160,3152.376,4371.559,59.027,0.000,434.750,0.001,0.000,0.201,1.005,0.000,1.304,0.000,0.000,1.266,1.264,114.811,37.347,62.460,389.484,15.898,"[5.073, 5.071, 5.069, 5.067, 5.063, 5.059, 5.057, 5.057, 5.06, 5.055, 5.053, 5.054, 5.059, 5.053, 5.052, 5.052, 5.058, 5.052, 5.05, 5.051, 5.057, 5.051, 5.049, 5.05, 5.057, 5.05, 5.048, 5.049, 5.056, 5.049, 5.048, 5.048]","[0.995, 0.991, 0.987, 0.984, 0.976, 0.968, 0.965, 0.965, 0.971, 0.96, 0.958, 0.959, 0.969, 0.958, 0.955, 0.957, 0.967, 0.956, 0.953, 0.954, 0.966, 0.953, 0.951, 0.952, 0.964, 0.952, 0.949, 0.951, 0.963, 0.95, 0.947, 0.949]","[3.84, 7.621, 11.364, 15.053, 2.444, 5.872, 9.361, 12.986, 1.814, 5.076, 8.436, 12.023, 1.458, 4.632, 7.919, 11.47, 1.02, 4.144, 7.356, 10.871, 0.608, 3.699, 6.819, 10.281, 0.336, 3.395, 6.425, 9.803, 0.153, 3.175, 6.124, 9.427]","[1.0, 0.999, 0.998, 0.997, 0.997, 0.996, 0.995, 0.994, 0.993, 0.992, 0.991, 0.99, 0.99, 0.989, 0.988, 0.987, 0.986, 0.985, 0.984, 0.984, 0.983, 0.982, 0.981, 0.98, 0.979, 0.978, 0.977, 0.977, 0.976, 0.975, 0.974, 0.973]","[0.0, 0.0, 0.0, 1.0, 0.0, 0.0, 0.0, 1.0, 0.0, 0.0, 0.0, 1.0, 0.0, 0.0, 0.0, 1.0, 0.0, 0.0, 0.0, 1.0, 0.0, 0.0, 0.0, 1.0, 0.0, 0.0, 0.0, 1.0, 0.0, 0.0, 0.0, 1.0]"
8,2359296,1195.944,1000.000,0.000,1000,1000,3850.583,197.545,3390.226,4308.100,1251.973,1000.000,0.000,1000.000,1000.000,3911.953,283.664,1683.057,4474.743,59.228,0.000,430.250,0.001,0.000,0.202,1.010,0.000,1.290,0.000,0.000,1.129,1.127,116.158,37.373,61.061,391.860,15.988,"[5.073, 5.07, 5.069, 5.067, 5.062, 5.058, 5.057, 5.057, 5.06, 5.054, 5.053, 5.054, 5.059, 5.053, 5.051, 5.052, 5.058, 5.052, 5.05, 5.051, 5.057, 5.051, 5.049, 5.05, 5.056, 5.05, 5.048, 5.049, 5.056, 5.049, 5.047, 5.048]","[0.995, 0.991, 0.987, 0.984, 0.975, 0.967, 0.965, 0.965, 0.97, 0.96, 0.958, 0.959, 0.968, 0.957, 0.955, 0.957, 0.967, 0.955, 0.953, 0.954, 0.965, 0.953, 0.95, 0.952, 0.963, 0.951, 0.948, 0.95, 0.962, 0.95, 0.947, 0.949]","[3.847, 7.615, 11.359, 15.063, 2.424, 5.894, 9.425, 13.087, 1.789, 5.113, 8.511, 12.152, 1.433, 4.675, 7.986, 11.587, 1.004, 4.182, 7.416, 10.986, 0.575, 3.718, 6.866, 10.387, 0.307, 3.413, 6.471, 9.915, 0.119, 3.187, 6.179, 9.542]","[1.0, 0.999, 0.998, 0.997, 0.997, 0.996, 0.995, 0.994, 0.993, 0.992, 0.991, 0.99, 0.99, 0.989, 0.988, 0.987, 0.986, 0.985, 0.984, 0.984, 0.983, 0.982, 0.981, 0.98, 0.979, 0.978, 0.977, 0.977, 0.976, 0.975, 0.974, 0.973]","[0.0, 0.0, 0.0, 1.0, 0.0, 0.0, 0.0, 1.0, 0.0, 0.0, 0.0, 1.0, 0.0, 0.0, 0.0, 1.0, 0.0, 0.0, 0.0, 1.0, 0.0, 0.0, 0.0, 1.0, 0.0, 0.0, 0.0, 1.0, 0.0, 0.0, 0.0, 1.0]"
8,2506752,1196.677,1000.000,0.000,1000,1000,3890.466,205.446,3447.237,4417.377,1251.140,1000.000,0.000,1000.000,1000.000,3921.066,306.236,1299.538,4577.341,60.586,0.000,425.750,0.001,0.000,0.204,1.022,0.000,1.277,0.000,0.000,0.981,0.978,118.341,37.396,62.497,396.666,16.328,"[5.073, 5.07, 5.068, 5.067, 5.062, 5.058, 5.057, 5.056, 5.06, 5.054, 5.053, 5.053, 5.059, 5.053, 5.051, 5.052, 5.058, 5.052, 5.05, 5.051, 5.057, 5.051, 5.049, 5.049, 5.056, 5.05, 5.048, 5.048, 5.055, 5.049, 5.047, 5.047]","[0.995, 0.991, 0.987, 0.984, 0.975, 0.967, 0.965, 0.965, 0.97, 0.96, 0.958, 0.959, 0.968, 0.957, 0.955, 0.956, 0.966, 0.955, 0.952, 0.954, 0.964, 0.953, 0.95, 0.951, 0.962, 0.951, 0.948, 0.949, 0.961, 0.949, 0.946, 0.948]","[3.918, 7.796, 11.617, 15.399, 2.461, 5.976, 9.565, 13.285, 1.81, 5.175, 8.635, 12.317, 1.435, 4.72, 8.095, 11.743, 0.973, 4.211, 7.514, 11.118, 0.509, 3.728, 6.931, 10.484, 0.212, 3.407, 6.522, 9.995, 0.008, 3.162, 6.209, 9.605]","[1.0, 0.999, 0.998, 0.997, 0.997, 0.996, 0.995, 0.994, 0.993, 0.992, 0.991, 0.99, 0.99, 0.989, 0.988, 0.987, 0.986, 0.985, 0.984, 0.984, 0.983, 0.982, 0.981, 0.98, 0.979, 0.978, 0.977, 0.977, 0.976, 0.975, 0.974, 0.973]","[0.0, 0.0, 0.0, 1.0, 0.0, 0.0, 0.0, 1.0, 0.0, 0.0, 0.0, 1.0, 0.0, 0.0, 0.0, 1.0, 0.0, 0.0, 0.0, 1.0, 0.0, 0.0, 0.0, 1.0, 0.0, 0.0, 0.0, 1.0, 0.0, 0.0, 0.0, 1.0]"
8,2654208,1197.053,1000.000,0.000,1000,1000,3940.951,193.839,3302.618,4492.680,1251.438,1000.000,0.000,1000.000,1000.000,3985.593,200.664,3432.938,4428.973,61.939,0.000,421.250,0.001,0.000,0.206,1.029,0.000,1.263,0.000,0.000,0.851,0.848,120.444,37.408,62.865,402.654,16.511,"[5.073, 5.07, 5.068, 5.067, 5.062, 5.058, 5.057, 5.056, 5.06, 5.054, 5.053, 5.053, 5.058, 5.053, 5.051, 5.052, 5.057, 5.051, 5.05, 5.05, 5.056, 5.05, 5.048, 5.049, 5.055, 5.048, 5.047, 5.048, 5.054, 5.047, 5.046, 5.047]","[0.995, 0.991, 0.987, 0.984, 0.975, 0.967, 0.965, 0.965, 0.97, 0.96, 0.957, 0.959, 0.967, 0.957, 0.954, 0.956, 0.965, 0.954, 0.951, 0.953, 0.963, 0.951, 0.948, 0.95, 0.961, 0.949, 0.946, 0.948, 0.959, 0.947, 0.944, 0.946]","[3.988, 7.904, 11.787, 15.621, 2.458, 6.045, 9.686, 13.472, 1.786, 5.228, 8.749, 12.499, 1.4, 4.757, 8.194, 11.905, 0.909, 4.199, 7.558, 11.232, 0.42, 3.68, 6.953, 10.575, 0.103, 3.326, 6.503, 10.052, -0.112, 3.069, 6.164, 9.635]","[1.0, 0.999, 0.998, 0.997, 0.997, 0.996, 0.995, 0.994, 0.993, 0.992, 0.991, 0.99, 0.99, 0.989, 0.988, 0.987, 0.986, 0.985, 0.984, 0.984, 0.983, 0.982, 0.981, 0.98, 0.979, 0.978, 0.977, 0.977, 0.976, 0.975, 0.974, 0.973]","[0.0, 0.0, 0.0, 1.0, 0.0, 0.0, 0.0, 1.0, 0.0, 0.0, 0.0, 1.0, 0.0, 0.0, 0.0, 1.0, 0.0, 0.0, 0.0, 1.0, 0.0, 0.0, 0.0, 1.0, 0.0, 0.0, 0.0, 1.0, 0.0, 0.0, 0.0, 1.0]"
8,2801664,1197.399,1000.000,0.000,1000,1000,4000.530,199.810,3465.020,4461.829,1251.022,1000.000,0.000,1000.000,1000.000,4016.154,196.899,3293.888,4548.025,64.882,0.000,416.750,0.001,0.000,0.209,1.044,0.000,1.250,0.000,0.000,0.709,0.706,121.514,37.419,65.987,406.354,16.933,"[5.073, 5.07, 5.069, 5.067, 5.062, 5.058, 5.057, 5.057, 5.059, 5.054, 5.053, 5.054, 5.058, 5.053, 5.051, 5.052, 5.057, 5.051, 5.05, 5.051, 5.056, 5.05, 5.049, 5.049, 5.055, 5.049, 5.047, 5.048, 5.054, 5.048, 5.046, 5.047]","[0.995, 0.991, 0.987, 0.984, 0.974, 0.967, 0.965, 0.965, 0.969, 0.96, 0.958, 0.959, 0.967, 0.957, 0.955, 0.956, 0.965, 0.954, 0.952, 0.954, 0.963, 0.952, 0.949, 0.951, 0.961, 0.949, 0.947, 0.949, 0.959, 0.947, 0.945, 0.947]","[4.001, 7.932, 11.812, 15.661, 2.395, 6.016, 9.676, 13.461, 1.711, 5.181, 8.707, 12.459, 1.318, 4.699, 8.156, 11.868, 0.825, 4.143, 7.518, 11.204, 0.331, 3.628, 6.92, 10.555, 0.001, 3.269, 6.463, 10.02, -0.223, 2.999, 6.111, 9.595]","[1.0, 0.999, 0.998, 0.997, 0.997, 0.996, 0.995, 0.994, 0.993, 0.992, 0.991, 0.99, 0.99, 0.989, 0.988, 0.987, 0.986, 0.985, 0.984, 0.984, 0.983, 0.982, 0.981, 0.98, 0.979, 0.978, 0.977, 0.977, 0.976, 0.975, 0.974, 0.973]","[0.0, 0.0, 0.0, 1.0, 0.0, 0.0, 0.0, 1.0, 0.0, 0.0, 0.0, 1.0, 0.0, 0.0, 0.0, 1.0, 0.0, 0.0, 0.0, 1.0, 0.0, 0.0, 0.0, 1.0, 0.0, 0.0, 0.0, 1.0, 0.0, 0.0, 0.0, 1.0]"
8,2949120,1195.012,1000.000,0.000,1000,1000,4019.996,194.574,3465.917,4492.668,1251.010,1000.000,0.000,1000.000,1000.000,4040.587,249.426,2318.625,4538.642,67.106,0.000,412.250,0.001,0.000,0.203,1.017,0.000,1.236,0.000,0.000,0.582,0.579,122.804,37.344,66.299,410.582,17.165,"[5.073, 5.07, 5.068, 5.067, 5.062, 5.058, 5.057, 5.057, 5.06, 5.055, 5.054, 5.054, 5.059, 5.053, 5.052, 5.053, 5.058, 5.052, 5.051, 5.051, 5.057, 5.051, 5.049, 5.05, 5.056, 5.05, 5.048, 5.049, 5.055, 5.049, 5.047, 5.048]","[0.995, 0.99, 0.987, 0.984, 0.975, 0.968, 0.966, 0.965, 0.97, 0.961, 0.959, 0.96, 0.968, 0.958, 0.956, 0.957, 0.966, 0.956, 0.954, 0.955, 0.964, 0.953, 0.951, 0.953, 0.962, 0.951, 0.949, 0.95, 0.96, 0.949, 0.947, 0.949]","[4.042, 7.997, 11.913, 15.779, 2.377, 5.986, 9.645, 13.434, 1.665, 5.106, 8.618, 12.365, 1.273, 4.619, 8.039, 11.741, 0.767, 4.043, 7.385, 11.036, 0.257, 3.5, 6.756, 10.331, -0.077, 3.12, 6.27, 9.755, -0.305, 2.833, 5.91, 9.316]","[1.0, 0.998, 0.997, 0.995, 0.993, 0.991, 0.99, 0.988, 0.986, 0.984, 0.983, 0.981, 0.979, 0.977, 0.976, 0.974, 0.972, 0.97, 0.969, 0.967, 0.965, 0.964, 0.962, 0.96, 0.958, 0.957, 0.955, 0.953, 0.951, 0.95, 0.948, 0.946]","[0.0, 0.0, 0.0, 1.0, 0.0, 0.0, 0.0, 1.0, 0.0, 0.0, 0.0, 1.0, 0.0, 0.0, 0.0, 1.0, 0.0, 0.0, 0.0, 1.0, 0.0, 0.0, 0.0, 1.0, 0.0, 0.0, 0.0, 1.0, 0.0, 0.0, 0.0, 1.0]"
9,147456,779.350,1000.000,0.000,1000,1000,504.072,110.482,36.510,833.384,865.754,1000.000,0.000,1000.000,1000.000,579.960,95.387,318.545,855.323,12.227,7.698,497.749,0.000,0.000,0.404,2.020,2.309,1.493,0.001,0.000,3.885,3.886,11.186,24.355,15.754,32.157,6.681,"[5.066, 5.057, 5.05, 5.043, 5.036, 5.029, 5.02, 5.011, 5.001, 4.99, 4.979, 4.966, 4.954, 4.94, 4.927, 4.913, 4.9, 4.887, 4.876, 4.867, 4.86, 4.856, 4.856, 4.858, 4.864, 4.872, 4.881, 4.891, 4.901, 4.909, 4.916, 4.92]","[0.981, 0.965, 0.95, 0.937, 0.924, 0.91, 0.894, 0.877, 0.86, 0.841, 0.822, 0.802, 0.782, 0.762, 0.742, 0.722, 0.704, 0.687, 0.673, 0.662, 0.656, 0.654, 0.656, 0.663, 0.674, 0.687, 0.701, 0.715, 0.728, 0.739, 0.747, 0.751]","[0.481, 0.846, 1.16, 1.449, 1.718, 1.964, 2.181, 2.375, 2.551, 2.714, 2.864, 2.998, 3.119, 3.228, 3.321, 3.396, 3.447, 3.468, 3.454, 3.404, 3.298, 3.146, 2.953, 2.72, 2.456, 2.186, 1.926, 1.679, 1.477, 1.296, 1.158, 1.048]","[1.0, 0.999, 0.998, 0.997, 0.997, 0.996, 0.995, 0.994, 0.993, 0.992, 0.991, 0.99, 0.99, 0.989, 0.988, 0.987, 0.986, 0.985, 0.984, 0.984, 0.983, 0.982, 0.981, 0.98, 0.979, 0.978, 0.977, 0.977, 0.976, 0.975, 0.974, 0.973]","[0.0, 0.0, 0.0, 0.0, 0.0, 0.0, 0.0, 0.0, 0.0, 0.0, 0.001, 0.001, 0.001, 0.003, 0.005, 0.007, 0.011, 0.017, 0.024, 0.033, 0.042, 0.051, 0.06, 0.067, 0.073, 0.072, 0.072, 0.069, 0.065, 0.059, 0.052, 0.046]"
9,294912,1097.728,1000.000,0.000,1000,1000,660.797,98.214,330.912,928.811,1154.817,1000.000,0.000,1000.000,1000.000,1158.766,147.673,775.904,1548.717,16.311,3.213,493.249,0.000,0.000,0.324,1.619,0.963,1.480,0.001,0.000,3.848,3.849,17.066,34.304,21.070,59.433,7.834,"[5.067, 5.059, 5.051, 5.045, 5.038, 5.031, 5.024, 5.016, 5.007, 4.998, 4.989, 4.979, 4.969, 4.958, 4.947, 4.936, 4.925, 4.914, 4.904, 4.894, 4.886, 4.879, 4.873, 4.868, 4.867, 4.866, 4.869, 4.873, 4.879, 4.886, 4.894, 4.902]","[0.983, 0.968, 0.953, 0.94, 0.928, 0.915, 0.901, 0.886, 0.87, 0.854, 0.838, 0.821, 0.804, 0.786, 0.769, 0.752, 0.736, 0.72, 0.705, 0.693, 0.682, 0.673, 0.667, 0.664, 0.664, 0.667, 0.673, 0.681, 0.692, 0.703, 0.715, 0.727]","[0.68, 1.223, 1.721, 2.204, 2.675, 3.121, 3.537, 3.929, 4.31, 4.68, 5.037, 5.378, 5.708, 6.026, 6.328, 6.605, 6.858, 7.078, 7.259, 7.383, 7.463, 7.467, 7.424, 7.309, 7.112, 6.868, 6.552, 6.188, 5.81, 5.418, 5.016, 4.642]","[1.0, 0.999, 0.998, 0.997, 0.997, 0.996, 0.995, 0.994, 0.993, 0.992, 0.991, 0.99, 0.99, 0.989, 0.988, 0.987, 0.986, 0.985, 0.984, 0.984, 0.983, 0.982, 0.981, 0.98, 0.979, 0.978, 0.977, 0.977, 0.976, 0.975, 0.974, 0.973]","[0.0, 0.0, 0.0, 0.0, 0.0, 0.0, 0.0, 0.0, 0.0, 0.0, 0.001, 0.001, 0.001, 0.002, 0.003, 0.004, 0.007, 0.009, 0.013, 0.017, 0.023, 0.027, 0.033, 0.039, 0.045, 0.051, 0.056, 0.059, 0.061, 0.062, 0.06, 0.059]"
9,442368,1098.891,1000.000,0.000,1000,1000,1361.461,169.281,923.093,1777.056,1152.298,1000.000,0.000,1000.000,1000.000,2455.974,253.377,576.041,2957.488,21.393,0.490,488.749,0.000,0.000,0.495,2.473,0.147,1.466,0.000,0.000,3.640,3.641,39.099,34.340,58.550,122.318,14.417,"[5.058, 5.042, 5.028, 5.014, 5.002, 4.989, 4.975, 4.96, 4.946, 4.931, 4.916, 4.903, 4.889, 4.878, 4.867, 4.859, 4.854, 4.853, 4.853, 4.857, 4.862, 4.867, 4.873, 4.877, 4.881, 4.883, 4.884, 4.884, 4.882, 4.88, 4.877, 4.875]","[0.967, 0.937, 0.91, 0.886, 0.865, 0.843, 0.821, 0.799, 0.776, 0.754, 0.733, 0.714, 0.695, 0.68, 0.667, 0.657, 0.652, 0.652, 0.654, 0.659, 0.667, 0.675, 0.683, 0.689, 0.693, 0.696, 0.697, 0.696, 0.693, 0.69, 0.687, 0.683]","[1.639, 3.028, 4.332, 5.592, 6.815, 7.991, 9.112, 10.192, 11.24, 12.251, 13.215, 14.115, 14.922, 15.59, 16.096, 16.368, 16.372, 16.029, 15.44, 14.547, 13.469, 12.309, 11.131, 10.054, 9.11, 8.336, 7.714, 7.29, 7.026, 6.888, 6.817, 6.799]","[1.0, 0.999, 0.998, 0.997, 0.997, 0.996, 0.995, 0.994, 0.993, 0.992, 0.991, 0.99, 0.99, 0.989, 0.988, 0.987, 0.986, 0.985, 0.984, 0.984, 0.983, 0.982, 0.981, 0.98, 0.979, 0.978, 0.977, 0.977, 0.976, 0.975, 0.974, 0.973]","[0.0, 0.0, 0.0, 0.0, 0.0, 0.0, 0.001, 0.002, 0.003, 0.006, 0.009, 0.013, 0.019, 0.025, 0.036, 0.046, 0.057, 0.064, 0.073, 0.077, 0.078, 0.077, 0.073, 0.068, 0.063, 0.059, 0.053, 0.05, 0.049, 0.049, 0.049, 0.05]"
9,589824,1099.031,1000.000,0.000,1000,1000,2449.896,193.654,1993.970,2895.871,1155.081,1000.000,0.000,1000.000,1000.000,3040.542,161.501,2610.372,3428.447,26.175,0.051,484.249,0.000,0.000,0.470,2.348,0.015,1.452,0.000,0.000,3.255,3.255,74.979,34.345,64.128,235.130,14.658,"[5.064, 5.054, 5.044, 5.036, 5.027, 5.018, 5.008, 4.998, 4.987, 4.976, 4.964, 4.952, 4.94, 4.927, 4.915, 4.902, 4.889, 4.876, 4.864, 4.853, 4.844, 4.836, 4.831, 4.828, 4.828, 4.83, 4.834, 4.841, 4.849, 4.858, 4.867, 4.875]","[0.978, 0.959, 0.942, 0.927, 0.912, 0.897, 0.881, 0.865, 0.848, 0.832, 0.815, 0.798, 0.781, 0.763, 0.746, 0.729, 0.712, 0.697, 0.682, 0.669, 0.658, 0.65, 0.644, 0.642, 0.643, 0.647, 0.653, 0.663, 0.673, 0.684, 0.696, 0.706]","[2.883, 5.394, 7.824, 10.176, 12.471, 14.701, 16.869, 18.991, 21.082, 23.146, 25.188, 27.204, 29.203, 31.178, 33.121, 35.029, 36.891, 38.677, 40.348, 41.833, 43.068, 44.014, 44.569, 44.668, 44.207, 43.265, 41.846, 39.912, 37.663, 35.103, 32.456, 29.854]","[1.0, 0.999, 0.998, 0.997, 0.997, 0.996, 0.995, 0.994, 0.993, 0.992, 0.991, 0.99, 0.99, 0.989, 0.988, 0.987, 0.986, 0.985, 0.984, 0.984, 0.983, 0.982, 0.981, 0.98, 0.979, 0.978, 0.977, 0.977, 0.976, 0.975, 0.974, 0.973]","[0.0, 0.0, 0.0, 0.0, 0.0, 0.0, 0.0, 0.0, 0.0, 0.0, 0.001, 0.001, 0.001, 0.001, 0.002, 0.003, 0.005, 0.008, 0.012, 0.018, 0.024, 0.031, 0.039, 0.048, 0.054, 0.06, 0.066, 0.069, 0.07, 0.069, 0.066, 0.062]"
9,737280,1099.245,1000.000,0.000,1000,1000,3034.064,163.987,2641.417,3413.292,1152.342,1000.000,0.000,1000.000,1000.000,3524.619,161.942,3173.990,3930.696,29.933,0.007,479.749,0.000,0.000,0.314,1.571,0.002,1.439,0.000,0.000,2.980,2.980,97.315,34.351,56.469,306.813,15.005,"[5.068, 5.062, 5.056, 5.051, 5.045, 5.039, 5.033, 5.026, 5.019, 5.012, 5.004, 4.996, 4.988, 4.979, 4.97, 4.961, 4.951, 4.941, 4.931, 4.921, 4.911, 4.9, 4.89, 4.879, 4.868, 4.858, 4.848, 4.839, 4.83, 4.824, 4.819, 4.817]","[0.987, 0.975, 0.964, 0.954, 0.944, 0.934, 0.923, 0.913, 0.901, 0.89, 0.878, 0.865, 0.853, 0.84, 0.826, 0.813, 0.799, 0.785, 0.772, 0.758, 0.744, 0.73, 0.716, 0.703, 0.69, 0.678, 0.666, 0.656, 0.647, 0.641, 0.637, 0.636]","[3.516, 6.626, 9.663, 12.624, 15.52, 18.364, 21.172, 23.938, 26.668, 29.377, 32.067, 34.735, 37.379, 40.005, 42.61, 45.197, 47.773, 50.325, 52.858, 55.376, 57.872, 60.34, 62.78, 65.178, 67.487, 69.683, 71.737, 73.592, 75.123, 76.225, 76.817, 76.776]","[1.0, 0.999, 0.998, 0.997, 0.997, 0.996, 0.995, 0.994, 0.993, 0.992, 0.991, 0.99, 0.99, 0.989, 0.988, 0.987, 0.986, 0.985, 0.984, 0.984, 0.983, 0.982, 0.981, 0.98, 0.979, 0.978, 0.977, 0.977, 0.976, 0.975, 0.974, 0.973]","[0.0, 0.0, 0.0, 0.0, 0.0, 0.0, 0.0, 0.0, 0.001, 0.001, 0.001, 0.001, 0.001, 0.001, 0.001, 0.001, 0.001, 0.001, 0.001, 0.002, 0.002, 0.002, 0.003, 0.004, 0.006, 0.007, 0.01, 0.014, 0.019, 0.025, 0.031, 0.038]"
9,884736,1098.644,1000.000,0.000,1000,1000,3378.743,327.438,342.366,3866.942,1151.378,1000.000,0.000,1000.000,1000.000,3831.079,155.436,3450.281,4179.558,33.403,0.001,475.249,0.000,0.000,0.239,1.196,0.000,1.425,0.000,0.000,2.767,2.767,111.927,34.333,53.968,351.526,16.462,"[5.071, 5.066, 5.062, 5.057, 5.053, 5.049, 5.044, 5.039, 5.034, 5.028, 5.023, 5.017, 5.01, 5.003, 4.996, 4.989, 4.982, 4.974, 4.966, 4.957, 4.949, 4.941, 4.932, 4.923, 4.914, 4.904, 4.895, 4.886, 4.876, 4.867, 4.857, 4.848]","[0.991, 0.982, 0.974, 0.966, 0.959, 0.951, 0.943, 0.935, 0.926, 0.917, 0.908, 0.898, 0.888, 0.877, 0.867, 0.856, 0.844, 0.833, 0.821, 0.809, 0.797, 0.785, 0.773, 0.761, 0.749, 0.737, 0.725, 0.713, 0.702, 0.69, 0.679, 0.669]","[3.973, 7.5, 10.957, 14.361, 17.702, 20.992, 24.237, 27.452, 30.643, 33.809, 36.954, 40.077, 43.174, 46.251, 49.309, 52.351, 55.373, 58.376, 61.363, 64.341, 67.302, 70.246, 73.174, 76.076, 78.967, 81.83, 84.664, 87.444, 90.195, 92.864, 95.441, 97.885]","[1.0, 0.999, 0.998, 0.997, 0.997, 0.996, 0.995, 0.994, 0.993, 0.992, 0.991, 0.99, 0.99, 0.989, 0.988, 0.987, 0.986, 0.985, 0.984, 0.984, 0.983, 0.982, 0.981, 0.98, 0.979, 0.978, 0.977, 0.977, 0.976, 0.975, 0.974, 0.973]","[0.0, 0.0, 0.0, 0.0, 0.0, 0.0, 0.0, 0.0, 0.0, 0.0, 0.0, 0.0, 0.0, 0.0, 0.0, 0.0, 0.0, 0.0, 0.0, 0.0, 0.0, 0.0, 0.001, 0.001, 0.001, 0.001, 0.002, 0.002, 0.003, 0.004, 0.005, 0.007]"
9,1032192,1098.993,1000.000,0.000,1000,1000,3815.969,199.741,3212.675,4313.405,1152.373,1000.000,0.000,1000.000,1000.000,4126.448,170.522,3526.667,4553.742,35.220,0.000,470.749,0.000,0.000,0.201,1.005,0.000,1.412,0.000,0.000,2.566,2.565,123.170,34.344,52.172,385.012,13.596,"[5.071, 5.067, 5.063, 5.06, 5.056, 5.052, 5.048, 5.044, 5.04, 5.035, 5.03, 5.025, 5.02, 5.014, 5.009, 5.002, 4.996, 4.99, 4.983, 4.976, 4.969, 4.962, 4.954, 4.947, 4.939, 4.931, 4.923, 4.915, 4.907, 4.898, 4.89, 4.881]","[0.992, 0.984, 0.977, 0.971, 0.964, 0.957, 0.951, 0.944, 0.936, 0.929, 0.921, 0.912, 0.904, 0.895, 0.886, 0.876, 0.866, 0.856, 0.846, 0.836, 0.826, 0.815, 0.805, 0.794, 0.784, 0.773, 0.762, 0.752, 0.741, 0.73, 0.72, 0.709]","[4.273, 8.081, 11.83, 15.524, 19.161, 22.75, 26.297, 29.82, 33.311, 36.78, 40.228, 43.657, 47.058, 50.441, 53.802, 57.144, 60.468, 63.777, 67.069, 70.346, 73.61, 76.859, 80.092, 83.311, 86.513, 89.698, 92.861, 96.005, 99.114, 102.208, 105.272, 108.298]","[1.0, 0.998, 0.997, 0.995, 0.993, 0.991, 0.99, 0.988, 0.986, 0.984, 0.983, 0.981, 0.979, 0.977, 0.976, 0.974, 0.972, 0.97, 0.969, 0.967, 0.965, 0.964, 0.962, 0.96, 0.958, 0.957, 0.955, 0.953, 0.951, 0.95, 0.948, 0.946]","[0.0, 0.0, 0.0, 0.0, 0.0, 0.0, 0.0, 0.0, 0.0, 0.0, 0.0, 0.0, 0.0, 0.0, 0.0, 0.0, 0.0, 0.0, 0.0, 0.0, 0.0, 0.0, 0.0, 0.0, 0.0, 0.0, 0.0, 0.001, 0.001, 0.001, 0.001, 0.001]"
9,1179648,1098.709,1000.000,0.000,1000,1000,4229.527,167.119,3783.311,4654.312,1151.767,1000.000,0.000,1000.000,1000.000,4392.231,147.675,4009.179,4749.654,34.283,0.000,466.249,0.000,0.000,0.197,0.987,0.000,1.398,0.000,0.000,2.381,2.381,132.801,34.335,47.774,416.018,13.052,"[5.071, 5.067, 5.064, 5.06, 5.057, 5.053, 5.05, 5.046, 5.041, 5.037, 5.032, 5.027, 5.022, 5.016, 5.01, 5.004, 4.998, 4.991, 4.985, 4.978, 4.97, 4.963, 4.956, 4.948, 4.94, 4.932, 4.924, 4.916, 4.907, 4.899, 4.89, 4.881]","[0.993, 0.985, 0.978, 0.972, 0.966, 0.96, 0.953, 0.946, 0.939, 0.932, 0.924, 0.916, 0.907, 0.898, 0.889, 0.879, 0.87, 0.86, 0.85, 0.839, 0.829, 0.819, 0.808, 0.797, 0.787, 0.776, 0.765, 0.754, 0.743, 0.732, 0.721, 0.711]","[4.656, 8.821, 12.927, 16.986, 20.996, 24.954, 28.871, 32.763, 36.629, 40.474, 44.295, 48.092, 51.867, 55.625, 59.366, 63.09, 66.796, 70.486, 74.165, 77.832, 81.489, 85.13, 88.755, 92.365, 95.967, 99.549, 103.115, 106.661, 110.177, 113.678, 117.146, 120.585]","[1.0, 0.999, 0.998, 0.997, 0.997, 0.996, 0.995, 0.994, 0.993, 0.992, 0.991, 0.99, 0.99, 0.989, 0.988, 0.987, 0.986, 0.985, 0.984, 0.984, 0.983, 0.982, 0.981, 0.98, 0.979, 0.978, 0.977, 0.977, 0.976, 0.975, 0.974, 0.973]","[0.0, 0.0, 0.0, 0.0, 0.0, 0.0, 0.0, 0.0, 0.0, 0.0, 0.0, 0.0, 0.0, 0.0, 0.0, 0.0, 0.0, 0.0, 0.0, 0.0, 0.0, 0.0, 0.0, 0.0, 0.0, 0.0, 0.0, 0.001, 0.001, 0.001, 0.001, 0.002]"
9,1327104,1098.117,1000.000,0.000,1000,1000,4416.179,145.163,3997.797,4726.489,1152.417,1000.000,0.000,1000.000,1000.000,4653.559,155.524,4254.195,5056.458,32.405,0.000,461.749,0.000,0.000,0.197,0.985,0.000,1.385,0.000,0.000,2.191,2.190,141.097,34.316,44.555,442.835,12.644,"[5.071, 5.067, 5.064, 5.06, 5.057, 5.053, 5.05, 5.046, 5.042, 5.037, 5.033, 5.028, 5.022, 5.017, 5.011, 5.005, 4.999, 4.993, 4.986, 4.979, 4.972, 4.965, 4.957, 4.949, 4.941, 4.933, 4.925, 4.916, 4.908, 4.899, 4.89, 4.881]","[0.993, 0.985, 0.978, 0.972, 0.966, 0.96, 0.953, 0.946, 0.939, 0.932, 0.925, 0.917, 0.908, 0.899, 0.89, 0.881, 0.871, 0.862, 0.852, 0.841, 0.831, 0.82, 0.81, 0.799, 0.788, 0.777, 0.766, 0.755, 0.744, 0.733, 0.722, 0.711]","[4.942, 9.352, 13.719, 18.032, 22.302, 26.534, 30.729, 34.892, 39.031, 43.149, 47.247, 51.326, 55.386, 59.429, 63.451, 67.46, 71.454, 75.434, 79.401, 83.352, 87.291, 91.218, 95.129, 99.021, 102.9, 106.763, 110.608, 114.44, 118.24, 121.991, 125.718, 129.381]","[1.0, 0.999, 0.998, 0.997, 0.997, 0.996, 0.995, 0.994, 0.993, 0.992, 0.991, 0.99, 0.99, 0.989, 0.988, 0.987, 0.986, 0.985, 0.984, 0.984, 0.983, 0.982, 0.981, 0.98, 0.979, 0.978, 0.977, 0.977, 0.976, 0.975, 0.974, 0.973]","[0.0, 0.0, 0.0, 0.0, 0.0, 0.0, 0.0, 0.0, 0.0, 0.0, 0.0, 0.0, 0.0, 0.0, 0.0, 0.0, 0.0, 0.0, 0.0, 0.0, 0.0, 0.0, 0.0, 0.0, 0.0, 0.0, 0.0, 0.0, 0.001, 0.001, 0.001, 0.002]"
9,1474560,1099.097,1000.000,0.000,1000,1000,4652.006,141.913,4147.607,5016.820,1151.846,1000.000,0.000,1000.000,1000.000,4861.039,159.126,4485.856,5208.932,31.140,0.000,457.249,0.000,0.000,0.202,1.010,0.000,1.371,0.000,0.000,2.004,2.004,148.652,34.347,41.751,468.801,13.257,"[5.071, 5.067, 5.064, 5.06, 5.057, 5.053, 5.05, 5.046, 5.042, 5.037, 5.033, 5.028, 5.023, 5.017, 5.012, 5.006, 5.0, 4.993, 4.987, 4.98, 4.973, 4.965, 4.958, 4.95, 4.942, 4.934, 4.926, 4.917, 4.909, 4.9, 4.891, 4.882]","[0.993, 0.985, 0.978, 0.972, 0.966, 0.96, 0.954, 0.947, 0.941, 0.934, 0.926, 0.919, 0.91, 0.902, 0.893, 0.884, 0.874, 0.865, 0.855, 0.845, 0.834, 0.824, 0.813, 0.802, 0.791, 0.781, 0.769, 0.758, 0.747, 0.736, 0.725, 0.715]","[5.212, 9.89, 14.513, 19.078, 23.607, 28.086, 32.537, 36.958, 41.359, 45.736, 50.094, 54.424, 58.738, 63.026, 67.296, 71.554, 75.794, 80.012, 84.217, 88.401, 92.57, 96.73, 100.862, 104.989, 109.084, 113.17, 117.209, 121.23, 125.223, 129.164, 133.059, 136.89]","[1.0, 0.999, 0.998, 0.997, 0.997, 0.996, 0.995, 0.994, 0.993, 0.992, 0.991, 0.99, 0.99, 0.989, 0.988, 0.987, 0.986, 0.985, 0.984, 0.984, 0.983, 0.982, 0.981, 0.98, 0.979, 0.978, 0.977, 0.977, 0.976, 0.975, 0.974, 0.973]","[0.0, 0.0, 0.0, 0.001, 0.001, 0.001, 0.001, 0.001, 0.001, 0.001, 0.001, 0.001, 0.002, 0.002, 0.002, 0.002, 0.002, 0.002, 0.002, 0.002, 0.002, 0.002, 0.002, 0.002, 0.002, 0.003, 0.003, 0.003, 0.003, 0.003, 0.004, 0.004]"
9,1622016,1097.293,1000.000,0.000,1000,1000,4853.722,245.043,2746.699,5288.189,1152.463,1000.000,0.000,1000.000,1000.000,5037.704,136.907,4646.434,5360.097,30.736,0.000,452.749,0.000,0.000,0.195,0.973,0.000,1.358,0.000,0.000,1.820,1.819,156.557,34.290,39.620,492.813,13.652,"[5.072, 5.068, 5.065, 5.062, 5.059, 5.055, 5.052, 5.048, 5.044, 5.04, 5.036, 5.032, 5.027, 5.021, 5.016, 5.01, 5.004, 4.998, 4.992, 4.985, 4.978, 4.972, 4.964, 4.957, 4.949, 4.942, 4.934, 4.926, 4.917, 4.909, 4.9, 4.892]","[0.993, 0.986, 0.98, 0.975, 0.969, 0.963, 0.958, 0.952, 0.945, 0.939, 0.932, 0.924, 0.917, 0.908, 0.9, 0.891, 0.882, 0.873, 0.863, 0.854, 0.844, 0.834, 0.824, 0.813, 0.803, 0.792, 0.782, 0.771, 0.76, 0.749, 0.739, 0.728]","[5.451, 10.356, 15.22, 20.021, 24.776, 29.499, 34.186, 38.84, 43.464, 48.069, 52.654, 57.221, 61.766, 66.29, 70.796, 75.284, 79.759, 84.219, 88.663, 93.092, 97.51, 101.911, 106.295, 110.67, 115.02, 119.356, 123.673, 127.966, 132.224, 136.467, 140.678, 144.847]","[1.0, 0.999, 0.998, 0.997, 0.997, 0.996, 0.995, 0.994, 0.993, 0.992, 0.991, 0.99, 0.99, 0.989, 0.988, 0.987, 0.986, 0.985, 0.984, 0.984, 0.983, 0.982, 0.981, 0.98, 0.979, 0.978, 0.977, 0.977, 0.976, 0.975, 0.974, 0.973]","[0.0, 0.0, 0.0, 0.0, 0.0, 0.0, 0.0, 0.0, 0.0, 0.0, 0.0, 0.0, 0.0, 0.0, 0.0, 0.0, 0.0, 0.0, 0.0, 0.0, 0.0, 0.0, 0.0, 0.0, 0.0, 0.0, 0.0, 0.001, 0.001, 0.001, 0.001, 0.001]"
9,1769472,1098.266,1000.000,0.000,1000,1000,5007.665,143.745,4685.391,5309.418,1151.545,1000.000,0.000,1000.000,1000.000,5219.957,126.356,4850.750,5474.650,28.652,0.000,448.249,0.000,0.000,0.197,0.984,0.000,1.344,0.000,0.000,1.641,1.640,163.018,34.321,34.722,512.861,11.255,"[5.072, 5.068, 5.064, 5.061, 5.058, 5.055, 5.051, 5.047, 5.043, 5.039, 5.035, 5.03, 5.025, 5.02, 5.014, 5.009, 5.002, 4.996, 4.989, 4.982, 4.975, 4.968, 4.961, 4.953, 4.945, 4.937, 4.928, 4.92, 4.911, 4.902, 4.893, 4.884]","[0.993, 0.986, 0.979, 0.974, 0.968, 0.962, 0.956, 0.95, 0.943, 0.937, 0.93, 0.922, 0.914, 0.906, 0.897, 0.888, 0.879, 0.869, 0.859, 0.849, 0.839, 0.828, 0.818, 0.807, 0.796, 0.785, 0.774, 0.763, 0.751, 0.74, 0.729, 0.718]","[5.671, 10.775, 15.829, 20.83, 25.791, 30.71, 35.601, 40.465, 45.305, 50.122, 54.917, 59.694, 64.446, 69.181, 73.898, 78.599, 83.285, 87.955, 92.609, 97.248, 101.875, 106.49, 111.087, 115.667, 120.226, 124.756, 129.275, 133.773, 138.231, 142.67, 147.054, 151.377]","[1.0, 0.999, 0.998, 0.997, 0.997, 0.996, 0.995, 0.994, 0.993, 0.992, 0.991, 0.99, 0.99, 0.989, 0.988, 0.987, 0.986, 0.985, 0.984, 0.984, 0.983, 0.982, 0.981, 0.98, 0.979, 0.978, 0.977, 0.977, 0.976, 0.975, 0.974, 0.973]","[0.0, 0.0, 0.0, 0.0, 0.0, 0.0, 0.0, 0.0, 0.0, 0.0, 0.0, 0.0, 0.0, 0.0, 0.0, 0.0, 0.0, 0.0, 0.0, 0.0, 0.0, 0.0, 0.0, 0.0, 0.0, 0.0, 0.0, 0.001, 0.001, 0.001, 0.001, 0.002]"
9,1916928,1099.908,1000.000,0.000,1000,1000,5176.676,144.187,4762.073,5489.645,1152.323,1000.000,0.000,1000.000,1000.000,5379.253,131.196,5050.969,5739.604,27.397,0.000,443.749,0.000,0.000,0.198,0.989,0.000,1.331,0.000,0.000,1.460,1.459,168.572,34.372,31.280,532.245,10.487,"[5.072, 5.068, 5.065, 5.062, 5.059, 5.056, 5.052, 5.049, 5.045, 5.041, 5.036, 5.032, 5.027, 5.022, 5.016, 5.01, 5.004, 4.997, 4.991, 4.984, 4.976, 4.969, 4.961, 4.953, 4.945, 4.937, 4.928, 4.92, 4.911, 4.902, 4.893, 4.884]","[0.993, 0.986, 0.98, 0.975, 0.969, 0.964, 0.958, 0.952, 0.946, 0.939, 0.932, 0.925, 0.917, 0.909, 0.9, 0.891, 0.881, 0.872, 0.862, 0.851, 0.841, 0.83, 0.819, 0.808, 0.797, 0.786, 0.775, 0.764, 0.752, 0.741, 0.73, 0.719]","[5.879, 11.178, 16.432, 21.637, 26.806, 31.937, 37.028, 42.09, 47.124, 52.139, 57.131, 62.103, 67.047, 71.975, 76.881, 81.767, 86.639, 91.494, 96.333, 101.163, 105.977, 110.771, 115.548, 120.313, 125.058, 129.775, 134.466, 139.121, 143.748, 148.335, 152.871, 157.342]","[1.0, 0.999, 0.998, 0.997, 0.997, 0.996, 0.995, 0.994, 0.993, 0.992, 0.991, 0.99, 0.99, 0.989, 0.988, 0.987, 0.986, 0.985, 0.984, 0.984, 0.983, 0.982, 0.981, 0.98, 0.979, 0.977, 0.976, 0.974, 0.972, 0.97, 0.969, 0.967]","[0.0, 0.0, 0.0, 0.0, 0.0, 0.0, 0.0, 0.0, 0.0, 0.0, 0.0, 0.0, 0.0, 0.0, 0.0, 0.0, 0.0, 0.0, 0.0, 0.0, 0.0, 0.0, 0.0, 0.0, 0.0, 0.0, 0.0, 0.001, 0.001, 0.001, 0.001, 0.002]"
9,2064384,1097.728,1000.000,0.000,1000,1000,5393.751,127.022,5008.385,5774.958,1151.938,1000.000,0.000,1000.000,1000.000,5543.523,108.763,5268.871,5865.009,26.610,0.000,439.249,0.000,0.000,0.198,0.992,0.000,1.317,0.000,0.000,1.295,1.294,172.312,34.304,30.959,548.277,11.310,"[5.071, 5.067, 5.064, 5.061, 5.057, 5.054, 5.051, 5.047, 5.043, 5.039, 5.034, 5.03, 5.024, 5.019, 5.013, 5.007, 5.001, 4.995, 4.988, 4.981, 4.974, 4.966, 4.959, 4.951, 4.943, 4.935, 4.926, 4.917, 4.909, 4.9, 4.891, 4.882]","[0.993, 0.985, 0.978, 0.973, 0.967, 0.961, 0.956, 0.949, 0.943, 0.936, 0.929, 0.922, 0.914, 0.906, 0.897, 0.888, 0.879, 0.869, 0.859, 0.849, 0.838, 0.828, 0.817, 0.806, 0.796, 0.784, 0.773, 0.762, 0.751, 0.74, 0.729, 0.718]","[5.985, 11.372, 16.693, 21.965, 27.189, 32.375, 37.526, 42.641, 47.728, 52.796, 57.838, 62.855, 67.85, 72.819, 77.774, 82.704, 87.616, 92.512, 97.391, 102.258, 107.101, 111.926, 116.734, 121.513, 126.267, 131.006, 135.722, 140.424, 145.07, 149.671, 154.246, 158.744]","[1.0, 0.998, 0.997, 0.995, 0.993, 0.991, 0.99, 0.988, 0.986, 0.984, 0.983, 0.981, 0.979, 0.977, 0.976, 0.974, 0.972, 0.97, 0.969, 0.967, 0.965, 0.964, 0.962, 0.96, 0.958, 0.957, 0.957, 0.956, 0.955, 0.954, 0.953, 0.952]","[0.0, 0.0, 0.0, 0.0, 0.0, 0.0, 0.0, 0.0, 0.0, 0.0, 0.0, 0.0, 0.0, 0.0, 0.0, 0.0, 0.0, 0.0, 0.0, 0.0, 0.0, 0.0, 0.0, 0.0, 0.0, 0.0, 0.0, 0.001, 0.001, 0.001, 0.001, 0.002]"
9,2211840,1098.537,1000.000,0.000,1000,1000,5577.163,127.850,5259.209,5874.498,1152.356,1000.000,0.000,1000.000,1000.000,5636.394,139.876,5329.822,5946.922,25.880,0.000,434.749,0.000,0.000,0.199,0.995,0.000,1.304,0.000,0.000,1.132,1.131,176.909,34.329,30.301,562.312,11.568,"[5.071, 5.067, 5.064, 5.061, 5.057, 5.054, 5.051, 5.047, 5.043, 5.039, 5.035, 5.03, 5.025, 5.02, 5.014, 5.008, 5.001, 4.995, 4.988, 4.981, 4.974, 4.966, 4.958, 4.95, 4.942, 4.933, 4.925, 4.916, 4.907, 4.898, 4.888, 4.879]","[0.993, 0.985, 0.979, 0.973, 0.967, 0.962, 0.956, 0.95, 0.943, 0.937, 0.93, 0.923, 0.915, 0.906, 0.897, 0.888, 0.879, 0.869, 0.859, 0.849, 0.838, 0.827, 0.816, 0.805, 0.794, 0.783, 0.771, 0.76, 0.748, 0.737, 0.726, 0.715]","[6.19, 11.792, 17.344, 22.841, 28.294, 33.712, 39.104, 44.469, 49.801, 55.113, 60.401, 65.666, 70.91, 76.133, 81.334, 86.517, 91.683, 96.834, 101.969, 107.09, 112.196, 117.286, 122.355, 127.41, 132.43, 137.424, 142.395, 147.348, 152.266, 157.126, 161.944, 166.675]","[1.0, 0.999, 0.998, 0.997, 0.997, 0.996, 0.995, 0.994, 0.993, 0.992, 0.991, 0.99, 0.99, 0.989, 0.988, 0.987, 0.986, 0.985, 0.984, 0.984, 0.983, 0.982, 0.981, 0.98, 0.979, 0.978, 0.977, 0.977, 0.976, 0.975, 0.974, 0.973]","[0.0, 0.0, 0.0, 0.0, 0.0, 0.0, 0.0, 0.0, 0.0, 0.0, 0.0, 0.0, 0.0, 0.0, 0.0, 0.0, 0.0, 0.0, 0.0, 0.0, 0.0, 0.0, 0.0, 0.0, 0.001, 0.001, 0.001, 0.001, 0.001, 0.001, 0.002, 0.002]"
9,2359296,1099.408,1000.000,0.000,1000,1000,5684.614,120.387,5399.013,5973.958,1151.148,1000.000,0.000,1000.000,1000.000,5764.109,107.800,5445.708,6037.030,24.932,0.000,430.249,0.000,0.000,0.199,0.993,0.000,1.290,0.000,0.000,0.974,0.973,180.877,34.357,28.185,575.682,11.392,"[5.071, 5.067, 5.064, 5.061, 5.058, 5.054, 5.051, 5.048, 5.044, 5.04, 5.036, 5.031, 5.027, 5.021, 5.016, 5.01, 5.003, 4.997, 4.99, 4.983, 4.975, 4.968, 4.96, 4.952, 4.943, 4.935, 4.926, 4.917, 4.908, 4.899, 4.89, 4.88]","[0.993, 0.985, 0.979, 0.973, 0.968, 0.962, 0.957, 0.951, 0.945, 0.939, 0.932, 0.925, 0.917, 0.909, 0.9, 0.891, 0.882, 0.872, 0.862, 0.852, 0.841, 0.83, 0.819, 0.808, 0.797, 0.785, 0.774, 0.762, 0.751, 0.739, 0.728, 0.717]","[6.312, 12.025, 17.694, 23.328, 28.928, 34.491, 40.016, 45.51, 50.984, 56.436, 61.865, 67.27, 72.647, 78.0, 83.332, 88.64, 93.93, 99.203, 104.459, 109.697, 114.918, 120.122, 125.309, 130.482, 135.633, 140.762, 145.864, 150.936, 155.961, 160.968, 165.904, 170.746]","[1.0, 0.999, 0.998, 0.997, 0.997, 0.996, 0.995, 0.994, 0.993, 0.992, 0.991, 0.99, 0.99, 0.989, 0.988, 0.987, 0.986, 0.985, 0.984, 0.984, 0.983, 0.982, 0.981, 0.98, 0.979, 0.978, 0.977, 0.977, 0.976, 0.975, 0.974, 0.973]","[0.0, 0.0, 0.0, 0.0, 0.0, 0.0, 0.0, 0.0, 0.0, 0.0, 0.0, 0.0, 0.0, 0.0, 0.0, 0.0, 0.0, 0.0, 0.0, 0.0, 0.0, 0.0, 0.0, 0.001, 0.001, 0.001, 0.001, 0.001, 0.001, 0.001, 0.002, 0.002]"
9,2506752,1098.345,1000.000,0.000,1000,1000,5773.751,142.596,5277.986,6063.048,1152.835,1000.000,0.000,1000.000,1000.000,5868.403,135.382,5520.122,6168.418,24.433,0.000,425.749,0.000,0.000,0.200,0.998,0.000,1.277,0.000,0.000,0.801,0.800,185.115,34.323,26.818,587.212,10.638,"[5.072, 5.068, 5.064, 5.061, 5.058, 5.055, 5.051, 5.048, 5.044, 5.04, 5.036, 5.031, 5.026, 5.021, 5.016, 5.01, 5.003, 4.997, 4.99, 4.983, 4.976, 4.968, 4.96, 4.952, 4.944, 4.936, 4.927, 4.918, 4.909, 4.9, 4.891, 4.882]","[0.993, 0.985, 0.979, 0.973, 0.968, 0.962, 0.957, 0.951, 0.945, 0.939, 0.932, 0.925, 0.917, 0.909, 0.901, 0.892, 0.882, 0.872, 0.862, 0.852, 0.842, 0.831, 0.82, 0.809, 0.797, 0.786, 0.775, 0.763, 0.752, 0.74, 0.729, 0.718]","[6.424, 12.243, 18.023, 23.765, 29.471, 35.134, 40.768, 46.374, 51.956, 57.513, 63.046, 68.556, 74.048, 79.521, 84.971, 90.401, 95.819, 101.221, 106.608, 111.976, 117.327, 122.659, 127.975, 133.267, 138.534, 143.789, 149.01, 154.19, 159.342, 164.461, 169.488, 174.44]","[1.0, 0.999, 0.998, 0.997, 0.997, 0.996, 0.995, 0.994, 0.993, 0.992, 0.991, 0.99, 0.99, 0.989, 0.988, 0.987, 0.986, 0.985, 0.984, 0.984, 0.983, 0.982, 0.981, 0.98, 0.979, 0.978, 0.977, 0.977, 0.976, 0.975, 0.974, 0.973]","[0.0, 0.0, 0.0, 0.0, 0.0, 0.0, 0.0, 0.0, 0.0, 0.0, 0.0, 0.0, 0.0, 0.0, 0.0, 0.0, 0.0, 0.0, 0.0, 0.0, 0.0, 0.0, 0.0, 0.001, 0.001, 0.001, 0.001, 0.001, 0.001, 0.002, 0.002, 0.002]"
9,2654208,1098.692,1000.000,0.000,1000,1000,5866.830,109.846,5586.229,6161.852,1151.409,1000.000,0.000,1000.000,1000.000,5950.031,99.574,5650.658,6217.415,24.070,0.000,421.249,0.000,0.000,0.202,1.008,0.000,1.263,0.000,0.000,0.627,0.626,188.841,34.334,26.275,598.744,10.612,"[5.072, 5.067, 5.064, 5.061, 5.058, 5.054, 5.051, 5.047, 5.044, 5.04, 5.035, 5.031, 5.026, 5.021, 5.015, 5.009, 5.003, 4.996, 4.989, 4.982, 4.975, 4.967, 4.959, 4.951, 4.943, 4.935, 4.926, 4.917, 4.908, 4.899, 4.89, 4.881]","[0.993, 0.985, 0.979, 0.973, 0.968, 0.962, 0.957, 0.951, 0.945, 0.938, 0.932, 0.924, 0.917, 0.909, 0.9, 0.891, 0.882, 0.872, 0.862, 0.852, 0.841, 0.83, 0.819, 0.808, 0.797, 0.786, 0.774, 0.763, 0.751, 0.74, 0.729, 0.718]","[6.547, 12.486, 18.377, 24.219, 30.022, 35.792, 41.533, 47.244, 52.926, 58.591, 64.237, 69.858, 75.453, 81.029, 86.587, 92.125, 97.646, 103.149, 108.631, 114.093, 119.544, 124.974, 130.391, 135.779, 141.145, 146.463, 151.756, 157.03, 162.267, 167.423, 172.506, 177.562]","[1.0, 0.999, 0.998, 0.997, 0.997, 0.996, 0.995, 0.994, 0.993, 0.992, 0.991, 0.99, 0.99, 0.989, 0.988, 0.987, 0.986, 0.985, 0.984, 0.984, 0.983, 0.982, 0.981, 0.98, 0.979, 0.978, 0.977, 0.977, 0.976, 0.975, 0.974, 0.973]","[0.0, 0.0, 0.0, 0.0, 0.0, 0.0, 0.0, 0.0, 0.0, 0.0, 0.0, 0.0, 0.0, 0.0, 0.0, 0.0, 0.001, 0.001, 0.001, 0.001, 0.001, 0.001, 0.001, 0.001, 0.001, 0.001, 0.001, 0.002, 0.002, 0.002, 0.002, 0.003]"
9,2801664,1097.046,1000.000,0.000,1000,1000,5951.801,123.504,5548.030,6254.276,1152.098,1000.000,0.000,1000.000,1000.000,6039.682,113.273,5695.757,6277.936,23.956,0.000,416.749,0.000,0.000,0.197,0.986,0.000,1.250,0.000,0.000,0.492,0.491,191.658,34.283,25.643,607.642,10.523,"[5.071, 5.068, 5.064, 5.061, 5.058, 5.055, 5.052, 5.049, 5.045, 5.041, 5.037, 5.033, 5.028, 5.023, 5.018, 5.012, 5.006, 5.0, 4.993, 4.986, 4.979, 4.972, 4.964, 4.956, 4.948, 4.94, 4.932, 4.923, 4.914, 4.905, 4.896, 4.887]","[0.993, 0.986, 0.979, 0.974, 0.969, 0.964, 0.958, 0.953, 0.947, 0.941, 0.935, 0.928, 0.92, 0.912, 0.904, 0.895, 0.886, 0.877, 0.867, 0.857, 0.847, 0.836, 0.825, 0.814, 0.803, 0.792, 0.781, 0.769, 0.758, 0.747, 0.736, 0.724]","[6.63, 12.636, 18.592, 24.514, 30.397, 36.253, 42.079, 47.877, 53.654, 59.41, 65.146, 70.851, 76.54, 82.205, 87.852, 93.48, 99.089, 104.685, 110.269, 115.832, 121.38, 126.911, 132.43, 137.932, 143.411, 148.876, 154.298, 159.705, 165.071, 170.37, 175.603, 180.795]","[1.0, 0.999, 0.998, 0.997, 0.997, 0.996, 0.995, 0.994, 0.993, 0.992, 0.991, 0.99, 0.99, 0.989, 0.988, 0.987, 0.986, 0.985, 0.984, 0.984, 0.983, 0.982, 0.981, 0.98, 0.979, 0.978, 0.977, 0.977, 0.976, 0.975, 0.974, 0.973]","[0.0, 0.0, 0.0, 0.0, 0.0, 0.0, 0.0, 0.0, 0.0, 0.0, 0.0, 0.0, 0.0, 0.0, 0.0, 0.0, 0.0, 0.0, 0.0, 0.0, 0.001, 0.0, 0.001, 0.001, 0.001, 0.001, 0.001, 0.001, 0.001, 0.002, 0.002, 0.002]"
9,2949120,1099.231,1000.000,0.000,1000,1000,6044.550,125.494,5625.524,6405.463,1152.342,1000.000,0.000,1000.000,1000.000,6129.433,110.695,5834.040,6370.735,23.138,0.000,412.249,0.000,0.000,0.198,0.990,0.000,1.237,0.000,0.000,0.328,0.327,193.725,34.351,24.081,615.614,10.448,"[5.071, 5.067, 5.064, 5.061, 5.058, 5.055, 5.052, 5.048, 5.045, 5.041, 5.037, 5.033, 5.028, 5.023, 5.018, 5.012, 5.006, 5.0, 4.993, 4.986, 4.979, 4.972, 4.964, 4.956, 4.948, 4.94, 4.931, 4.923, 4.914, 4.905, 4.896, 4.887]","[0.992, 0.985, 0.979, 0.973, 0.968, 0.963, 0.958, 0.953, 0.947, 0.941, 0.934, 0.928, 0.92, 0.913, 0.904, 0.896, 0.887, 0.877, 0.867, 0.857, 0.847, 0.836, 0.826, 0.815, 0.804, 0.793, 0.781, 0.77, 0.759, 0.748, 0.736, 0.725]","[6.68, 12.727, 18.743, 24.707, 30.623, 36.492, 42.324, 48.128, 53.9, 59.642, 65.359, 71.053, 76.724, 82.364, 87.988, 93.592, 99.175, 104.743, 110.291, 115.817, 121.327, 126.817, 132.277, 137.718, 143.143, 148.534, 153.895, 159.208, 164.492, 169.732, 174.922, 180.028]","[1.0, 0.998, 0.997, 0.995, 0.993, 0.991, 0.99, 0.988, 0.986, 0.984, 0.983, 0.981, 0.979, 0.977, 0.976, 0.974, 0.972, 0.97, 0.969, 0.967, 0.965, 0.964, 0.962, 0.96, 0.958, 0.957, 0.955, 0.953, 0.951, 0.95, 0.948, 0.946]","[0.0, 0.0, 0.0, 0.0, 0.0, 0.0, 0.0, 0.0, 0.0, 0.0, 0.0, 0.0, 0.0, 0.0, 0.0, 0.0, 0.0, 0.0, 0.0, 0.001, 0.0, 0.001, 0.001, 0.001, 0.001, 0.001, 0.001, 0.001, 0.001, 0.001, 0.002, 0.002]"
